회사명,거래소코드,회계년도,상장일,상장폐지일,소속코드,산업명,[제조]총자본증가율,[제조]유형자산증가율,[제조]매출액증가율,[제조]비유동자산증가율,[제조]유동자산증가율,[제조]자기자본증가율,[제조]순이익증가율,[제조]재고자산증가율,[제조]매출액총이익률,[제조]매출액순이익률,[제조]총자본사업이익률,[제조]총자본순이익률,[제조]자기자본순이익률,[제조]1주당순이익,[제조]1주당매출액,[제조]총자본회전률,[제조]자기자본회전률,[제조]비유동자산회전률,[제조]재고자산회전률,[제조]매출채권회전률,[제조]매입채무회전률,[제조]매입채무회전기간,[제조]재고자산회전기간,[제조]매출채권회전기간,[제조]1회전기간,[제조]운전자본회전률,[제조]순운전자본회전률,[제조]유형자산회전율,[제조]유동자산회전률,[제조]당좌자산회전률,[제조]유동비율,[제조]당좌비율,[제조]현금비율,[제조]순운전자본비율,[제조]부채비율,[제조]자기자본배율,[제조]이자보상배율(이자비용),[제조]비유동비율,[제조]유동자산구성비율,[제조]자기자본구성비율,[제조]부가가치,[제조]총자본투자효율,[제조]설비투자효율,[제조]기계투자효율,[제조]부가가치율,[제조]노동소득분배율,[제조]자본분배율,[제조]이윤분배율,label
(주)금빛,45890,11-Dec,2005-11-28,2021-12-20,4,    전구 및 조명장치 제조업,-28.11,-3.53,-24.64,-4,-42.51,-25.96,0,-57.36,-11.19,-58.01,-21.38,-24.95,-59.57,-1366,2205.57,0.43,1.07,1.01,1.51,2.4,3.79,96.41,241.22,151.89,0,7.67,0.42,1.26,0.75,1.49,104.65,62.18,10.5,2.22,148.74,357.95,-7.72,124.22,50.06,40.2,-20171.84,-18.45,-46.14,-697.68,-35.89,0,0,0,0
(주)금빛,45890,12-Dec,2005-11-28,2021-12-20,4,    전구 및 조명장치 제조업,-10.15,-1.04,27.92,3.85,-24.12,-10.1,0,-15.85,27.73,-8.84,-3.81,-6.12,-14.7,-272,2821.38,0.69,1.69,1.29,3.52,5.12,7.74,47.16,103.81,71.23,0.01,1.11,0.73,1.65,1.49,2.6,83.68,46.03,10.22,-8.24,139.1,321.8,-1.49,138.02,42.28,41.82,7320.9,7.45,16.92,233.27,10.18,137.85,-37.85,-86.79,0
(주)금빛,45890,13-Dec,2005-11-28,2021-12-20,4,    전구 및 조명장치 제조업,5.84,-2.39,22.98,7.46,3.64,5.71,0,-14.98,28.99,3.27,5.48,2.86,6.85,116,3469.69,0.87,2.09,1.5,5.11,6.68,10.85,33.64,71.37,54.61,0.01,1.06,0.92,2.07,2.09,3.54,73.49,46.36,11.65,-14.93,139.4,340.18,1.83,140.3,41.4,41.77,22703.29,21.84,53.79,887.9,25.68,61.47,38.53,12.74,0
(주)금빛,45890,14-Dec,2005-11-28,2021-12-20,4,    전구 및 조명장치 제조업,5.01,0.15,-6.51,3.77,6.78,4.33,-43.56,27.64,30.81,1.97,5.48,1.53,3.68,65,3243.93,0.78,1.86,1.33,4.57,4.84,7.52,48.55,79.85,75.45,0.01,0.53,0.79,1.96,1.86,3.13,74.14,41.42,1.79,-14.68,141.45,354.91,2.26,139.82,42.09,41.42,23218.34,21.27,54.96,790.82,28.09,66.07,33.93,7.02,0
(주)금빛,45890,15-Dec,2005-11-28,2021-12-20,4,    전구 및 조명장치 제조업,1.56,-0.2,2.58,-0.8,4.8,7.47,88.01,0.3,29.44,3.62,3.95,2.79,6.54,123,3327.49,0.77,1.81,1.35,4.17,4.48,7.25,50.32,87.43,81.45,0.01,0.71,0.8,2.01,1.8,3.17,87.38,50.47,1.67,-6.28,128.17,381.42,1.82,129.07,43.43,43.83,23668.16,21.35,56.24,832.41,27.91,63.79,36.21,12.95,0
(주)금빛,45890,16-Dec,2005-11-28,2021-12-20,4,    전구 및 조명장치 제조업,-0.15,-2.69,-10.77,4.94,-6.78,8.9,-13.73,-13.78,30.9,3.5,3.84,2.39,5.21,105,2933.13,0.68,1.49,1.18,3.99,4.35,9.24,39.5,91.37,83.94,0.01,0,0.78,1.82,1.63,2.74,100.63,61.32,6.06,0.25,109.21,407.58,1.83,124.37,40.55,47.8,22485.48,20.31,54.94,963.82,29.72,63.14,36.86,11.76,0
(주)금빛,45890,17-Dec,2005-11-28,2021-12-20,4,    전구 및 조명장치 제조업,-0.97,-2.67,-3.64,-14.92,19.48,-15.23,-304,16.97,25.85,-7.4,0.09,-4.9,-11.04,-211,2796.91,0.66,1.49,1.2,3.83,4.07,7.54,48.4,95.25,89.67,0.01,2.77,0.8,1.8,1.48,2.41,135.38,83.6,9.98,12.78,144.41,340.41,0.03,124.84,48.92,40.91,16634.17,15.17,41.76,755.92,22.82,84.22,15.78,-32.44,0
(주)금빛,45890,18-Dec,2005-11-28,2021-12-20,4,    전구 및 조명장치 제조업,-6.41,37.83,-27.08,3.67,-16.92,11.08,0,-22.62,5.24,-12.5,-15.6,-6.26,-14.04,-256,1999.62,0.5,1.12,0.93,2.92,3.37,5.33,68.47,124.9,108.18,0.01,1.04,0.6,1.12,1.08,1.72,112.13,72.19,10.5,4.7,105.94,374.84,-8.83,116.5,43.43,48.56,10254.87,9.99,18.7,595.25,19.29,139.63,-39.63,-64.8,0
(주)금빛,45890,19-Dec,2005-11-28,2021-12-20,4,    전구 및 조명장치 제조업,0.23,2.58,10.33,12.85,-16.21,-37.73,0,-23.16,15.07,-62.78,-15.3,-35.84,-91.08,-1163,2033.25,0.57,1.45,0.95,4.18,6.21,9.38,38.91,87.34,58.78,0.01,0.99,0.62,1.05,1.43,2.18,55.42,37.32,6.13,-29.2,231.46,162.26,-4.07,211.13,36.3,30.17,-15590.79,-15.16,-27.96,-1381.64,-26.58,0,0,0,0
(주)금빛,45890,20-Dec,2005-11-28,2021-12-20,4,    전구 및 조명장치 제조업,19.45,8.74,-30.22,19.44,19.47,62.3,0,-51.27,6.56,-43.47,-16.68,-15.77,-43.72,-336,846.52,0.36,1.01,0.57,4.51,6.45,6.09,59.91,80.88,56.56,0.01,0.21,0.38,0.69,1,1.28,68.34,59.24,4.68,-16.82,143.95,134.17,-4.86,155.38,36.31,40.99,272.56,0.22,0.45,11.12,0.67,4117.38,-4017.38,-6527.69,1
(주)맥스로텍,141070,12-Dec,2012-11-16,2021-09-16,4,    특수 목적용 기계 제조업,18.62,19.35,-10.87,20.58,16.01,53.45,-45.73,212.86,18.81,7.69,7.09,4.9,13.93,651,8445.57,0.64,1.81,1.1,60.78,1.77,4.84,75.47,6.01,206.26,0.01,0.02,0.8,1.25,1.51,1.55,127.51,123.04,9.93,9.02,154.58,958.81,3.05,148.11,41.82,39.28,12431.33,17.82,41.99,60.13,30.36,35.86,64.14,25.34,0
(주)맥스로텍,141070,13-Dec,2012-11-16,2021-09-16,4,    특수 목적용 기계 제조업,-7.48,-0.38,-44.91,5.54,-25.58,-15.62,0,-27.26,11.93,-13.8,-1.11,-4.64,-12.32,-545,3947.89,0.34,0.89,0.54,25.58,1.03,4.41,82.84,14.27,355.65,0,0.05,0.46,0.63,0.89,0.92,89.79,86.72,3.96,-3.82,179.16,809.01,-0.6,185.25,33.64,35.82,3431.44,5.32,10.99,19.17,15.21,144.93,-44.93,-90.7,0
(주)맥스로텍,141070,14-Dec,2012-11-16,2021-09-16,4,    특수 목적용 기계 제조업,14.76,11.7,64.22,8.55,27.01,4.54,0,-26.47,18.57,0.59,4.68,0.31,0.92,40,6483.06,0.53,1.57,0.83,57.49,1.76,5.24,69.66,6.35,206.9,0.01,0.02,0.65,0.98,1.5,1.54,67.7,66.36,5.78,-17.76,206.45,845.76,2.42,192.36,37.23,32.63,8000.76,10.8,26.11,45.57,21.6,59.87,40.13,2.71,0
(주)맥스로텍,141070,15-Dec,2012-11-16,2021-09-16,4,    특수 목적용 기계 제조업,16.79,37.07,-4.4,31.29,-7.66,10.88,0,98.5,-2.25,-16.7,-6.96,-7.37,-23.22,-517,3070.65,0.44,1.39,0.66,43.45,1.63,3.35,109.11,8.4,223.78,0.01,0.02,0.49,0.75,1.34,1.38,50.86,48.7,5.09,-28.43,222.78,404.11,-3.17,227.77,29.43,30.98,3962.26,4.58,7.42,11.97,11.19,148.6,-48.6,-149.31,0
(주)맥스로텍,141070,16-Dec,2012-11-16,2021-09-16,4,    특수 목적용 기계 제조업,-8.23,0.69,13.2,-4.76,-16.57,28.19,0,93.52,2.12,-21.86,-4.21,-10.57,-28.67,-566,2543.88,0.48,1.31,0.67,25.2,2.34,3.73,97.81,14.48,155.68,0.01,0.04,0.6,0.73,1.72,1.84,56.17,50.62,9.25,-20.88,131.05,271.17,-2.14,169.22,26.76,43.28,6941.38,8.75,13.88,22.71,17.31,97.78,2.22,-126.26,0
(주)맥스로텍,141070,17-Dec,2012-11-16,2021-09-16,4,    특수 목적용 기계 제조업,5.34,-15.64,-3.59,-14.62,59.96,-1.88,0,-45.05,12.93,-5.87,1.64,-2.78,-6.67,-98,1518.16,0.47,1.14,0.72,23.78,4.08,3.18,114.93,15.35,89.47,0,0.04,0.62,0.77,1.4,1.49,106.19,102.59,19.82,2.37,148.05,261.14,0.62,147.25,40.64,40.31,10493.18,12.55,24.23,34.91,27.15,55.46,44.54,-21.62,0
(주)맥스로텍,141070,18-Dec,2012-11-16,2021-09-16,4,    특수 목적용 기계 제조업,7.73,6.34,54.14,6.15,10.03,4.4,0,2.01,11.14,3.27,4.35,2.25,5.66,74,2271.82,0.69,1.73,1.16,51.17,9.12,3.2,114.16,7.13,40.03,0,0.02,0.8,1.25,1.67,1.73,81.41,78.85,11.42,-9.48,155.97,268.35,1.51,149.72,41.51,39.07,16570.69,18.4,37.81,56.82,27.81,40.93,59.07,11.77,0
(주)맥스로텍,141070,19-Dec,2012-11-16,2021-09-16,4,    특수 목적용 기계 제조업,-16.1,-7.88,-37.36,-5.08,-31.62,-19.96,0,23.73,-14.96,-27.04,-10.26,-12.18,-31.86,-404,1423.03,0.45,1.18,0.73,28.37,4.25,2.16,169.09,12.87,85.96,0,0.03,0.53,0.79,1.19,1.24,81.29,76.66,7.22,-7.78,168.32,193.84,-4.24,177.56,33.83,37.27,4970.25,6.58,11,16.19,13.32,136.18,-36.18,-203.01,0
(주)맥스로텍,141070,20-Dec,2012-11-16,2021-09-16,4,    특수 목적용 기계 제조업,-30.98,-27.69,-47.45,-13.15,-65.87,-52.7,0,-20.24,-65.15,-128.15,-28.41,-39.36,-121.17,-785,612.03,0.31,0.95,0.42,15,3.42,2.2,165.91,24.34,106.8,0,0.06,0.44,0.5,1.14,1.24,36.11,31.31,2.77,-29.59,291.53,74.22,-20.5,326.04,16.73,25.54,-12462.66,-23.9,-38.07,-69.44,-63.55,0,0,0,1
(주)미래SCI,28040,11-Dec,1996-07-27,2021-04-13,4,    일반 목적용 기계 제조업,10.9,15.26,-14.01,-15.62,-2.2,-8.2,0,0,2.14,-20.5,-6.95,-10.18,-26.11,-835,3717.85,0.5,1.27,0.65,3.78,6.02,15.93,22.92,96.55,60.66,0.01,0,0.64,0.67,2.13,4.88,42.58,18.58,1.61,-31.44,156.43,583.78,-2.31,196.65,23.31,39,4018.59,6.78,10.86,47.08,13.65,167.3,-67.3,-150.16,0
(주)미래SCI,28040,12-Dec,1996-07-27,2021-04-13,4,    일반 목적용 기계 제조업,-22.61,-14.46,-28.5,-14.17,-50.37,-69.77,0,0,-14.79,-75.15,-14.84,-34.49,-226.43,-2015,2658.29,0.46,3.01,0.54,4.48,12.92,23.73,15.38,81.48,28.26,0.01,0,0.57,0.56,3.07,9.75,22.92,7.22,0.13,-50.26,556.59,176.46,-3.69,558.43,14.95,15.23,-6811.63,-14.85,-18.13,-93.3,-32.37,0,0,0,0
(주)미래SCI,28040,13-Dec,1996-07-27,2021-04-13,4,    일반 목적용 기계 제조업,-1.02,-0.88,-46.48,0.15,-7.69,112.73,0,-6.39,-23.34,-48.58,-11.81,-11.99,-50.1,-618,1143.09,0.25,1.03,0.29,2.48,7.59,14.76,24.73,147.38,48.09,0.01,0,0.33,0.3,1.71,5.51,25.64,7.82,0.12,-40.43,205.49,174.79,-3.28,262.9,13.94,32.73,1030.36,2.27,2.77,16.37,9.15,364.46,-264.46,-531.05,0
(주)미래SCI,28040,14-Dec,1996-07-27,2021-04-13,4,    일반 목적용 기계 제조업,-12.76,-13.65,-31.7,-12.39,-15.08,-24.36,0,-15.09,-30.49,-141.56,-11.65,-25.63,-83.46,-515,341.27,0.18,0.59,0.21,1.89,6.54,15.78,23.13,192.92,55.85,0,0,0.26,0.22,1.31,4.31,22.68,6.92,0.35,-46.26,252.35,60.1,-3.12,304.52,13.57,28.38,-5589.47,-14.12,-17.48,-116.26,-72.66,0,0,0,0
(주)미래SCI,28040,15-Dec,1996-07-27,2021-04-13,4,    일반 목적용 기계 제조업,10.73,-14.58,88.69,-14.7,172.65,6.51,0,-24.53,14.47,-29.61,1.24,-10.3,-37.04,-341,401.84,0.35,1.25,0.46,4.43,2.37,4.89,74.62,82.38,154.16,0.01,0.52,0.4,0.49,1.45,2.15,49.99,40.38,0,-33.44,266.3,152.57,0.37,243.88,33.42,27.3,1764.74,4.02,6.43,50.49,12.16,107.32,-7.32,-243.58,0
(주)미래SCI,28040,16-Dec,1996-07-27,2021-04-13,4,    일반 목적용 기계 제조업,3.59,-90.4,13.73,-73.43,157.04,36.88,0,-87.64,27.03,-44.17,4.72,-16.34,-51.43,-430,980.01,0.37,1.16,0.89,10.43,1.56,3.52,103.56,35,233.39,0.01,0.12,0.3,1.1,0.63,0.67,137.59,136.32,0.09,22.66,177.23,177.92,1.86,47.33,82.93,36.07,1549.92,3.41,58.81,42922.1,9.39,63.65,36.35,-470.45,0
(주)미래SCI,28040,17-Dec,1996-07-27,2021-04-13,4,    기타 비금속 광물제품 제조업,15.27,6.59,15.75,68.36,4.34,11.73,0,778.82,2.25,-34.88,-8.18,-13.63,-38.43,-354,1037.54,0.39,1.1,1.84,11.21,2.2,3.63,100.48,32.57,165.86,0.01,0.1,0.28,7.02,0.5,0.52,116.57,107.49,0.88,10.67,186.03,176.27,-2.2,71.33,75.06,34.96,-3147.67,-6.01,-112.05,-87168.88,-16.47,0,0,0,0
(주)미래SCI,28040,18-Dec,1996-07-27,2021-04-13,4,    기타 비금속 광물제품 제조업,26.36,7.69,201.4,3.4,33.99,28,0,-31.65,2.33,-37.06,-7.1,-36.02,-102.28,-791,1986.18,0.97,2.76,4.34,22.34,6.16,12.53,29.13,16.33,59.23,0.02,0.06,0.7,19.74,1.25,1.33,131.56,126.33,0.97,19.09,182.36,152.09,-1.59,57.62,79.59,35.42,-16422.6,-24.82,-551.53,-1364003.26,-28.51,0,0,0,0
(주)미래SCI,28040,19-Dec,1996-07-27,2021-04-13,4,    기타 비금속 광물제품 제조업,-17.77,-4.75,-74.31,41.26,-32.9,-27.8,0,-49.28,5.98,-139.33,-9.52,-34.2,-102.2,-582,424.42,0.25,0.73,0.91,9.38,2.59,12.11,30.14,38.9,141.14,0.01,0,0.18,5.01,0.34,0.35,100.57,97.55,0.97,0.37,221.59,75.22,-1.83,112.73,64.95,31.1,-15288.76,-28.1,-539.47,-1906329.02,-103.32,0,0,0,1
(주)아이엠텍,226350,16-Dec,2016-02-03,2021-06-11,4,    전자부품 제조업,18.53,52.63,-22.64,70.59,-15.34,11.82,0,-17.93,12.38,-20.88,1.11,-29.92,-45.61,-1020,4884.42,1.43,2.18,2.93,13.09,11.37,14.16,25.79,27.89,32.09,0.03,0.1,1.85,3.91,2.8,3.56,191.84,151.51,72.34,20.71,56.65,462.4,2.84,88.87,43.27,63.84,-6188.26,-10.08,-28.2,-37.87,-7.63,0,0,0,0
(주)아이엠텍,226350,17-Dec,2016-02-03,2021-06-11,4,    전자부품 제조업,-22.47,-45.48,-14.9,-34.21,7.08,-42.32,0,0,5.37,-30.38,-13.69,-44.04,-92.73,-1216,3618.92,1.45,3.05,3.01,9.19,9.17,7.14,51.09,39.7,39.82,0.04,0.09,1.61,5.05,2.8,4.02,136.07,94.71,5.61,13.75,110.56,237.14,-28.34,101.37,51.86,47.49,-6019.92,-12.65,-49.19,-79.84,-8.72,0,0,0,0
(주)아이엠텍,226350,18-Dec,2016-02-03,2021-06-11,4,    전자부품 제조업,-30.51,-25.92,-82.96,-32.28,-28.87,-90.25,0,-89.78,29.93,-229.61,-11.58,-66.92,-204.95,-1327,577.85,0.29,1.01,0.61,2.84,2.99,2.15,169.92,128.39,122.09,0.01,0.27,0.29,0.99,0.56,0.69,84.2,80.53,25.46,-9.96,4345.68,20.75,-6.35,2085.82,53.08,2.25,6328.81,19.13,62.53,96.9,53.82,184.96,-84.96,-426.6,0
(주)아이엠텍,226350,19-Dec,2016-02-03,2021-06-11,4,    전자부품 제조업,64.07,122.97,17.75,138.53,-1.75,685.1,0,87.5,44.64,-9.06,-6.07,-2.87,-28.32,0,300.64,0.32,1.53,0.53,12.56,10.84,18.76,19.46,29.07,33.67,0.02,0.22,0.32,0.85,0.8,0.85,54.63,50.08,1.12,-26.4,213.55,91.11,-0.84,213.88,31.79,31.89,6309.22,11.62,42.59,65.48,45.57,117.15,-17.15,-19.87,0
(주)아이엠텍,226350,20-Dec,2016-02-03,2021-06-11,4,    전자부품 제조업,-46.86,-59.16,11.67,-70.82,5.06,-161.09,0,-21.58,37.8,-214.83,-7.61,-82.11,0,-772,355.97,0.38,0,0.66,12.05,9.58,176.99,2.06,30.29,38.09,0.02,0,0.3,0.98,0.9,0.98,47.37,44.32,4.76,-69.35,0,0,-1.44,0,62.42,0,-22081.44,-78.65,-240.73,-518.85,-142.83,0,0,0,1
(주)에스제이케이,80440,11-Dec,2005-05-13,2021-09-13,4,    특수 목적용 기계 제조업,7.41,7.75,56.09,9.17,4.38,-4.23,0,0,10.65,-4.82,-0.77,-3.64,-8.29,0,7386.33,0.75,1.5,1.17,7.22,6.14,12.13,30.08,50.54,59.41,0.01,0.81,0.96,2.55,2.11,2.98,83.61,59.16,3.76,-7.01,98.7,951.5,-0.47,127.68,35.74,50.33,11598.26,9.38,31.73,2376.26,12.43,93.67,6.33,-38.78,0
(주)에스제이케이,80440,12-Dec,2005-05-13,2021-09-13,4,    자동차 신품 부품 제조업,-4.1,0.06,-18.16,-0.05,-11.39,-15.98,0,0,6.29,-19.98,-6.47,-12.87,-28.47,0,5322.11,0.64,1.46,0.96,5.25,7.36,11.04,33.05,69.51,49.56,0.01,0.64,0.78,2.09,1.95,3.1,66.57,41.84,5.69,-16.59,126.77,627.44,-2.73,151.88,33.03,44.1,2344.04,1.98,6.41,274.34,3.07,480.24,-380.24,-651.11,0
(주)에스제이케이,80440,13-Dec,2005-05-13,2021-09-13,4,    자동차 신품 부품 제조업,-19.62,-24.48,1.12,-18.02,-22.87,-43.71,0,-18.89,4.06,-27.91,-8.11,-20.15,-52.34,-1317,4757.15,0.72,1.89,1.07,5.86,7.65,8.47,43.1,62.25,47.7,0.01,0.2,0.83,2.41,2.23,3.59,53.03,32.32,1.32,-28.07,225.74,353.18,-3.51,222.5,31.69,30.7,-6136.67,-6.44,-22.21,-781.54,-7.95,0,0,0,0
(주)에스제이케이,80440,14-Dec,2005-05-13,2021-09-13,4,    자동차 신품 부품 제조업,-17.17,-7.9,-28.45,-17.1,-17.33,-54.25,0,-21.29,3.98,-32.3,-8.96,-20.49,-78.09,-977,3311.02,0.63,2.67,0.93,5.24,6.73,4.26,85.62,69.62,54.2,0.03,0.13,0.65,2.08,2,3.24,43.14,27.1,1.47,-41.68,547.61,154.65,-3.45,442.76,31.63,15.44,-5380.88,-6.82,-21.15,-1018.28,-9.74,0,0,0,0
(주)에스제이케이,80440,15-Dec,2005-05-13,2021-09-13,4,    자동차 신품 부품 제조업,-17.29,-12.7,-23.89,-8.97,-35.29,22.3,0,-46.9,6.05,-9.35,-8.08,-5.45,-15.8,-127,2315.52,0.58,3.29,0.82,5.92,6.96,4.06,89.83,61.69,52.46,0.04,0.11,0.58,1.77,2.05,3.13,35.85,24.91,2.24,-44.29,387.23,148.73,-2.83,366.64,24.75,20.52,6188.7,9.48,27.87,2020.73,14.71,100.67,-0.67,-63.53,0
(주)에스제이케이,80440,16-Dec,2005-05-13,2021-09-13,4,    자동차 신품 부품 제조업,-26.35,-7.97,-69.31,-15.45,-59.5,-6.75,0,-67.19,8.54,-65.7,-10.63,-14.96,-47.39,-303,462.51,0.23,0.91,0.28,3.94,3.88,3.2,114.12,92.59,94.14,0.01,0.22,0.27,0.61,1.14,1.6,24.15,18.18,3.95,-42.75,222.21,101.59,-4.5,278.36,13.61,31.04,-929.69,-1.93,-4.55,-827.4,-7.2,0,0,0,0
(주)에스제이케이,80440,17-Dec,2005-05-13,2021-09-13,4,    자동차 신품 부품 제조업,-5.33,-0.46,-32.05,3.16,-59.22,-10.92,0,-46.39,18.85,-85.26,-10.37,-15.98,-52.88,-240,288.61,0.19,0.62,0.21,7.06,8.67,5.86,62.3,51.72,42.12,0.03,0.1,0.27,0.43,1.9,2.61,9.36,6.32,0.48,-56.78,242.54,78.29,-4.81,322.45,5.86,29.19,-2766.54,-6.08,-13.6,-2779.77,-31.54,0,0,0,0
(주)에스제이케이,80440,18-Dec,2005-05-13,2021-09-13,4,    자동차 신품 부품 제조업,30.97,8.43,-28.42,13.42,312.76,-1.97,0,45.37,3.02,-173.19,-15.38,-20.68,-82.41,0,174.76,0.12,0.48,0.14,5.9,6.07,4.58,79.62,61.87,60.09,0.02,0.14,0.15,0.3,0.92,1.09,27.42,24.28,1.63,-48.91,356.42,341.84,-3.62,372.08,18.48,21.91,-5260.57,-8.82,-23.85,-1512.93,-83.79,0,0,0,0
(주)에스제이케이,80440,19-Dec,2005-05-13,2021-09-13,4,    자동차 부품 및 내장품 판매업,-7.18,7.85,-34.3,1.28,-44.46,1.66,0,-30.15,-0.63,-264.81,-9.41,-19,-82.93,-1087,445.12,0.07,0.31,0.08,3.85,4.09,2.03,180.12,94.77,89.21,0.26,0.17,0.09,0.18,0.48,0.55,17.48,14.97,0.8,-52.18,316.75,199.31,-1.58,370.67,11.06,24,2013.97,3.64,8.46,6763.26,48.83,126.41,-26.41,-542.37,1
(주)에이치디,102210,11-Dec,2009-05-21,2021-04-19,4,    선박 및 보트 건조업,9.89,9.88,-3,15.82,7.24,5.6,-21.34,39.63,20.72,15.07,8.75,6.32,9.75,896,5869.82,0.42,0.65,1.32,6.94,5.48,4.22,86.51,52.57,66.6,0.03,0.12,0.43,1.91,0.61,0.67,220.08,198.14,37.44,36.78,57.4,1863.48,9.94,51.31,67.4,63.53,15179.15,10.41,54.74,252.5,26.01,33.72,66.28,57.95,0
(주)에이치디,102210,12-Dec,2009-05-21,2021-04-19,4,    선박 및 보트 건조업,3.33,7.8,3.22,9.77,0.21,6.81,-4.62,-19.63,19.72,13.93,8.21,5.66,8.76,861,6058.79,0.41,0.63,1.21,6.82,4.66,4.8,76.03,53.53,78.34,0.02,0.15,0.43,1.82,0.61,0.67,244.16,224.64,37.62,38.6,52.27,1990.34,7.47,52.73,65.37,65.67,14322.02,9.51,53.24,268.23,23.77,35.6,64.4,58.58,0
(주)에이치디,102210,13-Dec,2009-05-21,2021-04-19,4,    선박 및 보트 건조업,30.34,-2.7,-16.5,23.96,33.71,8.29,-45.37,-9.57,22.24,9.11,4.56,2.64,4.45,473,5059.14,0.29,0.49,0.86,6.71,4.79,4.91,74.4,54.4,76.14,0.02,0.15,0.31,1.48,0.44,0.47,242.8,229.68,28.27,39.44,83.26,2155.33,2.06,60.36,67.06,54.57,9528.61,4.85,36.73,203.24,18.94,48.91,51.09,48.1,0
(주)에이치디,102210,14-Dec,2009-05-21,2021-04-19,4,    선박 및 보트 건조업,9.3,0.8,23.78,10.56,8.69,-0.66,-16.24,106.5,18.71,6.17,6.56,1.87,3.59,394,6262.12,0.3,0.58,0.91,5.71,6.82,5.52,66.13,63.96,53.56,0.02,0.14,0.29,1.85,0.45,0.49,140.79,126.33,21.55,19.32,101.64,2141.2,3.55,67.18,66.68,49.59,10432.26,4.86,31.98,238.75,16.75,49.91,50.09,36.8,0
(주)에이치디,102210,15-Dec,2009-05-21,2021-04-19,4,    선박 및 보트 건조업,14.12,91.14,95.18,26.84,7.77,13.6,0,0,19.06,7.92,7.12,3.93,6.77,787,11945.44,0.5,1,1.34,3.33,5.75,8.72,41.85,109.74,63.52,0.01,2.84,0.47,1.88,0.79,1.03,151.05,115.27,17,21.28,102.56,2260.03,5.41,75,62.97,49.37,30122.61,12.3,48,461.42,24.79,55.31,44.69,31.95,0
(주)에이치디,102210,16-Dec,2009-05-21,2021-04-19,4,    선박 및 보트 건조업,-4.64,1.06,-14.93,0.64,-7.74,0.75,-77.88,-59.7,14.16,2.21,3.9,0.96,1.49,173,10162.31,0.43,0.85,1.14,4.03,6.98,10.41,35.05,90.49,52.29,0.01,1.66,0.42,1.59,0.7,0.84,157.51,141.21,12.8,22.24,91.02,2276.95,2.92,74.64,60.92,52.35,20762.19,8.89,33.93,371.05,20.08,73.02,26.98,11.02,0
(주)에이치디,102210,17-Dec,2009-05-21,2021-04-19,4,    선박 및 보트 건조업,-4.12,-2.76,-59.69,-11.37,0.53,-2.3,-203.28,-43.79,8.05,-4.82,0.59,-0.88,-1.55,-178,4096.76,0.18,0.34,0.48,3.62,6.71,8.22,44.42,100.71,54.36,0.01,0.47,0.18,0.65,0.29,0.32,153.03,144.18,12.62,22.14,87.52,2224.59,-0.67,67.74,63.88,53.33,7939.08,3.54,12.55,93.91,19.05,116.28,-16.28,-25.28,0
(주)에이치디,102210,18-Dec,2009-05-21,2021-04-19,4,    선박 및 보트 건조업,-3.28,-2.31,-9.86,0.08,-5.18,10.69,0,58.89,2.76,-20.34,-2.2,-3.47,-6.3,-119,2548.87,0.17,0.31,0.46,3.51,13.52,8.21,44.48,104.08,27,0.01,0.11,0.17,0.6,0.27,0.29,168.67,152.32,25.65,25.5,72.93,1699.64,-3.09,64.64,62.62,57.83,3510.83,1.62,5.67,45.32,9.35,268.37,-168.37,-217.67,0
(주)에이치디,102210,19-Dec,2009-05-21,2021-04-19,4,    선박 및 보트 건조업,-32.22,-29.8,0.56,-31.54,-32.62,-10.76,0,-32.27,7.22,-35.51,-0.28,-7.38,-11.32,-188,512.62,0.21,0.32,0.55,3.43,24.22,8.29,44.05,106.55,15.07,0.01,0.05,0.22,0.72,0.33,0.37,262.85,237.24,7.94,38.57,31.35,1516.76,-2.69,49.58,62.25,76.13,899.49,0.61,2.07,14.49,2.38,619.28,-519.28,-1491.52,0
(주)에이치디,102210,20-Dec,2009-05-21,2021-04-19,4,    선박 및 보트 건조업,-12.87,-15.06,-8.7,-20.37,-8.32,-16.06,0,-0.77,7.64,-52.11,-0.24,-13.08,-17.48,-252,468.03,0.25,0.34,0.69,3.89,24.14,10.19,35.82,93.89,15.12,0.01,0.06,0.28,0.86,0.39,0.44,250.2,223.81,5.21,39.32,36.35,1273.1,-3.65,47.04,65.5,73.34,-9415,-7.36,-25.48,-212.64,-27.3,0,0,0,1
(주)에이팸,73070,11-Dec,2004-01-28,2021-06-04,4,    자동차 신품 부품 제조업,5.42,4.35,-2.94,-23.26,-13.93,18.05,0,0,7.01,2.18,4.83,3.15,4.66,127,5822.81,1.44,2.14,2.58,5.31,15.63,9.63,37.9,68.68,23.35,0.02,0.09,2.03,4.46,3.28,8.54,163.94,62.87,11.51,17.18,48.2,544.59,14.6,82.92,44.04,67.48,18213.91,31.13,96.75,399.76,21.57,78.64,21.36,10.11,0
(주)에이팸,73070,12-Dec,2004-01-28,2021-06-04,4,    자동차 신품 부품 제조업,-12.28,3.12,-20.99,-3.92,1.67,-1.41,0,0,6.9,6.51,2.46,8.46,11.15,299,4600.48,1.3,1.71,2.66,7.16,10.86,14.05,25.97,50.98,33.61,0.02,0.25,1.83,3.42,2.55,3.95,255.8,164.84,19.44,31.09,31.85,536.92,7.38,64.54,51.05,75.84,21160.45,41.23,109.58,475.4,31.72,67.59,32.41,20.52,0
(주)에이팸,73070,13-Dec,2004-01-28,2021-06-04,4,    자동차 신품 부품 제조업,2.98,-3.54,-11.39,-3.92,9.59,3.09,-53.16,15.82,9.99,3.44,4.1,3.9,5.14,140,4076.27,1.13,1.5,2.4,5.88,8.06,10.45,34.92,62.09,45.26,0.01,0.29,1.56,3.08,2.15,3.4,265.16,165.51,19.55,33.84,31.71,553.5,22.54,60.15,54.33,75.93,16614.86,31.44,89.98,425.02,28.11,77.02,22.98,12.24,0
(주)에이팸,73070,14-Dec,2004-01-28,2021-06-04,4,    자동차 신품 부품 제조업,17.63,-0.44,21.84,-16.79,46.57,6.63,204.2,57.52,11.98,8.59,6.45,10.76,14.92,427,4966.51,1.25,1.74,3.26,5.18,5.84,8.43,43.31,70.42,62.55,0.01,0.39,1.44,3.83,2.03,3.35,231.06,137.74,31.94,38.4,45.3,590.17,61.42,46.94,67.7,68.82,23599.57,37.96,129.34,577.88,32.77,62.13,37.87,26.21,0
(주)에이팸,73070,15-Dec,2004-01-28,2021-06-04,4,    자동차 신품 부품 제조업,-2.55,-4.42,29.68,-1.01,-3.28,5.7,-42.1,-21.25,12.07,3.84,7.62,5.84,8.14,247,6440.74,1.52,2.12,4.67,6.15,5.76,9.52,38.34,59.37,63.42,0.01,0.42,1.62,5.09,2.26,3.56,281.97,189.24,38.38,43.36,33.96,623.82,118.88,43.96,67.19,74.65,24489.59,40.42,136.74,618.54,26.22,74.4,25.6,14.63,0
(주)에이팸,73070,16-Dec,2004-01-28,2021-06-04,4,    자동차 신품 부품 제조업,11.05,-7.32,-12.53,-4.6,18.7,7.67,47.31,-18.47,14.87,6.46,8.37,8.25,11.24,364,5633.53,1.28,1.74,4.21,6.72,5.01,9.11,40.07,54.29,72.84,0.01,0.38,1.35,4.73,1.84,2.52,275.34,213.15,52.24,45.73,38.17,671.64,1292.27,38.95,71.81,72.37,24284.7,36.09,146.31,737.23,29.73,68.11,31.89,21.73,0
(주)에이팸,73070,17-Dec,2004-01-28,2021-06-04,4,    자동차 신품 부품 제조업,82.23,-2.62,0.78,-0.08,114.54,55.51,49.87,5.73,19.55,9.61,8.46,8.33,12.71,98,5677.69,0.87,1.32,4.34,7.33,4.44,9.46,38.57,49.77,82.29,0.01,0.43,0.77,5.02,1.08,1.27,228.47,203.04,90.48,47.54,61.92,865.32,19.28,25.03,84.54,61.76,29252.01,23.86,180.99,1043.79,35.53,62.86,37.14,27.03,0
(주)에이팸,73070,18-Dec,2004-01-28,2021-06-04,4,    자동차 신품 부품 제조업,13.96,20.92,-7.44,210.02,-21.89,2.91,-104.17,8.33,20.65,-1.57,0.8,-0.91,-0.43,-4,870.81,0.58,0.99,1.96,6.34,4.82,9.83,37.14,57.57,75.67,0.01,0.75,0.53,4.27,0.83,0.95,141.9,120,46.78,17.11,78.44,890.5,-0.43,75.03,57.95,56.04,20724.5,14.83,117.91,835.1,27.2,85.63,14.37,-5.77,0
(주)에이팸,73070,19-Dec,2004-01-28,2021-06-04,4,    자동차 신품 부품 제조업,-14.37,3.93,-33.61,15.34,-35.93,-41.98,0,-25.62,13.97,-113.97,-5.86,-44.46,-92.9,-647,577.04,0.39,0.82,0.8,4.64,4.66,7.73,47.21,78.63,78.34,0.01,0.64,0.39,2.54,0.76,0.91,73.86,60.63,12.06,-15.34,165.44,450.44,-3.12,150.35,43.36,37.67,-39307.97,-32.85,-226.93,-1398,-77.7,0,0,0,0
(주)에이팸,73070,20-Dec,2004-01-28,2021-06-04,4,    자동차 신품 부품 제조업,-13.89,-6.97,-63.54,19.34,-57.29,44.96,0,-1.47,-19.93,-48.45,-8.81,-8.03,-13.88,-315,146.75,0.17,0.34,0.25,2,1.98,2.89,126.41,182.63,184.12,0,0.91,0.2,0.94,0.5,0.66,60.7,35.61,6.21,-13.92,60.61,456.54,-5.18,126.07,21.5,62.26,5409.13,5.25,33.48,225.74,29.33,166.23,-66.23,-165.2,1
(주)이매진아시아,36260,11-Dec,1999-12-10,2021-02-15,4,    기타 사업지원 서비스업,-19.12,-50.17,279.72,-47.03,74.08,31.88,0,0,12.46,-11.71,11.39,-16.95,-33.5,-104,810.62,1.45,2.85,2.87,0,9.04,0,0,0,40.38,0.02,0.11,1.66,120.83,2.92,2.92,132.1,132.1,20.34,12.05,97.01,56.65,4.97,99.29,49.6,50.76,-1816.32,-12.29,-1025.17,-2762.38,-8.48,0,0,0,0
(주)이매진아시아,36260,12-Dec,1999-12-10,2021-02-15,4,    기타 사업지원 서비스업,11.26,-21.43,-36.07,-35.23,58.49,34.99,0,0,4.26,-35.12,-5.76,-29.22,-47.45,-168,463.11,0.83,1.35,2.84,162.5,8.86,0,0,2.25,41.18,0.02,0.01,0.76,98.32,1.18,1.19,183.93,182.59,5.6,32.24,62.38,59.54,-6.53,47.64,70.66,61.58,-4110.82,-24.99,-2953.25,-17125.58,-30.04,0,0,0,0
(주)이매진아시아,36260,13-Dec,1999-12-10,2021-02-15,4,    기타 사업지원 서비스업,36.7,138.54,11.04,84.71,16.76,-13.01,0,-42.78,27.14,-36.36,-9.3,-28.38,-58.31,-636,940.28,0.78,1.61,2.21,229.52,10.51,0,0,1.59,34.72,0.03,0,0.67,64.5,1.21,1.21,100.17,99.82,8.6,0.1,155.75,163.05,-9.32,101.39,60.35,39.1,-3631.08,-16.15,-1093.59,-1797.27,-23.89,0,0,0,0
(주)이매진아시아,36260,14-Dec,1999-12-10,2021-02-15,4,    기타 사업지원 서비스업,51.91,-20.75,164.94,19.54,73.17,22.16,0,-75.84,14.12,-6.96,1.74,-9.9,-28.55,-239,3042.61,1.42,4.14,4.11,1345.65,16.82,0,0,0.27,21.7,0.05,0,1.09,135.29,2.17,2.18,101.08,101.03,15.44,0.73,220.38,162.7,0.39,99.95,68.8,31.21,1574.73,4.61,598.44,1472.15,3.91,184.16,-84.16,-177.97,0
(주)이매진아시아,36260,15-Dec,1999-12-10,2021-02-15,4,    기타 사업지원 서비스업,48.57,2358.81,13.86,112.05,19.78,71.67,0,-16.5,11.39,-6.59,1.09,-7.12,-21.75,-206,2706.55,1.08,3.07,2.76,4290.38,12.46,0,0,0.09,29.3,0.03,0,0.91,13.62,1.77,1.78,111.22,111.18,22.97,5.59,164.18,217.87,0.2,117.63,55.47,37.85,997.47,1.97,15.42,254.38,2.18,247.17,-147.17,-302.94,0
(주)이매진아시아,36260,16-Dec,1999-12-10,2021-02-15,4,"    영화, 비디오물, 방송프로그램 제작 및 배급업",-18.72,-91.09,-29.97,-31.4,-8.53,83.7,0,0,7.6,-8.17,-7.45,-5.7,-11.66,-175,1892.49,0.7,1.21,1.69,6602.77,13.09,0,0,0.06,27.88,0.04,0,0.75,9.11,1.19,1.19,376.69,376.69,10.93,45.85,21.88,272.55,-9.66,45.8,62.42,82.05,1090.21,2.64,189.06,594.62,3.4,241.29,-141.29,-240.53,0
(주)이매진아시아,36260,17-Dec,1999-12-10,2021-02-15,4,"    영화, 비디오물, 방송프로그램 제작 및 배급업",32.53,1204.7,-5.89,115.05,-17.15,6.6,0,0,7.99,-49.94,-9.82,-31.46,-43.1,-499,1003.88,0.63,0.85,1.24,29.03,7.61,20.66,17.67,12.57,47.94,0.02,0.06,0.87,7.46,1.28,1.34,136.03,122.76,7.82,10.34,45.27,206.04,-6.21,88.58,39.03,68.84,-1415.88,-2.59,-18.82,-103.14,-4.69,0,0,0,0
(주)이매진아시아,36260,18-Dec,1999-12-10,2021-02-15,4,"    영화, 비디오물, 방송프로그램 제작 및 배급업",-41.59,-94.47,-13.32,-91.14,35.82,-29.5,0,-97.12,4.85,-44.3,-8.5,-26.79,-38.34,-333,735.79,0.6,0.83,1.44,24.46,6.85,17.9,20.39,14.92,53.31,0.02,0.07,0.72,6.6,1.04,1.09,434,433.1,150.29,69.84,26.44,143,-45.2,11.7,90.75,79.09,627.14,1.96,150.7,341.36,2.39,665.18,-565.18,-1849.78,0
(주)이매진아시아,36260,19-Dec,1999-12-10,2021-02-15,4,"    영화, 비디오물, 방송프로그램 제작 및 배급업",-43.86,197.76,-51.54,57.95,-54.24,-52.24,0,0,0.66,-156.38,-13.96,-79.62,-102.33,-519,355.7,0.51,0.68,3.33,423.03,20.14,793181.5,0,0.86,18.12,0.05,0,0.47,15.33,0.6,0.6,240.73,240.73,58.54,43.24,50.44,55.66,-4.53,39.15,73.97,66.47,-17156.01,-95.71,-1384.47,-10133.08,-135.18,0,0,0,1
(주)이엠네트웍스,87730,11-Dec,2008-04-04,2021-10-08,4,    합성고무 및 플라스틱 물질 제조업,-13.04,-13.5,-23.13,-8.26,-17.46,-18.58,0,-15.58,9.04,-11.54,-18.32,-15.67,-20.04,-511,4429.31,1.36,1.74,2.75,8.24,7.23,25.17,14.5,44.29,50.46,0.01,0,1.99,4.78,2.68,3.97,257.69,172.89,60.83,30.15,32.55,457.98,-114.63,67.25,49.27,75.44,2882.9,33.21,117.23,172.09,22.76,117.59,-17.59,-50.72,0
(주)이엠네트웍스,87730,12-Dec,2008-04-04,2021-10-08,4,    합성고무 및 플라스틱 물질 제조업,41.12,-9.2,46.94,4.19,79.15,31.68,0,42.23,28.74,11.66,15.97,20.74,28.6,759,6508.32,1.78,2.45,4.14,10.92,9.31,30.78,11.86,33.42,39.21,0.02,0,2.23,7.93,3.12,4.36,248.83,183.82,100,37.41,42.05,603.09,109.89,53.2,62.54,70.4,6936.66,56.62,310.68,421.03,37.27,60.3,39.7,31.28,0
(주)이엠네트웍스,87730,13-Dec,2008-04-04,2021-10-08,4,    합성고무 및 플라스틱 물질 제조업,16.6,2.11,11.66,0.16,26.44,19.18,-2.69,5.14,33.51,10.16,17,15.92,22.34,738,7267.33,1.57,2.2,4.53,10.12,7.47,24.42,14.95,36.06,48.89,0.01,0,1.77,9.21,2.4,3.14,314.47,246.15,130.7,46.26,38.96,718.79,154.82,44.71,67.82,71.96,8538.57,59.78,374.51,570.97,41.08,58.42,41.58,24.73,0
(주)이엠네트웍스,87730,14-Dec,2008-04-04,2021-10-08,4,    합성고무 및 플라스틱 물질 제조업,44.84,253.48,19.48,130.8,4.05,31.05,68.29,5.02,39,14.31,24.32,20.32,29.93,1243,8683.21,1.42,2.09,3.27,11.51,7.41,28.26,12.92,31.71,49.28,0.01,0,1.75,4.8,2.51,3.21,184.78,144.26,65.62,22.36,53.58,941.95,212.18,78.75,48.73,65.11,11000.95,53.18,136.91,528.47,44.3,55.16,44.84,32.3,0
(주)이엠네트웍스,87730,15-Dec,2008-04-04,2021-10-08,4,    합성고무 및 플라스틱 물질 제조업,14.34,6.23,-8.59,1.91,27.42,11.81,-31,10.76,35.87,10.8,11.42,11.06,17.19,857,7937.07,1.02,1.59,2.12,9.75,7.04,36.15,10.1,37.45,51.85,0.01,0,1.44,2.73,1.98,2.49,400.99,324.57,223.4,40.76,57.07,1053.17,24.37,71.78,54.3,63.67,10099.12,42.69,118.83,560.65,44.49,63.98,36.02,24.28,0
(주)이엠네트웍스,87730,16-Dec,2008-04-04,2021-10-08,4,    합성고무 및 플라스틱 물질 제조업,-5.38,-2.94,-19.37,6.59,-15.46,-5.08,0,-23.64,20.77,-3.68,-8.34,-2.93,-4.59,-236,6399.62,0.8,1.25,1.64,8.48,6.58,35.23,10.36,43.05,55.51,0.01,0,1.22,2.17,1.54,1.89,343.62,284.47,189.3,34.4,56.57,999.69,-18.57,80.6,48.52,63.87,6170.44,27.57,74.26,372.01,33.71,106.11,-6.11,-10.92,0
(주)이엠네트웍스,87730,17-Dec,2008-04-04,2021-10-08,4,    합성고무 및 플라스틱 물질 제조업,-12.21,-4.79,-10.74,-7.68,-17.01,-12.8,0,-13.14,20.81,-12.92,-6.73,-10.04,-15.77,-738,5712.11,0.78,1.22,1.47,9.35,6.79,30.72,11.88,39.02,53.75,0.01,0,1.24,2.01,1.64,1.99,279.36,229.02,144.32,29.44,57.63,871.77,-16.21,85.34,45.86,63.44,5667.09,28.84,71.63,409.65,34.69,106.74,-6.74,-37.25,0
(주)이엠네트웍스,87730,18-Dec,2008-04-04,2021-10-08,4,    합성고무 및 플라스틱 물질 제조업,287.68,6.72,-18.49,171.76,424.52,128.59,0,-10.73,8.66,-58.18,-6.97,-16.17,-37.83,-2415,4147.97,0.28,0.65,0.67,8.67,6.76,27.12,13.46,42.12,54.01,0.01,0,0.26,1.63,0.47,0.5,108.56,105.23,1.9,4.89,167.33,1621.09,-1.27,101.45,62.05,37.41,621.7,0.82,7.81,40.94,4.67,967.51,-867.51,-1246.26,0
(주)이엠네트웍스,87730,19-Dec,2008-04-04,2021-10-08,4,    합성고무 및 플라스틱 물질 제조업,-22.76,98.11,-2.44,-33.25,-16.35,-82.27,0,0,-0.8,-723.92,-14.05,-159.83,-3342.12,-5174,266.35,0.22,2.57,0.67,1.04,6.7,15.45,23.63,352.44,54.52,0,0,0.15,0.78,0.33,0.48,82.74,56.49,4.54,-14.02,1064.29,57.06,-0.8,381.87,67.2,8.59,-75711.3,-128.67,-457.36,-4847.06,-582.78,0,0,0,0
(주)이엠네트웍스,87730,20-Dec,2008-04-04,2021-10-08,4,    합성고무 및 플라스틱 물질 제조업,-37.2,-37.3,36.91,-18.97,-46.1,-317.51,0,-35.56,-8.5,-99.81,-18.12,-37.07,0,-5439,364.17,0.37,0,1.02,1.72,10.27,25.77,14.16,211.65,35.53,0,0,0.24,1.31,0.58,0.88,53.07,32.94,3.1,-51.01,0,-123.94,-1.6,0,57.68,0,-4884.06,-13.22,-48.08,-484.94,-27.46,0,0,0,1
(주)제낙스,65620,11-Dec,2002-06-27,2021-08-09,4,    1차 철강 제조업,-4.07,-5.07,6.55,0.07,-8.92,-13.73,0,-30.97,-0.87,-16.81,-5.66,-9.81,-31.67,-282,1536.86,0.58,1.88,1.06,2.39,4.19,14.47,25.22,152.87,87.01,0,0,0.54,1.14,1.3,2.84,68.94,36.84,2.97,-19.72,241.57,150.99,-1.23,192.07,43.77,29.28,2060.11,4.46,9.35,27.91,7.49,106.61,-6.61,-224.28,0
(주)제낙스,65620,12-Dec,2002-06-27,2021-08-09,4,    1차 철강 제조업,-3.61,-13.93,-25.52,-9.01,3.34,2.78,0,3.4,-0.99,-23.28,-6.54,-10.52,-34.79,-283,1109.22,0.45,1.49,0.83,2.14,2.79,16.22,22.51,170.49,131.03,0,0,0.43,0.93,1,1.87,81.82,43.7,4.23,-10.43,220.42,150.39,-1.32,170.07,46.92,31.21,1624.12,3.65,8.26,29.08,7.93,116.61,-16.61,-293.43,0
(주)제낙스,65620,13-Dec,2002-06-27,2021-08-09,4,    1차 철강 제조업,14.86,-2.16,-20.21,67.8,-45.02,62.27,0,-60.61,-33.3,-56.81,-16.7,-19.42,-50.97,-529,776.39,0.34,0.9,0.52,2.41,2.43,22.77,16.03,151.4,150.05,0,0,0.4,0.81,1.01,1.74,48.85,32.55,3.48,-23.51,126.86,214.06,-4.18,175.91,22.46,44.08,-2906.07,-5.69,-15.62,-63.03,-17.79,0,0,0,0
(주)제낙스,65620,14-Dec,2002-06-27,2021-08-09,4,    1차 철강 제조업,-10.27,-7.17,-36.06,1.71,-51.64,-35.54,0,-62.88,-33.84,-76.87,-13.86,-16.57,-43.35,-405,496.44,0.22,0.56,0.26,3.98,2.3,43.99,8.3,91.76,158.81,0,0,0.31,0.55,1.23,1.77,20.83,15.49,1.46,-46.02,215.88,137.98,-3.71,277.64,12.11,31.66,-1200.62,-2.62,-6.52,-28.18,-11.49,0,0,0,0
(주)제낙스,65620,15-Dec,2002-06-27,2021-08-09,4,    1차 철강 제조업,16.34,-5.54,2.15,20.48,-13.71,85.99,0,-9.96,16.65,-22.82,-0.81,-4.91,-11.72,-120,496.63,0.22,0.51,0.24,7.9,3.88,96.05,3.8,46.21,94.12,0.01,0,0.35,0.6,2.06,2.79,19.78,14.49,0.88,-36.42,97.57,251.32,-0.23,179.83,8.98,50.62,2188.22,4.1,12.57,59.69,20.51,97.89,2.11,-111.27,0
(주)제낙스,65620,16-Dec,2002-06-27,2021-08-09,4,    1차 철강 제조업,5.13,-5.55,-42.92,7.74,-21.34,10.92,0,-28.9,-25.06,-97.62,-7.18,-10.87,-20.87,-285,283.47,0.11,0.21,0.12,5.56,2.59,42.37,8.62,65.63,140.98,0.01,0,0.24,0.36,1.42,1.91,21.59,16.37,1.37,-24.4,87.26,278.77,-2.72,174.68,6.72,53.4,-1362.95,-2.43,-8.29,-42.8,-22.38,0,0,0,0
(주)제낙스,65620,17-Dec,2002-06-27,2021-08-09,4,    1차 철강 제조업,27.64,-5.23,1.97,15.77,192.4,69.39,0,-3.66,-22.36,-73.28,-6.24,-7.13,-11.28,-214,289.07,0.1,0.15,0.11,6.95,2.76,91.49,3.99,52.51,132.02,0.01,0,0.27,0.39,0.84,0.96,79.8,73.44,10.52,-3.9,41.08,451.21,-3.14,119.37,15.39,70.88,-1329.88,-1.86,-8.54,-47.06,-21.41,0,0,0,0
(주)제낙스,65620,18-Dec,2002-06-27,2021-08-09,4,    1차 철강 제조업,-61.1,-25.53,-16.73,-59.92,-67.59,-81.86,0,-21.47,-15.06,-176.47,-16.03,-18.36,-30.45,-406,230,0.1,0.17,0.12,6.61,2.4,142.13,2.57,55.24,152.2,0,0,0.25,0.38,0.71,0.79,26.6,21.47,2.45,-35.39,202.79,81.84,-6.31,263.96,12.82,33.03,-3710.25,-13.33,-31.98,-147.18,-71.74,0,0,0,0
(주)제낙스,65620,19-Dec,2002-06-27,2021-08-09,4,    1차 철강 제조업,-10.98,7.15,-30.38,-15.95,22.8,-83.81,0,4.37,-22.57,-297.22,-32.45,-40.68,-200.15,-476,160.12,0.14,0.67,0.16,5.12,2.38,146.41,2.49,71.33,153.25,0,0,0.17,0.3,0.91,1.1,20.16,16.85,9.77,-70.07,1575.77,13.25,-4.24,1379.32,17.69,5.97,-2941.1,-11.87,-23.66,-270.41,-81.68,0,0,0,0
(주)제낙스,65620,20-Dec,2002-06-27,2021-08-09,4,    1차 철강 제조업,-47.96,-4.1,-42.68,-61.97,35.82,-23.78,0,-39.36,-33.91,30.31,-13.49,2.73,10.3,131,84.8,0.09,0.34,0.12,3.6,2.54,108.3,3.37,101.41,143.54,0,0,0.1,0.21,0.4,0.46,66.22,61.34,0.44,-19.07,198.93,212.15,-4.4,187.16,37.39,33.45,4030.12,25.67,41.32,619.03,195.28,39.98,60.02,15.52,1
(주)지유온,111820,11-Dec,2010-06-18,2021-09-30,4,    기타 정보 서비스업,45.36,3.4,141.62,136.71,40.47,5.66,-30.61,0,25.09,10.62,14.85,9.18,11.51,604,5288.59,0.86,1.08,12.4,16.63,5.88,1358.51,0.27,21.94,62.08,0.01,0,0.88,119.77,0.93,0.98,1896.33,1715.03,948.96,86.89,44.59,1002.9,10.73,11.96,91.73,69.16,5182.99,15.54,2509.8,28794.41,21.31,42.1,57.9,49.86,0
(주)지유온,111820,12-Dec,2010-06-18,2021-09-30,4,    기타 정보 서비스업,26.94,-5.76,169.58,-53.23,34.17,37.77,35.4,165.79,12.86,5.34,12.11,9.25,12.76,772,12078.19,1.73,2.39,32.4,12.26,5.74,249.81,1.46,29.77,63.64,0.01,0,1.71,327,1.83,2.15,1118.98,907.05,33.52,88.29,33.22,1170.54,16.69,4.06,96.95,75.06,7690.78,18.17,3951.82,29576.51,11.73,37.61,62.39,45.49,0
(주)지유온,111820,13-Dec,2010-06-18,2021-09-30,4,    기타 정보 서비스업,37.46,16.26,1.77,70.43,36.42,14.24,-37.43,-80.35,17.68,3.28,12.69,4.36,6.43,388,11431.54,1.33,1.96,38.26,14.35,4.12,145.94,2.5,25.43,88.49,0.01,0,1.23,317.19,1.38,1.52,729.83,709.92,133.25,83.04,60.29,1238.79,11.46,6.06,96.22,62.39,8367.67,14.38,3698.4,21325.42,12.54,34.5,65.5,26.16,0
(주)지유온,111820,14-Dec,2010-06-18,2021-09-30,4,    기타 정보 서비스업,-1.18,1250.49,-26.96,381.52,-16.21,8.19,0,0,23.11,1.21,1.57,1.03,1.5,91,7153.99,0.85,1.24,4.6,65.63,2.82,311.89,1.17,5.56,129.22,0.01,0,0.97,15.96,1.04,1.06,1314.39,1293.58,256.54,75.38,46.41,1152.83,0.7,26.96,81.59,68.3,6129.56,10.66,200.61,2532.12,12.57,36.42,63.58,9.64,0
(주)지유온,111820,15-Dec,2010-06-18,2021-09-30,4,    기타 정보 서비스업,5.96,-4.13,-10.75,1.12,7.05,31.14,0,64.48,19.25,-0.95,2.82,-0.7,-0.91,-48,4210.72,0.73,0.96,4.09,44.3,2.78,200.22,1.82,8.24,131.16,0.01,0,0.79,14.54,0.9,0.91,538.52,525.43,185.71,67.12,18.29,997.03,2.03,20.79,82.43,84.54,4976.23,8.17,169.88,2700.76,11.44,59.87,40.13,-8.31,0
(주)지유온,111820,16-Dec,2010-06-18,2021-09-30,4,    기타 정보 서비스업,44.42,0.96,-2.52,23.37,48.91,55.02,0,17.29,26.88,0.69,2.27,0.39,0.44,16,3362.83,0.57,0.65,3.55,31.95,2.74,184.88,1.97,11.42,133.15,0.01,0,0.6,14.41,0.68,0.69,933.02,915.15,79.42,75.88,10.2,828.64,9.11,16.54,84.99,90.74,7712.07,8.76,260.77,4015.15,18.18,51.39,48.61,3.77,0
(주)지유온,111820,17-Dec,2010-06-18,2021-09-30,4,    기타 정보 서비스업,2.87,-5.66,-35.05,7.76,2.01,2.39,198.09,9.12,43.22,3.15,1.95,0.97,1.07,45,1428.71,0.31,0.34,2.01,18.39,1.75,119.92,3.04,19.85,208.89,0,0,0.33,9.59,0.36,0.37,1017.42,996.56,112.82,75.99,10.72,821.6,3.06,17.41,84.28,90.32,9086.74,10.04,325.7,6247.03,32.98,45.05,54.95,9.54,0
(주)지유온,111820,18-Dec,2010-06-18,2021-09-30,4,    기타 정보 서비스업,-60.09,128.67,-48.58,-32.96,-65.15,-89.02,-6919.68,0,50.69,-417.49,-13.84,-93.39,-130.35,-2925,698.23,0.22,0.31,1.19,18.12,1.33,88.82,4.11,20.15,274.8,0,0,0.23,3.09,0.28,0.28,174.79,174.79,5.84,31.49,302.31,87.37,-29.43,106.25,73.59,24.86,-13175.3,-36.47,-206.52,-11312.38,-93.01,0,0,0,0
(주)지유온,111820,19-Dec,2010-06-18,2021-09-30,4,    기타 정보 서비스업,-8.06,-2.02,-68.61,-15.19,-4.2,-88.56,0,0,74.53,-232.37,-8.32,-37.47,-606.38,-477,205.39,0.16,2.61,0.48,0,0.93,210.89,1.73,0,391.75,0,0,0.16,0.68,0.24,0.24,168.28,168.28,46.83,27.41,7450,3.23,-11.06,2448.8,67.57,1.32,-2695.89,-10.75,-43.62,-4913.06,-63.85,0,0,0,0
(주)지유온,111820,20-Dec,2010-06-18,2021-09-30,4,    기타 정보 서비스업,20.47,-97.52,163.34,-9.49,34.86,4199.03,0,0,21.32,-29.26,-8.21,-11.77,-44.53,-145,464.96,0.4,1.52,1.43,27.62,2.21,17.45,20.92,13.21,164.93,0.01,0.08,0.38,3.51,0.56,0.57,245,236.37,107.83,44.76,111.58,113,-3.9,51.56,75.63,47.26,-1257.55,-4.16,-819.47,-1898.17,-11.31,0,0,0,1
(주)코너스톤네트웍스,33110,11-Dec,1997-08-18,2021-10-08,4,"    측정, 시험, 항해, 제어 및 기타 정밀기기 제조업; 광학기기 제외",-10.99,-13.1,-32.51,-14.38,-6.96,-21,0,11.9,24.49,-43.29,-8.98,-18.14,-31.51,0,1029.22,0.42,0.74,0.78,3.18,3.81,6.02,60.68,114.66,95.79,0.01,1.02,0.59,1.33,0.9,1.25,179.47,123.88,32.4,21.1,88.85,241.78,-6.23,98.86,47.65,52.95,-3444.66,-9.28,-29.86,-1652.41,-20.86,0,0,0,0
(주)코너스톤네트웍스,33110,12-Dec,1997-08-18,2021-10-08,4,"    측정, 시험, 항해, 제어 및 기타 정밀기기 제조업; 광학기기 제외",-4.12,-1.2,-16.28,2.88,-11.81,18.99,0,-7.36,32.04,-7.17,-5.29,-2.73,-4.19,0,663.61,0.38,0.64,0.7,2.62,7.5,8.25,44.22,139.32,48.65,0.01,0.54,0.58,1.21,0.83,1.22,323.13,217.99,106.26,30.26,51.93,221.56,-3.48,85.34,43.83,65.82,2454.13,6.89,21.53,2066.86,17.75,103.81,-3.81,-40.39,0
(주)코너스톤네트웍스,33110,13-Dec,1997-08-18,2021-10-08,4,"    측정, 시험, 항해, 제어 및 기타 정밀기기 제조업; 광학기기 제외",16.23,-30.32,38.88,-4.94,43.38,27.73,0,-11.72,39.21,1.37,2.51,0.68,1.45,12,804.4,0.5,0.72,0.98,4.02,4.93,8.37,43.63,90.83,74.04,0.01,1.71,0.74,1.99,1.01,1.35,254.71,203.68,80.7,32.84,39.06,247,1.59,63.88,54.06,71.91,2913.02,7.04,36.67,596.09,15.17,78.05,21.95,9.05,0
(주)코너스톤네트웍스,33110,14-Dec,1997-08-18,2021-10-08,4,"    측정, 시험, 항해, 제어 및 기타 정밀기기 제조업; 광학기기 제외",-9.91,-3.14,-49.55,-10.33,-9.56,-20.68,0,8.75,31.2,-82.01,-10.42,-20.2,-29.47,-330,385.54,0.25,0.36,0.54,2.07,1.33,3.52,103.6,176.23,273.64,0,0,0.34,1.24,0.45,0.58,380.91,289.16,49.97,40.03,56.6,186.15,-17.58,71.61,54.27,63.86,-4803.67,-12.89,-62.44,-1348.36,-49.59,0,0,0,0
(주)코너스톤네트웍스,33110,15-Dec,1997-08-18,2021-10-08,4,"    측정, 시험, 항해, 제어 및 기타 정밀기기 제조업; 광학기기 제외",-12.15,-2.24,-7.24,-2.68,-20.14,-33.26,0,-24.27,17.16,-101.23,-16.74,-25.98,-44.82,-359,353.92,0.26,0.46,0.53,2.1,1.32,5.37,67.98,173.94,277.52,0,0,0.35,1.18,0.49,0.65,171.25,132.13,20.82,20.53,109,122.96,-23,105.87,49.34,47.85,-6284,-19.19,-83.55,-2753.6,-69.94,0,0,0,0
(주)코너스톤네트웍스,33110,16-Dec,1997-08-18,2021-10-08,4,"    측정, 시험, 항해, 제어 및 기타 정밀기기 제조업; 광학기기 제외",222.2,-53.3,288.37,209.28,235.45,18.73,0,-16.12,26.37,-30.55,-9.49,-15.42,-30.25,-183,1212.23,0.5,1.29,1.03,10.28,3.09,14.13,25.83,35.49,117.98,0.01,0,0.49,6.32,0.99,1.1,85.01,80.15,17.14,-9.06,175.41,113.13,-1.39,133.92,51.37,36.31,214.92,0.2,6.12,1954.55,0.62,3134.67,-3034.67,-4960.27,0
(주)코너스톤네트웍스,33110,17-Dec,1997-08-18,2021-10-08,4,"    측정, 시험, 항해, 제어 및 기타 정밀기기 제조업; 광학기기 제외",-60.59,-81.9,-88.67,-86.3,-36.24,10.41,0,-17.47,14.88,-1354.12,-8.08,-72.81,-266.81,-1286,89.73,0.05,0.13,0.14,1.4,0.45,1.6,228.31,260.81,812.4,0,4,0.05,1.91,0.09,0.1,167.69,155.29,2.07,33.54,103.22,75.44,-1.66,34.34,83.1,49.21,-43451.07,-104.51,-6834.54,-449106.69,-1098.98,0,0,0,0
(주)코너스톤네트웍스,33110,18-Dec,1997-08-18,2021-10-08,4,"    측정, 시험, 항해, 제어 및 기타 정밀기기 제조업; 광학기기 제외",30.18,225.45,124.82,164.22,2.92,24.28,0,97.15,15.65,-77.64,-9.45,-14.42,-26.38,0,146.72,0.19,0.37,0.69,2.34,3.47,5.65,64.55,155.86,105.25,0.01,6.45,0.16,6.57,0.25,0.28,179.26,153.87,5.31,29.05,95.57,57.2,-1.83,67.08,65.7,51.13,1626.06,3,78.59,1463.93,18.29,188.73,-88.73,-424.42,0
(주)코너스톤네트웍스,33110,19-Dec,1997-08-18,2021-10-08,4,"    측정, 시험, 항해, 제어 및 기타 정밀기기 제조업; 광학기기 제외",47.28,230.52,52.83,143.14,-2.76,41.54,0,-19.27,-1.62,-383.08,-15.06,-77.76,-162.33,-454,123.59,0.2,0.42,0.43,2.98,2.17,3.76,97.01,122.29,168.39,0.01,0.72,0.22,3.05,0.39,0.45,95.58,84.34,6.09,-2,117.82,57.5,-4.02,123.34,43.37,45.91,-38642.79,-48.48,-565.07,-1948.78,-284.46,0,0,0,0
(주)코너스톤네트웍스,33110,20-Dec,1997-08-18,2021-10-08,4,    종합 소매업,-50.57,-94.57,-61.32,-92.49,4.16,-96.93,0,-92.87,66.07,-712.56,-5.92,-62.86,-199.01,-286,40.49,0.09,0.28,0.22,2.41,0.99,1.49,244.84,151.3,369.68,0,0.52,0.07,1.46,0.15,0.16,94.62,93.86,0.17,-5.19,3229.9,1.7,-1.4,286.41,91.4,3,-26465.07,-67.17,-7127.96,-39848.04,-503.67,0,0,0,1
(주)팍스넷,38160,16-Dec,2016-08-01,2021-08-23,4,    기타 정보 서비스업,59.12,-16.63,8.04,40.58,62.63,74.13,-1.09,0,0,16.15,11.43,9.29,10.83,380,2351.26,0.58,0.67,3.89,0,10.86,0,0,0,33.62,0.03,0.09,0.58,54.95,0.68,0.68,788.82,788.82,422.52,75.04,12.67,760.69,999999999,15.85,85.93,88.76,9977.64,21.02,2710.81,3209.8,44.86,49.68,50.32,36,0
(주)팍스넷,38160,17-Dec,2016-08-01,2021-08-23,4,    기타 정보 서비스업,4.54,-25.8,-17.67,123.78,-14.98,5.07,-47.76,0,0,10.25,4.06,3.86,4.34,169,1653.09,0.38,0.42,1.69,0,8.46,0,0,0,43.15,0.02,0.12,0.43,57.12,0.49,0.49,664.74,664.74,384.03,59.37,12.1,799.24,999999999,33.76,69.88,89.2,7786.85,15.69,2851.35,3598.09,42.52,65.73,34.27,24.1,0
(주)팍스넷,38160,18-Dec,2016-08-01,2021-08-23,4,    기타 정보 서비스업,26.47,2785.49,-2.35,43.23,19.25,-4.01,0,0,0,-11.02,0.98,-3.14,-4.68,-178,1614.22,0.28,0.42,0.84,0,14.92,0,0,0,24.46,0.04,0.07,0.29,2.27,0.43,0.43,205.92,205.92,35.27,33.89,47.7,759.97,-0.16,50.37,65.89,67.7,4048.28,6.45,51.37,947.48,22.64,125.5,-25.5,-48.66,0
(주)팍스넷,38160,19-Dec,2016-08-01,2021-08-23,4,    기타 정보 서비스업,25.79,64.14,-40.28,25.38,26.01,-69.15,0,0,0,-280.63,-20.16,-42.3,-108.24,0,964.07,0.15,0.38,0.44,0,8.66,0,0,0,42.15,0.02,0.12,0.12,1.03,0.23,0.23,90.31,90.31,4.8,-7.08,496.87,226.4,-4.52,202.9,66.01,16.75,-14075.53,-17.83,-209.51,-529.47,-131.8,0,0,0,0
(주)팍스넷,38160,20-Dec,2016-08-01,2021-08-23,4,    기타 정보 서비스업,-58.23,-55.28,-3.9,-43.21,-65.96,-218.82,0,0,78.2,-252.63,-12.47,-46.33,0,0,838.42,0.18,0,0.49,44.24,7.3,47.34,7.71,8.25,50.01,0.02,0.24,0.12,1.1,0.29,0.3,38.49,37.48,1.04,-85.97,0,-252.14,-1.36,0,53.79,0,-13849.66,-41.99,-239.45,-936.72,-134.95,0,0,0,1
(주)퓨전,195440,16-Dec,2016-12-21,2021-06-10,4,    소프트웨어 개발 및 공급업,-6.84,-87.02,174.94,-85.33,60.59,-208.57,0,0,30.83,2.99,13.99,2.74,4.79,413,13815.36,0.92,1.6,12.62,5.33,2.12,4.9,74.5,68.42,171.78,0.01,0.39,0.68,37.59,0.99,1.22,222.52,181.21,67.27,51.05,74.38,1162.93,11.49,12.69,92.72,57.35,5443.24,17.72,725.18,0,19.29,51.72,48.28,15.49,0
(주)퓨전,195440,17-Dec,2016-12-21,2021-06-10,4,    소프트웨어 개발 및 공급업,-6.15,19.97,-12.47,88.81,-13.6,-41.11,0,11.22,8.52,-33.55,-26.07,-27.82,-59.19,-988,2937.32,0.83,1.76,7.65,4.42,1.97,2.89,126.1,82.55,185.09,0.01,0.29,0.59,29.92,0.93,1.18,136.41,103.81,0.96,22.78,177.9,246.8,-47.28,40.69,85.36,35.98,-4104.76,-14.24,-455.83,-4849.67,-16.62,0,0,0,0
(주)퓨전,195440,18-Dec,2016-12-21,2021-06-10,4,    소프트웨어 개발 및 공급업,-21.27,4.37,-29.67,4.18,-25.64,-94.19,0,-68.94,-13.13,-75.73,-35.71,-51.05,-239.64,-465,2065.82,0.67,3.16,4.03,4.51,1.96,1.85,197.13,81,186.3,0.01,0.22,0.42,18.88,0.81,0.99,84.35,75.93,4.25,-14.96,3666.86,4.62,-6.32,729.8,80.63,2.65,-6538.54,-28.8,-695.67,-2760.03,-37.64,0,0,0,0
(주)퓨전,195440,19-Dec,2016-12-21,2021-06-10,4,    소프트웨어 개발 및 공급업,145.16,171.63,-6.22,587.77,38.8,50.48,0,0,9.91,-84.3,-18.18,-24.67,-31.86,-5004,4242,0.29,0.53,0.54,8.81,8.91,6.89,53,41.41,40.96,0.03,0.09,0.34,6.38,0.64,0.69,109.77,101.78,24.5,4.06,79.35,1616,-7.01,97.48,45.65,55.76,-4959.78,-8.91,-194.27,-671.05,-30.45,0,0,0,0
(주)퓨전,195440,20-Dec,2016-12-21,2021-06-10,4,    소프트웨어 개발 및 공급업,-67.67,-51.03,-14.55,-67.13,-68.32,-85.16,0,-10.24,56.7,-180.78,-12.03,-68.34,-141.23,-6145,3389.22,0.38,0.78,0.69,7.94,11.74,5.7,64.05,45.98,31.09,0.08,0.07,0.4,7.32,0.83,0.93,63.43,50.36,4.01,-25.79,290.59,222.73,-2.17,215.85,44.74,25.6,-19205.9,-106.75,-1536.25,-5199.83,-137.98,0,0,0,1
(주)행남사,8800,11-Dec,1993-09-03,2021-06-07,4,"    내화, 비내화 요업제품 제조업",-0.8,-10.23,7.88,-8.6,3.64,-6.4,0,-2.73,12.18,-5.92,-1.27,-4.29,-7.73,-385,8885.55,0.73,1.65,2.08,2.08,4.22,11.63,31.37,175.16,86.45,0,0,0.64,2.54,1.11,2.39,140.32,67.76,0.88,19.15,136.68,91.26,-0.73,78.98,66.63,42.25,12902.94,17.51,64.6,1126.77,24.05,91.37,8.63,-24.62,0
(주)행남사,8800,12-Dec,1993-09-03,2021-06-07,4,"    내화, 비내화 요업제품 제조업",-16.59,-19.93,-14.11,-15.92,-16.93,2.21,0,-6.65,12.82,1.45,-4.03,0.99,3.42,167,7631.83,0.68,1.47,2.04,1.88,3.6,10.53,34.65,194.42,101.34,0,0,0.61,2.56,1.03,2.26,152.77,63.99,1.51,22.92,95.01,93.27,-1.57,65.6,66.36,51.28,17360.91,28.24,122.38,2252.28,37.67,80.78,19.22,3.84,0
(주)행남사,8800,13-Dec,1993-09-03,2021-06-07,4,"    내화, 비내화 요업제품 제조업",3.96,-6.44,-4.85,-4.01,8,3.12,-36.6,17.3,18.63,1.63,2.4,1.14,2.11,105.65,7261.52,0.7,1.36,2.16,1.7,3.8,11.96,30.51,214.38,96.04,0,0,0.63,2.83,1.03,2.63,158.77,58.57,1.43,25.52,92.6,96.18,1.09,59.83,68.94,51.92,13953.58,21.83,93.25,1133.21,31.82,80.3,19.7,5.12,0
(주)행남사,8800,14-Dec,1993-09-03,2021-06-07,4,"    내화, 비내화 요업제품 제조업",-8.11,-6.16,-3.37,-6.92,-8.65,-12.91,0,-11.63,8.55,-10.13,-3.91,-7,-12.54,-595.33,7016.54,0.69,1.39,2.21,1.62,3.59,11.32,32.23,225.59,101.6,0,0,0.6,2.92,1.01,2.65,139.75,54.43,1.03,19.49,112.16,83.76,-1.99,66.76,68.54,47.13,7169.36,12.21,51.06,630.52,16.92,130.23,-30.23,-59.87,0
(주)행남사,8800,15-Dec,1993-09-03,2021-06-07,4,"    내화, 비내화 요업제품 제조업",32.47,31.1,-2.37,92.2,5.05,12.13,0,2.38,14.96,0.79,0.48,0.48,1.68,77.38,6807.2,0.61,1.33,1.53,1.66,3.42,11.12,32.84,219.38,106.79,0,0,0.58,2.55,1,2.52,132.59,53.7,1.99,13.36,125.79,91.03,0.24,103.08,54.35,44.29,9730.5,12.51,53.29,533.2,23.52,81.75,18.25,3.34,0
(주)행남사,8800,16-Dec,1993-09-03,2021-06-07,4,"    내화, 비내화 요업제품 제조업",-36.85,-52.9,-32.44,-53.87,-22.56,-46.06,-5320.5,-48.96,8.67,-83.46,-6.07,-36.76,-107.63,-352.49,419.36,0.44,1.12,1.08,1.47,2.28,9.08,40.2,248.11,160.35,0,0,0.44,2.06,0.75,1.51,158.79,96.52,1.32,24.68,221.11,44.44,-3.52,107.08,66.65,31.14,-19326.17,-39.34,-337.17,-5374.65,-69.14,0,0,0,0
(주)행남사,8800,17-Dec,1993-09-03,2021-06-07,4,"    내화, 비내화 요업제품 제조업",-5.77,50.62,-45.2,-0.29,-8.51,72.54,0,-17.67,-8.63,-121.51,-17.76,-39.01,-89.28,-217.33,186.43,0.32,0.73,0.94,1.31,1.62,8.36,43.66,278.96,225.99,0,0,0.3,1.41,0.49,0.78,169.92,109.95,3.62,26.63,75.38,46.36,-5.24,61.88,64.71,57.02,-13782.43,-29.77,-140.14,-3685.25,-89.98,0,0,0,0
(주)행남사,8800,18-Dec,1993-09-03,2021-06-07,4,"    내화, 비내화 요업제품 제조업",129.27,70.1,-43.37,207.68,86.52,124.82,0,-81.73,-95.79,-126.2,-19.66,-14.36,-25.53,-660,231.32,0.11,0.2,0.26,1.39,2.1,11.79,30.96,263.08,173.73,0,0,0.12,0.49,0.2,0.24,134.36,129.71,81.93,13.46,75.26,372.26,-3.59,82.99,52.65,57.06,-3664.28,-3.45,-16.49,-309.97,-42.25,0,0,0,0
(주)행남사,8800,19-Dec,1993-09-03,2021-06-07,4,    기타 식품 제조업,-58.39,-16.42,-11.38,-38.91,-75.91,-48.38,0,-78.44,9.9,-469.23,-5.88,-48,-81,0,238.4,0.1,0.17,0.19,6.55,5.07,14,26.07,55.74,72.05,0.01,0,0.12,0.38,0.22,0.23,104.18,100.96,38.56,1.22,44.16,134.28,-6.4,100.22,30.48,69.37,3477.7,7.88,18.73,306.14,45.24,77.89,22.11,-1037.15,0
(주)행남사,8800,20-Dec,1993-09-03,2021-06-07,4,    기타 식품 제조업,-27.54,-26.8,5.21,-22.81,-38.35,-37.43,0,-24.8,21.49,-53.62,-7.63,-11.39,-17.41,-95,177.25,0.21,0.32,0.3,22.17,5.7,13.94,26.18,16.46,64.01,0.02,0.07,0.35,0.5,0.74,0.77,73.75,70.97,52.78,-9.23,66.93,84.02,-3.98,123.64,25.93,59.91,-435.53,-1.36,-3.2,0,-5.39,0,0,0,1
(주)화신테크,86250,11-Dec,2006-11-10,2021-08-31,4,    특수 목적용 기계 제조업,15.17,16.07,11.09,9.29,38.66,6.49,18.4,60.23,14.38,9.22,1.83,5.06,7.15,292,3021.34,0.55,0.78,0.71,2814.14,12.42,9.86,37,0.13,29.38,0,0,1.29,3.54,2.47,2.47,103.96,103.86,2.43,0.92,46.57,803.67,4.64,111.2,24.13,68.23,8631.68,15.11,109.28,1264.72,29.45,58.38,41.62,31.29,0
(주)화신테크,86250,12-Dec,2006-11-10,2021-08-31,4,    특수 목적용 기계 제조업,1.26,38.79,21.12,-2.88,14.27,-5.09,-9.76,30.22,15.84,6.87,2.12,4.24,6.42,264,3659.3,0.62,0.93,0.83,2404.45,17.21,9.88,36.95,0.15,21.21,0,0,1.24,3.35,2.4,2.41,108.76,108.64,5.18,2.19,56.38,762.74,4.32,113.8,27.23,63.95,9267.79,16.02,105.27,1169.84,26.11,59.63,40.37,26.3,0
(주)화신테크,86250,13-Dec,2006-11-10,2021-08-31,4,    특수 목적용 기계 제조업,19.04,96.8,-1.39,-15.13,110.35,14.45,272.63,-0.25,15.95,25.95,3.56,14.34,22.9,982,3608.31,0.55,0.88,0.9,2098.45,15.17,8.84,41.31,0.17,24.07,0,0,0.83,1.91,1.43,1.43,156.67,156.59,68.54,17.41,62.65,872.97,5.88,84.38,48.12,61.48,19515.55,28.34,122.83,1083.32,55.76,33.2,66.8,46.54,0
(주)화신테크,86250,14-Dec,2006-11-10,2021-08-31,4,    특수 목적용 기계 제조업,33.69,156.75,37.62,81.07,-17.4,35.37,0,0,7.2,-2.46,-2.05,-1.29,2,89,4965.92,0.52,0.84,0.74,771.71,7.99,6.3,57.91,0.47,45.68,0,0,0.95,0.77,1.76,1.76,117.94,117.67,10.89,4.52,60.64,832.61,-4.61,112.88,29.73,62.25,10944.51,11.89,18.16,37.79,22.72,88.31,11.69,-10.82,0
(주)화신테크,86250,15-Dec,2006-11-10,2021-08-31,4,    특수 목적용 기계 제조업,3.45,-4.82,7.9,-3.81,20.62,-9.9,0,-4.25,-3.05,-15.14,-7.72,-8.4,-9.14,-362,5358,0.55,0.98,0.82,850.74,8.55,6.67,54.7,0.43,42.69,0,0,0.91,0.85,1.72,1.72,108.64,108.44,8.27,2.76,94.56,750.21,-9.58,127.12,34.66,51.4,8469.59,8.89,14.31,29.84,16.3,140.37,-40.37,-92.91,0
(주)화신테크,86250,16-Dec,2006-11-10,2021-08-31,4,    특수 목적용 기계 제조업,-11.59,-18.34,-30.63,-19.7,3.7,-21.67,0,-63.02,-16.4,-38.45,-13.51,-15.45,-24.14,-807,3716.99,0.4,0.86,0.64,880.84,6,6,60.83,0.41,60.78,2.71,0,0.55,0.67,1.07,1.07,105.77,105.7,13.73,2.22,139.45,587.61,-9.96,142.09,40.66,41.76,2875.28,3.41,5.96,11.31,7.97,408.51,-308.51,-482.17,0
(주)화신테크,86250,17-Dec,2006-11-10,2021-08-31,4,    특수 목적용 기계 제조업,-6.97,-0.44,-6.99,-0.44,-16.51,-4.59,0,-77.21,16.63,-9.31,-0.35,-3.84,-4.54,-140,3457.18,0.41,1,0.67,2471.4,8.25,6.59,55.37,0.15,44.22,0,0,0.53,0.69,1.07,1.07,89.91,89.89,9.2,-4.1,144.44,560.66,-0.31,155.24,36.49,40.91,10393.16,13.27,21.55,40.59,30.99,76.44,23.56,-30.02,0
(주)화신테크,86250,18-Dec,2006-11-10,2021-08-31,4,    특수 목적용 기계 제조업,-17.16,-3.46,-24.67,7.54,-41.66,-23.11,0,39.38,-1.59,-29.02,-8.38,-12.32,-30.95,-854,2668.3,0.42,1.07,0.75,4292.63,11.66,5.37,67.97,0.09,31.31,0,0,0.51,0.87,0.98,0.98,81.2,81.17,0.71,-8.19,161.88,435.08,-2.9,169.31,35.35,38.19,2695.65,4.88,9.25,35.52,10.41,298.05,-198.05,-278.69,0
(주)화신테크,86250,20-Dec,2006-11-10,2021-08-31,4,    특수 목적용 기계 제조업,-12.85,18.49,-78.27,7.72,-50.47,0.41,0,0,5.08,-142.33,-30.19,-33.25,-74.98,-281,182.57,0.23,0.53,0.29,244.82,23.63,12.23,29.83,1.49,15.45,0,0,0.31,0.33,1.16,1.17,36.32,36.15,11.41,-35.22,127.31,141.17,-1.75,181.65,20.09,43.99,326.07,0.68,0.94,4.86,5.8,906.17,-806.17,-2455.32,1
디에스티(주),33430,11-Dec,1998-05-25,2021-09-02,4,    특수 목적용 기계 제조업,-4.16,-29.46,73.23,-14.71,33.11,-8.09,0,0,21.54,-32.08,1.73,-8.94,-20.95,-102,291.97,0.28,0.65,0.4,12.86,3.96,12.43,29.36,28.37,92.11,0.01,0.23,0.51,67.13,0.91,0.98,127.42,118.41,1.46,6.6,134.24,89.41,0.53,162.45,30.65,42.69,-53.53,-0.15,-35.4,-486645,-0.53,0,0,0,0
디에스티(주),33430,12-Dec,1998-05-25,2021-09-02,4,    특수 목적용 기계 제조업,-13.27,-40.88,7.41,-39.78,53.81,-27.81,0,0,9.64,-77.83,-7.84,-18.38,-42.92,-170,207.14,0.24,0.55,0.38,35.9,5.72,7.37,49.51,10.17,63.76,0.04,0.03,0.32,70.64,0.61,0.62,99.93,99.93,3.07,-0.03,158.67,60.81,-2.39,128.75,50.23,38.66,-3892.32,-11.89,-4445.89,-43248005.11,-46.77,0,0,0,0
디에스티(주),33430,13-Dec,1998-05-25,2021-09-02,4,    기타 전문 도매업,33.03,-85.52,-18.31,52.38,13.86,38.46,0,0,8.79,-66.61,-3.01,-10.4,-25.85,-104,119.4,0.16,0.39,0.27,55.51,6.76,5.8,62.97,6.58,54.03,0,0.02,0.15,536.1,0.36,0.37,73.11,72.64,1.96,-15.81,148.52,61.54,-0.89,141.69,42.99,40.24,-1993.75,-4.58,-15721.73,0,-29.33,0,0,0,0
디에스티(주),33430,14-Dec,1998-05-25,2021-09-02,4,    기타 전문 도매업,315.95,295498.65,409.18,515.2,51.7,124.95,0,0,-3.68,-55.56,-2.9,-10.62,-48.58,-182,306.15,0.19,0.88,0.23,20.27,65.38,8.87,41.17,18.01,5.58,0,0.01,0.46,0.92,1.22,1.3,60.05,56.44,1.1,-10.43,359.53,66.27,-2.04,387.48,15.68,21.76,-17228.22,-9.51,-45.96,0,-49.77,0,0,0,0
디에스티(주),33430,15-Dec,1998-05-25,2021-09-02,4,    기타 전문 도매업,-3.77,-11.24,-15.85,-28.37,128.59,-39.61,0,-74.7,-23.5,-74.94,-5.18,-12.28,-65.4,-160,222.43,0.16,0.78,0.22,27.23,36.98,7.45,49.02,13.41,9.87,0,0.02,0.24,0.82,0.62,0.64,60.49,60.09,0.35,-24.32,387.99,33.4,-2.5,306.26,37.24,20.49,-18268.7,-10.48,-55.24,-1423.03,-62.71,0,0,0,0
디에스티(주),33430,16-Dec,1998-05-25,2021-09-02,4,    기타 전문 도매업,-54.89,-61.78,7.18,-69.32,-30.56,-39.98,0,1288.81,30.58,-148.14,0.25,-36.57,-122.08,-176,265.18,0.25,1.33,0.44,9.71,5.12,6.54,55.83,37.6,71.22,0.02,0.12,0.22,1.36,0.57,0.6,72.51,62.86,9.34,-21.74,594.58,30.67,-0.01,296.42,57.32,14.4,-33754.77,-42.93,-268.07,-1433.02,-108.11,0,0,0,0
디에스티(주),33430,17-Dec,1998-05-25,2021-09-02,4,    기타 전문 도매업,-24.02,-17.93,6.2,-11.47,-33.37,13.47,0,14.6,41.34,9.73,5.77,4.66,11.05,350,1131.02,0.48,4.96,1.05,5.15,3.53,7.92,46.09,70.87,103.29,0.01,1.31,0.34,2.86,0.88,1.07,52.62,40.57,1.78,-45.27,2828.51,348.05,0.85,1456.28,50.27,3.41,10997.08,18.41,105.38,925.4,33.17,34,66,29.35,0
디에스티(주),33430,18-Dec,1998-05-25,2021-09-02,4,    특수 목적용 기계 제조업,-4.57,-67.28,-16.76,-34.63,25.17,9.58,-198.38,12.52,45.52,-6.1,3.42,-2.89,-9.76,0,2768.94,0.47,2.82,1.12,3.78,3.14,10.2,35.77,96.63,116.33,0.01,0,0.34,3.99,0.82,1.04,96.62,76.74,4.4,-2.31,224.81,338.14,0.26,110.64,65.94,30.79,2211.07,3.88,64.76,229.56,8.01,197.12,-97.12,-76.18,0
디에스티(주),33430,19-Dec,1998-05-25,2021-09-02,4,    특수 목적용 기계 제조업,-4.36,339.47,-24.6,58.49,-36.84,-76.57,0,-98.24,43.91,-86.4,-4.03,-32.24,-164.98,0,324.18,0.37,1.94,0.83,5.29,3.17,10.11,36.12,69.04,115.22,0.01,0,0.28,2.26,0.68,0.78,48.4,48.13,2.11,-46.42,1312.06,64.37,-0.64,797.13,43.55,7.08,-7526.7,-13.8,-50.16,-1842.49,-36.17,0,0,0,0
디에스티(주),33430,20-Dec,1998-05-25,2021-09-02,4,    특수 목적용 기계 제조업,2.56,-1.51,-13.09,-1.92,8.37,-17.45,0,-9.74,37.66,-14.71,-1.97,-4.82,-70.01,0,270.24,0.33,5.18,0.59,139.94,4.15,7.68,47.53,2.61,87.93,0.02,0.01,0.25,1.21,0.73,0.73,52.63,52.38,0.53,-41.42,1692.1,50.97,-0.33,967.46,46.02,5.58,10401.2,18.6,70.38,3177.97,57.51,45.93,54.07,-25.58,1
럭슬(주),33600,11-Dec,2000-11-21,2021-08-11,4,    자동차 신품 부품 제조업,-10.77,-2.09,15.42,-7.25,-23.03,-12.88,0,16.54,3.8,-0.44,1.31,-0.36,-0.75,-34,6520.34,0.8,1.69,1.01,35.5,9.48,11.78,30.99,10.28,38.5,0.06,0.03,1.59,1.21,3.84,4.3,58.52,50.69,9.47,-13.65,113.35,719.49,0.15,172.26,19.26,46.87,12065.01,13.67,20.71,63.88,16.09,72.84,27.16,-2.76,0
럭슬(주),33600,12-Dec,2000-11-21,2021-08-11,4,    자동차 신품 부품 제조업,-10.68,-6.33,-16.63,-5.08,-34.13,-12.99,0,-43.65,-0.16,-5.93,-3.21,-4.44,-9.58,-378,5435.73,0.75,1.62,0.9,35.17,8.39,11,33.19,10.38,43.52,0.05,0.03,1.58,1.05,4.43,5.07,51.32,45.44,6.33,-13.47,119.03,626.03,-1.77,187.92,14.2,45.66,7824.08,9.92,14.47,44.9,12.52,107.42,-7.42,-47.37,0
럭슬(주),33600,13-Dec,2000-11-21,2021-08-11,4,    자동차 신품 부품 제조업,-9.8,-14.68,-22.58,-17.05,34.03,-22.85,0,19.41,0.02,-11.89,-3,-7.68,-18.05,-586,4208.35,0.65,1.52,0.78,34.43,6.74,8.2,44.53,10.6,54.19,0.05,0.03,1.3,0.91,3.69,4.14,56.47,50.72,0.33,-16.26,156.07,483,-1.86,202.03,21.1,39.05,8051.06,11.32,16.72,57.82,16.64,97.51,2.49,-71.49,0
럭슬(주),33600,14-Dec,2000-11-21,2021-08-11,4,    자동차 신품 부품 제조업,3.17,-3.63,29.76,-1.04,18.93,-1.66,0,123.01,4.9,-3.11,1.06,-2.7,-7,0,5460.7,0.87,2.17,1.13,25.42,7.74,8.91,40.95,14.36,47.19,0.05,0.04,1.31,1.31,3.82,4.5,48.53,39.26,2.02,-25.79,142.87,474.96,0.47,183.79,24.32,41.18,11446.41,15.6,24.28,84.1,18.23,67.62,32.38,-17.05,0
럭슬(주),33600,15-Dec,2000-11-21,2021-08-11,4,    자동차 신품 부품 제조업,-13.86,-5.19,-23.19,-9.13,-34.54,-9.62,0,-23.06,-2.38,-6.34,-5.61,-4.67,-11.06,-312,4194.18,0.74,1.74,0.88,15.98,7.64,8.08,45.18,22.84,47.78,0.04,0.06,1.15,1.05,4.45,6.17,31.3,21.72,6.17,-31.06,130.74,456.74,-3.72,198.08,14.15,43.34,6990.09,11.54,15.64,58.23,14.49,110.94,-10.94,-43.75,0
럭슬(주),33600,16-Dec,2000-11-21,2021-08-11,4,    자동차 신품 부품 제조업,-9.4,-10.27,-19.65,-9.19,-10.71,-19.34,0,-34.37,-6.92,-31.39,-8.4,-21.07,-51.29,-1129,3370.12,0.67,1.63,0.78,17.83,9.2,10.05,36.31,20.47,39.69,0.04,0.06,1.09,0.91,4.78,6.52,27.57,21.37,5.09,-36.63,159.15,368.41,-5.86,223.01,13.95,38.59,-3420.4,-6.23,-8.54,-38.25,-8.83,0,0,0,0
럭슬(주),33600,17-Dec,2000-11-21,2021-08-11,4,    자동차 신품 부품 제조업,-0.51,1.43,-34.28,1.2,-11.01,-20.74,0,-69.23,-12.46,-40,-8.71,-18.61,-53.67,-886,2214.97,0.47,1.34,0.54,22.62,6.11,7.74,47.14,16.14,59.78,0.03,0.05,0.69,0.63,3.52,4.17,21.88,20.18,0.23,-44.53,225.32,291.99,-5.59,284.73,12.47,30.74,1689.04,3.09,4.16,38.21,6.63,380.32,-280.32,-603.29,0
럭슬(주),33600,18-Dec,2000-11-21,2021-08-11,4,    자동차 신품 부품 제조업,21.1,-5.81,-21.8,-9.89,238.51,-14.93,0,-25.98,-9.32,-48.9,-8.59,-16.13,-62.7,-773,1676.46,0.33,1.28,0.44,43.2,6.44,8.27,44.16,8.45,56.71,0.05,0.02,0.37,0.5,1.33,1.38,49.07,48.24,0.92,-36.19,363.11,197.62,-1.51,301.62,34.87,21.59,288.29,0.44,0.75,9.72,1.45,1808.05,-1708.05,-3378.78,1
에스앤씨엔진그룹리미티드,900080,11-Dec,2009-12-04,2021-06-14,4,    회사 본부 및 경영 컨설팅 서비스업,8.95,28.17,27.3,22.85,-6.19,29.27,39.59,14.39,31.07,20.22,25.45,16.63,19.23,1029,5091.25,0.82,0.95,1.48,20.98,8.51,24.03,15.19,17.39,42.87,0.02,0.18,1.42,2.43,1.85,2.03,631.39,569.97,368.61,34.69,6.98,3749.55,5.33,62.89,41.21,93.47,64284.02,24.89,98.33,141.87,31.57,0,0,64.07,0
에스앤씨엔진그룹리미티드,900080,12-Dec,2009-12-04,2021-06-14,4,    회사 본부 및 경영 컨설팅 서비스업,19.53,12.16,-2.8,-0.23,47.72,11.2,-11.61,5.06,28.13,18.39,17.63,12.84,14.28,893,4948.59,0.7,0.78,1.3,18.64,5.34,23.32,15.65,19.58,68.4,0.01,1.52,1.32,1.98,1.5,1.63,778.16,724.33,503.34,44.39,15,4297.53,19.17,56.43,50.93,86.96,68521.16,22.19,75.31,159.55,34.62,13.41,86.59,53.13,0
에스앤씨엔진그룹리미티드,900080,13-Dec,2009-12-04,2021-06-14,4,    회사 본부 및 경영 컨설팅 서비스업,12.15,-2.61,0.41,-2.16,25.94,10.87,-27.7,0.32,29.33,13.24,13.05,8.04,9.3,641,4811.91,0.61,0.7,1.33,18.24,4.28,20.8,17.55,20.01,85.36,0.01,0.58,0.94,1.9,1.12,1.19,407.34,384.89,279.41,43.15,16.33,4704.08,6.62,49.8,57.19,85.96,63415.96,18.31,72.95,160.44,31.91,14.06,85.94,41.5,0
에스앤씨엔진그룹리미티드,900080,14-Dec,2009-12-04,2021-06-14,4,    회사 본부 및 경영 컨설팅 서비스업,2.63,-3,-12.1,16.68,-7.88,9.53,-43.34,-9.01,28.8,8.54,9.25,4.25,4.78,357,4229.85,0.5,0.56,1.09,16.76,3.78,14.62,24.96,21.78,96.58,0.01,0.17,0.76,1.72,0.92,0.97,621.11,587.3,437.22,43.07,9.01,438.09,11.21,53.05,51.34,91.73,48742.88,13.71,58.97,130.25,27.9,20.09,79.91,30.59,0
에스앤씨엔진그룹리미티드,900080,15-Dec,2009-12-04,2021-06-14,4,    회사 본부 및 경영 컨설팅 서비스업,17.23,4.59,12.97,2.91,30.82,14.71,97.7,30.18,29.16,14.94,11.78,7.64,8.42,322,1081.64,0.51,0.56,1.12,17.27,4.16,11.08,32.95,21.14,87.72,0.01,0.1,0.8,1.93,0.94,0.99,559.34,529.03,380.18,47.04,11.41,429.03,410.6,47.59,57.28,89.76,63492.73,15.24,65.71,143.36,32.17,19.82,80.18,46.43,0
에스앤씨엔진그룹리미티드,900080,16-Dec,2009-12-04,2021-06-14,4,    회사 본부 및 경영 컨설팅 서비스업,0.25,21.83,-15.07,-7.03,5.69,6.44,-5.23,-17.45,27.86,16.67,8.31,6.7,7.24,298,918.63,0.4,0.43,0.98,14.2,3.48,11.21,32.56,25.7,104.85,0.01,0.15,0.61,1.45,0.68,0.72,1284.27,1229.93,993.5,55.68,4.93,428.05,369.09,41.57,60.39,95.3,58047.16,13.9,51.37,107.68,34.63,21.27,78.73,48.13,0
에스앤씨엔진그룹리미티드,900080,17-Dec,2009-12-04,2021-06-14,4,    회사 본부 및 경영 컨설팅 서비스업,0.3,30.42,-6.18,21.46,-13.57,2.38,-28.44,-12.4,27.24,12.71,6.9,4.78,4.96,181,1631.64,0.38,0.39,0.86,15.71,3.71,23.5,15.53,23.24,98.3,0.01,0,0.63,1.07,0.67,0.7,1903.6,1821.96,1126.3,49.3,2.81,405.14,291.46,49.31,52.03,97.27,53403.29,12.75,32.4,55.23,33.96,19.25,80.75,37.44,0
에스앤씨엔진그룹리미티드,900080,18-Dec,2009-12-04,2021-06-14,4,    회사 본부 및 경영 컨설팅 서비스업,9.69,-3.79,-19.13,-2.92,21.31,6.77,-12.97,-20.14,27.52,13.68,5.33,3.96,4.13,151,1103.53,0.29,0.3,0.64,15.12,3.29,17.06,21.39,24.13,110.97,0.01,0.74,0.5,0.78,0.53,0.55,1369.7,1331.04,963.22,53.35,5.62,425.41,193.41,44.84,57.55,94.68,53118.51,11.56,33.46,56.73,41.77,23.34,76.66,32.76,0
에스앤씨엔진그룹리미티드,900080,19-Dec,2009-12-04,2021-06-14,4,    회사 본부 및 경영 컨설팅 서비스업,-0.73,35.49,-15.38,12.13,-10.22,1.08,-68.28,-0.31,27.81,5.13,3.48,1.21,1.26,46,933.82,0.24,0.25,0.52,14.43,3.53,13.01,28.07,25.29,103.39,0.01,0.2,0.4,0.57,0.43,0.44,1659.54,1607.51,969.37,48.91,3.73,413.19,81.38,49.74,52.05,96.41,40293.56,8.83,19.08,34.91,37.44,25.84,74.16,13.7,1
에이아이비트(주),39230,11-Dec,2000-06-22,2021-10-06,4,"    측정, 시험, 항해, 제어 및 기타 정밀기기 제조업; 광학기기 제외",-4.18,0.87,9.76,-1.55,-10.31,5.55,0,-53.79,19.15,-3.32,0.68,-2.43,-5.56,-86,2303.08,0.73,1.67,1.03,10.63,4.51,7.34,49.74,34.33,80.89,0.02,0.13,0.97,1.5,2.52,3.3,63.24,53.23,4.3,-16.32,118.03,282.66,0.12,156.81,28.08,45.87,14997.55,13.36,26.91,137.08,17.88,82.53,17.47,-18.59,0
에이아이비트(주),39230,12-Dec,2000-06-22,2021-10-06,4,"    측정, 시험, 항해, 제어 및 기타 정밀기기 제조업; 광학기기 제외",-23.62,-17.3,-35.16,-15.52,-44.38,-32.42,0,0,10.21,-30.53,-6.23,-19.37,-47.74,-456,1493.23,0.63,1.56,0.8,98.37,3.73,9.92,36.81,3.71,97.91,0.02,0.01,0.88,1.17,3.1,3.2,39.35,38.1,2.86,-31.52,146.42,191.01,-2.31,196.03,20.45,40.58,-2933.72,-3.42,-6.31,-92.42,-5.39,0,0,0,0
에이아이비트(주),39230,13-Dec,2000-06-22,2021-10-06,4,"    측정, 시험, 항해, 제어 및 기타 정밀기기 제조업; 광학기기 제외",5.5,0.13,-11.21,-0.78,29.95,1.31,0,89.06,24.14,0.55,1.91,0.3,0.76,7,1325.84,0.55,1.38,0.71,60.43,2.89,6.69,54.54,6.04,126.19,0.01,0.02,0.72,1.04,2.4,2.5,45.4,43.31,1.36,-30.29,156.62,193.51,0.9,191.98,25.19,38.97,12696.11,14.04,27.38,384.63,26.29,73.82,26.18,2.09,0
에이아이비트(주),39230,14-Dec,2000-06-22,2021-10-06,4,"    측정, 시험, 항해, 제어 및 기타 정밀기기 제조업; 광학기기 제외",6.78,-1.06,46.27,-1.72,32.01,1.43,90.17,303.4,20.81,0.71,1.92,0.54,1.42,14,1939.26,0.76,1.99,1.05,26.85,3.76,6.62,55.16,13.6,96.97,0.02,0.04,0.89,1.53,2.67,2.97,54.13,46.54,6.04,-26.39,170.14,196.28,1.18,186.02,31.14,37.02,14134.37,14.64,30.75,436.14,20.01,76.52,23.48,3.57,0
에이아이비트(주),39230,15-Dec,2000-06-22,2021-10-06,4,"    측정, 시험, 항해, 제어 및 기타 정밀기기 제조업; 광학기기 제외",9.18,0.71,-5.47,0.61,28.15,2.77,0,89.16,16.79,-0.24,-0.34,-0.16,-1.27,-13,1833.21,0.66,1.85,1,10.95,3.14,4.15,88.03,33.33,116.37,0.02,0.1,0.71,1.44,1.95,2.37,60.7,48.14,6.76,-23.66,188.26,201.71,-0.27,182.9,36.55,34.69,13521.18,12.82,29.19,326.67,20.25,80.71,19.29,-1.18,0
에이아이비트(주),39230,16-Dec,2000-06-22,2021-10-06,4,"    측정, 시험, 항해, 제어 및 기타 정밀기기 제조업; 광학기기 제외",-63.14,-98.29,-47.18,-94.07,-9.45,-60.84,0,-36.87,1.77,-66.93,-17.19,-32.72,-87.44,-614,968.25,0.49,1.38,1,5.42,1.95,2.55,143.19,67.33,187.29,0.01,0.21,0.45,1.5,0.96,1.17,161.56,138.25,71.28,34.21,170.13,78.99,-8.14,27.59,89.79,37.02,-21257.3,-54.69,-2844.46,-3366.34,-60.27,0,0,0,0
에이아이비트(주),39230,17-Dec,2000-06-22,2021-10-06,4,"    측정, 시험, 항해, 제어 및 기타 정밀기기 제조업; 광학기기 제외",37.93,2.98,52.75,29.25,38.91,21.59,0,-86.09,21.12,-9.9,6,-11.53,-33.45,-138,1459.59,1.17,3.38,11.84,18.78,3.99,8.24,44.27,19.43,91.59,0.01,0.07,0.76,66.94,1.29,1.39,134.85,132.9,13.91,23.37,206.41,83.79,2.43,29.32,90.43,32.64,3031.29,5.65,371.18,528.94,5.63,207.98,-107.98,-175.94,0
에이아이비트(주),39230,18-Dec,2000-06-22,2021-10-06,4,"    측정, 시험, 항해, 제어 및 기타 정밀기기 제조업; 광학기기 제외",39.19,1.46,-29.9,123.07,30.31,63.76,0,128.76,33.43,-24.64,4.38,-14.52,-40.21,-185,779.85,0.59,1.64,4.56,32.79,2.55,6.78,53.8,11.13,142.97,0.01,0.04,0.39,45.91,0.68,0.69,137.54,134.05,16.28,23.11,160.34,100.28,0.48,39.93,84.66,38.41,3487.66,4.67,420.93,620.2,9.23,198.3,-98.3,-266.82,0
에이아이비트(주),39230,19-Dec,2000-06-22,2021-10-06,4,"    측정, 시험, 항해, 제어 및 기타 정밀기기 제조업; 광학기기 제외",-8.8,999.24,-0.97,47.25,-18.96,76.11,0,117.44,38.57,-29.9,4.68,-15.68,-28.25,-138,472.82,0.52,0.95,2.64,14.7,2.29,6.82,53.54,24.83,159.29,0.01,0.1,0.42,7.53,0.65,0.68,299.46,279.07,28.87,50.11,34.87,96.68,1.28,33.4,75.24,74.15,-1814.07,-2.67,-298.4,-441.3,-4.85,0,0,0,0
에이아이비트(주),39230,20-Dec,2000-06-22,2021-10-06,4,"    측정, 시험, 항해, 제어 및 기타 정밀기기 제조업; 광학기기 제외",-14.6,-0.96,-21.9,32.33,-30.04,-10.29,0,-40.92,33.63,-26.9,-5.67,-12.46,-16.41,-74,279.91,0.46,0.61,1.49,10.54,1.73,6.55,55.77,34.64,211.38,0.01,0.17,0.5,3.22,0.67,0.72,301.18,283.86,20.03,41.17,28.41,82.01,-4.17,49.27,61.63,77.87,964.73,1.66,185.41,264.54,3.3,650.67,-550.67,-814.52,1
