[제조]비유동자산증가율,[제조]자기자본증가율,[제조]재고자산증가율,[제조]매출액순이익률,[제조]매입채무회전기간,[제조]재고자산회전기간,[제조]당좌자산회전률,[제조]현금비율,[제조]순운전자본비율,[제조]자기자본배율,label
0.0632309217046581,-0.3206728873702195,-0.5776811811436708,-0.5841385597082953,0.22936241610738256,0.14290721107508983,-0.43101182654402104,-0.013426633040883849,0.6113242492393175,0.17018640096745835,0
-0.1928642220019821,0.39637271651991063,-0.5123285617927003,-0.026253418413855978,-0.5119127516778523,-0.1337947954087444,1.0354796320630748,-0.3606720420559089,-0.7803942320412752,0.08670410137201943,0
-0.4703666997026758,-0.30279931659876463,0.3213670089185341,0.013855970829535092,0.011912751677852364,0.4686760711469378,0.34691195795006563,-0.25226441231840313,0.06442651144331267,0.8812958802701355,0
2.0303270564915756,0.20870022341963462,1.872442479202578,0.15095715587967184,0.9927852348993289,0.07824410759660043,-0.4520367936925099,0.5891379249103114,-0.09194337875380336,0.3731874496593471,0
-0.3601585728444004,2.000788539886976,0.0,1.3345487693710116,-0.7307046979865772,-0.7162884430035924,-0.42575558475689884,2.0765815366035594,0.07950787141156244,-0.006094804500425658,0
2.0303270564915756,2.218425548692338,1.872442479202578,1.3345487693710116,-0.28070469798657727,-0.2543590642250066,1.2614980289093296,-0.431286186196853,-0.8147903161793887,0.35321411442903644,0
0.4350842418235877,2.218425548692338,0.1313048040170876,0.04156791248860527,0.7001677852348994,0.5890651012003855,1.2930354796320631,-0.461833552374525,-0.8851699960312209,1.544059975079225,0
-0.7787908820614469,2.218425548692338,0.0,0.2494074749316317,1.2421140939597315,-0.6428634013843862,0.48883048620236524,-0.32699889887401,-0.14300833443577185,-0.5711951645436582,1
-0.1456888007928642,-0.4983572085688001,-1.333733043543431,-0.4113035551504102,-0.7719798657718121,-0.5587487952335056,0.06307490144546643,0.8254182502752816,0.002778145257309273,-0.5496430546535988,0
0.27888999008919724,-0.22184255486923382,0.15948437382897399,0.15970829535095712,-0.5377516778523489,-0.09997371418557782,0.0,0.42489255141547966,-0.35203069189046166,1.4848834621059657,0
1.217244796828543,1.7889341569194375,-1.2623847710409952,0.029899726526891532,0.1169463087248322,-0.5650573906948216,-0.34691195795006563,-0.26576208574574656,-0.7380605900251355,0.11038572126825168,0
-0.548463825569871,-4.019450650545406,-2.2183916660421192,-6.11996353691887,1.2421140939597315,0.49443616928064493,-0.39947437582128775,-0.4558661599119101,-0.910305595978304,-0.7075388784733614,1
-0.5655104063429137,-0.44263372322249966,-0.7308701191636063,-0.24503190519598908,-0.46493288590604026,1.0240077105055638,1.266754270696452,0.023514367918161392,0.2670988225955816,0.048951193374653805,0
-0.33716551040634285,-0.15770797739518994,1.872442479202578,-0.013126709206927998,1.2421140939597315,-0.44607027074388855,-0.27858081471747703,-0.24302916207864178,-0.2501653657891255,0.787937060128826,0
-1.1098116947472743,0.6376659219345511,0.8993479727197781,-5.497174111212397,0.3283557046979865,0.6512748619994744,-0.34691195795006563,1.112847653891237,0.05384310093927778,-0.6310050231653054,0
0.051734390485629354,-1.3042449730582204,-0.38492093232406505,-3.0468550592525068,1.2421140939597315,1.2824848856567073,-0.20499342969776604,-0.3115120946257949,-0.4695065484852493,-0.4687400322639122,0
0.021209117938553027,0.2723091076356945,-0.15798546054110768,1.0122151321786692,-0.713255033557047,0.8513975291334442,-0.0946123521681997,0.3099492061236813,0.46209816113242497,0.2943496848187507,0
0.38235877106045585,0.8800105138651597,1.536985685378101,0.43026435733819507,0.11157718120805367,0.09734513274336283,0.30486202365308795,-0.247291585266224,-0.5134277020769942,-0.08626351309488021,0
-0.10445986124876114,-2.326192666579051,1.872442479202578,-1.0304466727438468,-0.8944630872483221,-0.2291246823797424,1.2930354796320631,-0.41920932049870363,-0.910305595978304,-0.7075113417060401,0
0.19365708622398412,0.3863845446182153,0.4664618151839916,0.4288058340929809,-0.4813758389261745,1.2824848856567073,-0.4099868593955322,0.035307072070471957,1.1193279534329936,0.046381095091341716,0
-0.508424182358771,1.4472335392298594,0.04676609458142846,-0.24211485870556063,1.2421140939597315,-0.017961973188469264,1.1038107752956634,-0.38070543103754495,-0.910305595978304,-0.6155936123878735,0
-0.287611496531219,0.027336049415166225,-0.05126283444502735,-0.12980856882406563,0.5656040268456375,0.21282747743800934,1.2930354796320631,-0.4561503214577488,-0.7970631035851302,0.5658897473731069,0
0.7443012884043606,0.33854645814167433,0.0,0.8656335460346398,-0.11057046979865777,0.4970647507228598,-0.6465177398160316,1.7624409476787555,1.0383648630771267,-0.06898878106204717,0
1.4582755203171456,-1.7694835063740308,-1.4773289365210223,-6.11996353691887,0.1169463087248322,-0.034609655655831094,-0.8620236530880421,-0.45188789827016673,-0.5721656303743881,-0.6873177123371599,1
-0.8457879088206145,-0.5046655276646077,0.7431612081241099,-0.4419325432999089,-0.4229865771812081,0.606588977481819,-0.31011826544021026,2.05015451284055,0.6486307712660405,-0.5002879886915673,0
0.7054509415262636,2.218425548692338,-0.2044517724649629,1.3345487693710116,-0.3414429530201342,-0.009024796284938238,-0.7831800262812089,1.5873974354420488,0.2551924857785422,0.06222391522347229,0
0.11397423191278493,0.8516230779340255,0.09563066776586973,0.25888787602552416,-0.5263422818791946,0.6766844826075528,-0.33639947437582124,0.041132383760167604,-0.36182034660669393,0.6415699628942059,0
-0.27730426164519323,-0.39426994348797473,-0.5198231282320317,-0.21586144029170465,-0.7458053691275168,-0.3847367037588714,0.15243101182654392,1.121940823358079,0.1438020902235746,-0.48412390627402285,0
-0.5821605550049553,-1.0424497305822054,0.5710859626770591,-0.3609845031905196,1.0598993288590604,-0.1481643739595198,1.2930354796320631,-0.3686285653393956,-0.910305595978304,-0.5800711825435252,0
-0.1369672943508424,-0.2528584570902878,1.1460690999025704,0.04156791248860527,0.5978187919463086,-0.5983527556295453,-0.4993429697766097,-0.19869996092778755,0.6470432596904353,-0.21998205520662892,0
-0.4917740336967294,-0.43947956367459584,0.47305703365060325,-0.32670920692798544,-0.34278523489932883,0.16165775869622365,-0.047306176084099906,2.0765815366035594,0.9433787538034132,0.572819833815609,0
-1.845193260654113,-1.6264949402023916,-1.3748032676309674,-6.11996353691887,-0.5317114093959732,-0.6828178393060546,-0.914586070959264,-0.21290803821972804,0.0649556819685144,-0.07739667401745363,1
-0.27888999008919724,-0.3890130109081351,-0.5453046541257588,-0.15533272561531447,-0.12902684563758396,-0.2648733899938666,1.2930354796320631,-0.38184207722090024,-0.7060457732504298,-0.18573549558149618,0
0.32725470763131814,0.36062557497700093,1.872442479202578,0.6016408386508659,0.26526845637583896,-0.7136598615613774,-0.08409986859395528,0.48200902212908037,-0.28720730255324767,1.544059975079225,0
-2.3379583746283448,-3.70718885530293,-2.391066476804317,-6.11996353691887,1.2421140939597315,1.2824848856567073,-0.7936925098554534,-0.38667282350015997,-0.595184548220664,-0.571718363122761,0
0.4303270564915758,-0.09672755946904985,-0.5507007419620775,0.13126709206927983,0.44580536912751667,0.5939717865591868,-0.08935611038107749,0.09213938123823384,-0.16417515544384173,0.19271147663620028,0
-0.17819623389494546,-0.4626100670258904,-0.7260735966424342,-0.24794895168641753,1.2421140939597315,-0.22929992114255676,0.11563731931668855,-0.4123894433985722,-0.910305595978304,-0.1220980263022022,0
-0.36214073339940533,2.218425548692338,-0.27490069699467884,-2.9593436645396536,1.143791946308725,0.9674055901165338,0.40473061760840984,-0.387383227364757,-0.5724302156369889,-0.27717592093276205,0
-0.10406342913776014,-1.0272046261006702,-0.5327137825076819,-2.2723792160437553,-0.6568791946308725,0.11714711294138268,-0.06307490144546643,0.6768017618015841,0.05992856197909787,-0.708493486407163,0
1.7591674925668979,-0.3343409120778026,0.9823877688675711,-0.780309936189608,-0.8944630872483221,-0.6954350302286867,-0.5939553219448094,0.5777714630767591,0.7848921815054901,0.9231425876759195,0
0.511595639246779,-0.38375607832829545,1.2593869444652626,0.16700091157702826,-0.014261744966442976,0.4837466047489706,-0.6622864651773981,1.535111711007708,0.8764386823653922,0.2227999843958318,0
0.376808721506442,0.4615586805099225,1.1319793149966273,1.1340018231540565,-0.4998322147651007,0.6321738368527119,-0.2207621550591327,2.0765815366035594,0.989681174758566,1.544059975079225,0
1.7183349851337957,0.34643185701143375,0.2626096080341752,0.7387420237010027,-0.4317114093959732,-0.10820993603785153,0.1314060446780553,-0.218875430682343,-0.014419896811747535,1.4263219369362128,0
0.41050545094152624,2.218425548692338,0.14539458892303078,0.04667274384685507,-0.2578859060402685,-0.3263821957416981,1.2930354796320631,-0.3932085390544526,-0.910305595978304,0.5644853722397257,0
-0.3018830525272547,0.7070574319884346,0.5665892228134601,0.10282588878760256,0.3135906040268456,-0.3757995268553404,0.914586070959264,0.5546122970908962,0.3623495171318957,1.544059975079225,0
0.09930624380574829,1.186489683269812,-0.3138724424792026,-0.5476754785779399,-0.032046979865771874,-0.27538771576272675,0.11563731931668855,0.35484673036621317,0.040613837809234124,-0.4848306833019337,0
0.44856293359762134,0.013668024707583113,0.11032001798695945,-0.010938924339106648,0.4135906040268455,-0.17147112941382633,0.2890932982917214,-0.35314176109118045,-0.2112713321867971,0.14164913110025448,0
2.0303270564915756,2.218425548692338,0.5764820505133778,-0.336918869644485,0.6562080536912751,-0.04564969771313409,-0.5203679369250985,2.0765815366035594,1.1740971027913747,1.016134250919613,0
2.0303270564915756,0.12511499540018398,0.0,1.0814949863263446,1.2421140939597315,-0.7162884430035924,-0.7779237844940867,0.23961922352857595,0.20624421219738065,-0.6827466089618407,1
2.0303270564915756,2.218425548692338,1.872442479202578,-1.1456700091157703,-0.021644295302013408,-0.5175676859721371,-0.48883048620236524,2.0765815366035594,0.7539357057811881,-0.4127761421447928,0
-0.5472745292368681,-0.34432908397949796,-0.15708611256838792,-0.15824977210574293,-0.626006711409396,-0.5492859020415316,0.2680683311432326,2.0765815366035594,0.24672575737531427,-0.556508888639018,0
0.5932606541129832,-0.17505585490866082,-0.902645581953084,0.7219690063810392,0.3404362416107381,-0.11504424778761059,-0.6412614980289093,2.0765815366035594,1.3889403360232833,0.88988735167435,0
-0.4342913776015857,-0.07201997634380339,-0.7101851157910515,-0.016773017319963536,-0.4974832214765101,0.39034434416893016,0.07884362680683318,2.0765815366035594,1.1788596375181901,0.12613675217597833,0
-0.038652130822596616,0.05046655276646077,-0.14479502360788427,-0.0780309936189608,0.3068791946308723,0.5608516603872776,1.0670170827858079,-0.46154939082868623,-0.5650218282841645,-0.7000672356068757,0
-0.22259663032705646,-0.32750689972401104,-1.6062354792775237,-0.06927985414767548,-0.6884228187919463,0.9290283010601945,0.34165571616294355,1.1416900507938763,0.2565154120915466,-0.12027142073656256,0
0.23330029732408322,0.06413457747404389,-0.15468785130780183,0.773746581586144,-0.4847315436241611,0.21825987908525363,-0.1892247043363995,2.0765815366035594,0.5144860431273978,0.7765460173802894,0
0.6511397423191277,0.23025364699697726,0.02008543805740838,0.39598906107566084,1.0739932885906038,0.874178568299308,0.5676741130091983,-0.15834902141867663,-0.10861225029765834,0.07283474956457486,0
-0.7169474727452924,-0.08516230779340254,0.1358015438806865,0.436098450319052,0.15184563758389258,-0.13835100324191718,-0.5308804204993429,1.0261783824104003,1.3907924328614896,0.8025682624988238,0
-0.04340931615460851,0.5104481535024313,0.7827325189237802,1.1529626253418415,-0.8588926174496645,-0.06036975378953825,-0.21550591327201046,1.5108158988384899,0.9708956211139039,0.04300325163327452,0
-0.48265609514370666,-0.5929819950059141,1.042644083039796,-0.6432087511394713,-0.688758389261745,1.2824848856567073,0.25755584756898814,-0.3063971868006963,-0.23825902897208617,0.3708468244370451,0
-0.29514370664023787,-0.23656196609278485,-0.7953233905418572,-4.338377392889699,-0.7427852348993289,0.12082712696048371,-0.38896189224704336,0.5175292153589316,-0.5152797989152004,-0.5090905753119112,0
-1.1110009910802774,2.218425548692338,-0.5809787903769766,-6.11996353691887,1.2421140939597315,-0.5019714360816613,-0.8515111695137977,0.994494370049373,1.2320412753009657,0.7991445244285545,0
0.10247770069375618,-0.05992903141017219,0.1666791576107322,0.12543299908842295,-0.28607382550335575,1.2313151669149216,0.609724047306176,-0.3325400490178668,-0.5245402831062308,0.9866515520410479,0
-2.9849355797819617,-8.776448942042318,-0.6469309750430937,-6.11996353691887,-0.8253355704697988,-0.1854902304389731,-0.5308804204993429,-0.39803928533371236,-0.910305595978304,-0.7563615669338496,1
0.04142715559960356,0.19766066500197127,0.026980439181593343,0.7635369188696445,0.7290268456375839,0.5825812669762552,0.12614980289093297,0.5949632366000072,0.29620320148167745,0.5934632303840689,0
-0.38434093161546085,0.1545538178472861,0.5345124784531214,0.7081130355515041,-0.2135906040268457,0.4085691755016209,-0.31011826544021026,2.055411501438568,0.9439079243286149,1.0396139345221567,0
1.4293359762140732,2.218425548692338,0.3846211496664918,1.1041020966271649,-0.09244966442953029,0.09997371418557782,0.12089356110381087,0.6789329733953753,0.7340918110861225,0.645012058809356,0
-0.48265609514370666,-1.0824024181889866,-0.22243873191935845,-0.8743846855059253,0.6290268456375838,0.7513361955664594,0.6044678055190539,-0.16502681774588862,-0.12501653657891248,-0.06103983422866071,0
0.154013875123885,0.25285845709028776,-0.24971895375852507,1.1609845031905195,-0.49882550335570475,0.07736791378252868,-0.4152431011826544,0.24700742372038492,-0.06601402301891778,0.9506885339195602,0
-0.9139742319127848,-0.2518070705743199,0.8438881810687251,-2.80109389243391,-0.14748322147651005,-0.4783142031017262,-0.14191852825229961,0.09086065428195925,0.27000926048419116,-0.6502715813677051,1
-0.2491575817641229,-0.6013930871336576,-0.5399085662894402,-1.5387420237010028,1.1236577181208054,1.2824848856567073,0.24704336399474375,0.28877917095869,0.05781187987829084,-0.2165216014465981,0
-0.3601585728444004,-2.2715205677487185,0.0,-1.7699179580674569,0.14949664429530196,-0.7162884430035924,0.03153745072273315,-0.43881646716158146,-0.910305595978304,-0.6742836424717918,0
-0.4612487611496531,0.5341043501117098,0.7122835943940643,-0.7722880583409297,-0.5098993288590604,0.760623849995619,0.47831800262812085,-0.0964018044258162,-0.7200687921682761,-0.024617869985153026,0
-1.4634291377601585,-17.45038769877776,0.0,-6.11996353691887,0.8850671140939597,1.2824848856567073,-0.5256241787122208,-0.4503250097680533,-0.910305595978304,-0.7563615669338496,1
-0.42160555004955397,-0.734393481403601,0.6445327137825076,-0.3456700091157703,1.155536912751678,0.37369666170156846,0.5308804204993429,-0.3035555713423082,-0.7161000132292631,0.5074567271175198,0
-0.27175421209117934,-0.12564068865816796,-0.06895001124184966,0.15606198723792158,0.07567114093959729,0.8615613773766758,1.2930354796320631,0.25865804709977613,0.5462362746395026,-0.03677076329624278,0
0.06957383548067396,0.7895912734919174,-0.41100202353293863,0.11522333637192343,-0.8048657718120805,-0.4781389643389118,1.2930354796320631,0.41835683586118705,-0.33985976981082144,-0.062214736301031894,0
1.2049554013875121,2.218425548692338,1.872442479202578,0.654147675478578,-0.04479865771812083,-0.12433190221677033,0.9776609724047306,-0.25411146236635535,-0.8050006614631564,0.10161067141522923,0
1.6818632309217045,0.0005256932579839551,-0.952409503110245,0.7263445761166818,-0.40553691275167786,-0.3006220976079909,-0.4993429697766097,0.9522963804923098,1.0724963619526393,1.1406187970563193,0
-2.1718533201189296,-4.118806676304376,-1.0879112643333582,-4.521422060164084,0.0998322147651006,1.2569000262858143,0.03679369250985549,-0.44094767875537255,-0.910305595978304,-0.72608948072541,1
-0.39583746283448956,0.6786699960573005,0.0,-0.3354603463992707,0.5451342281879193,-0.6957855077543152,-0.7831800262812089,-0.05803999573757688,0.3774308771001455,0.21894483697086373,0
0.6959365708622398,-0.11933236956236039,0.584875964925429,0.26763901549680946,0.24412751677852343,0.7827039341102253,0.504599211563732,-0.387383227364757,0.16761476385765314,1.0892168313900787,0
0.4850346878097126,-0.06045472466815615,1.872442479202578,0.7788514129443938,-0.6075503355704698,-0.6230614211863664,-0.1892247043363995,0.2259794693283131,0.009657362084931922,1.544059975079225,0
0.1920713577799802,0.9183861216979892,0.9667990706737615,0.7868732907930719,-0.09916107382550342,-0.0014895294839218586,-0.4099868593955322,2.0765815366035594,0.4938483926445297,-0.6210367133950307,0
0.8874132804757184,-0.5682744118806676,-0.5219216068350445,-5.0975387420237,0.10553691275167784,1.2824848856567073,-0.6044678055190538,-0.27911767840017054,-0.6518057944172508,-0.7059142092014106,0
1.5018830525272546,2.1006702589039294,-1.8370681256089334,0.6300820419325434,0.8075503355704697,1.2824848856567073,1.2457293035479633,-0.34433275317017736,-0.910305595978304,-0.6812229078367342,0
0.46560951437066395,-0.9457221711131555,-0.9661995053586149,-0.39817684594348224,1.0864093959731544,0.8522737229475161,0.6044678055190539,-0.16829467552303495,-0.16232305860563562,1.544059975079225,0
-0.09494549058473734,-1.4551189380996188,-0.2811961328037173,-0.9020966271649954,0.7679530201342281,1.2824848856567073,1.2930354796320631,-0.45842361382445934,0.32213255721656314,-0.37687737648038794,0
-0.24995044598612484,-0.09883033250098569,0.37083114741812184,-0.10063810391978123,-0.2961409395973155,0.05633926224480861,1.2930354796320631,-0.40556956629844076,-0.01971160206376498,-0.2869698311766689,0
0.08146679881070369,-0.43474832435274013,0.12920632541407479,-0.5228805834092981,-0.5713087248322147,0.8004030491544729,-0.5519053876478318,2.0765815366035594,0.0959121576928166,1.4231001351596326,0
-0.8664023785926658,-2.2368248127217765,0.3423517949486622,-1.5759343664539653,-0.058892617449664515,0.40313677385437663,-0.06307490144546643,0.9072567754768586,0.7798650615160736,-0.5206376597419344,0
2.0303270564915756,-0.05624917860428441,-2.3269129880836394,0.5535095715587967,0.8850671140939597,-0.3393498641899588,-0.4152431011826544,1.851099349980464,1.1158883450191825,-0.4782952905243687,0
-0.0521308225966303,1.0902878170587462,1.224012590871618,1.3345487693710116,-0.5444630872483222,0.11101375624288094,-0.15243101182654403,1.2955635278655915,0.8338404550866516,1.544059975079225,0
2.0303270564915756,-0.0425811538967013,0.0,1.3345487693710116,-0.886744966442953,-0.7162884430035924,-0.914586070959264,2.0765815366035594,1.4077258896679457,1.544059975079225,0
0.998414271555996,-0.1051386515967933,1.872442479202578,-0.1064721969006381,-0.5572147651006711,-0.41330062209760804,0.7148488830486203,-0.19685291087983525,-0.3943643339066013,0.09312016815785912,0
0.04023785926660062,0.5083453804704954,-0.4325863748782133,-0.1064721969006381,-0.2598993288590604,-0.0615964251292386,1.2930354796320631,-0.21376052285724445,0.06098690302950134,-0.01786218306901864,0
-0.2780971258671952,-0.07622552240767513,1.710559844113018,-0.011668185961713776,1.2421140939597315,-0.23140278629632874,0.3784494086727989,0.32472560650729937,0.2054504564095781,-0.00548899561935928,0
-1.1482656095143704,-3.3696937836772247,-0.6412351045492019,-6.11996353691887,1.0290268456375837,1.2824848856567073,-0.16819973718791068,-0.42290342059460817,-0.910305595978304,-0.6733382134604305,1
0.4156590683845392,0.3758706794585359,0.5372105223712809,-0.15460346399270739,-0.12130872483221483,-0.2338561289757294,0.9671484888304862,-0.34703228785564605,-0.910305595978304,1.544059975079225,0
-0.43151635282457873,0.16822184255486924,-0.4151989807389642,0.5374658158614403,-0.5223154362416108,0.4427407342504162,-0.22601839684625488,0.2512698469079671,0.7290646910967059,0.4389452500223735,0
-0.020019821605550027,1.1107898541201209,0.087836318668965,-0.43026435733819507,-0.28808724832214766,-0.12310523087706998,0.16819973718791068,-0.40471708166092435,-0.910305595978304,-0.3902510664760509,0
1.305649157581764,0.3837560783282954,1.872442479202578,0.8415679124886052,-0.5934563758389262,-0.6167528257250504,-0.36793692509855447,0.48243526444783863,1.0682629977510252,1.049536349680229,0
0.08305252725470766,-0.002102773031935867,1.872442479202578,0.0036463081130355384,0.4119127516778523,0.12047664943485499,0.8462549277266754,-0.30739175221113213,-0.33271596772059786,0.5065112981061586,0
-0.1857284440039643,0.6324089893547116,0.6562242374278647,0.5972652689152232,1.2078859060402682,-0.48847805134495753,-0.8147174770039421,-0.36635527297268505,-0.910305595978304,-0.602596258212267,0
0.18493557978196237,-0.2544355368642397,0.006895001124184966,-0.11741112123974476,0.3531879194630872,1.2824848856567073,0.4099868593955322,-0.3598195574183925,-0.5531154914671252,0.2524295460334433,0
-0.46560951437066395,-0.4605072939939545,-0.23263134227684926,-1.3841385597082951,0.33708053691275175,1.2824848856567073,0.015768725361366635,-0.2545377046851136,-0.415795740177272,-0.6618278447201689,0
2.0303270564915756,2.137994480220791,0.0,-0.9640838650865998,1.2421140939597315,0.02760010514325774,-0.7201051248357425,2.0765815366035594,0.47241698637385904,-0.6705294631936681,0
0.022001982160555027,-0.42265737941910897,0.9970771190886606,-0.15824977210574293,0.04647651006711403,0.6185052133531938,1.2930354796320631,-0.3843995311334495,-0.8888741897076332,0.8793224119454495,0
0.1785926660059465,-1.8520173478775135,-0.03417522296335156,-6.11996353691887,1.2421140939597315,-0.03355822307894505,-0.9250985545335085,1.8634603772244522,0.8243153856330202,-0.6477840933863568,0
0.7062438057482655,0.0005256932579839551,1.872442479202578,-0.7628076572470374,-0.011912751677852364,-0.709804608779462,-0.08935611038107749,0.7924555109579796,0.14353750496097378,-0.20391894093592874,0
-0.2753221010901883,-0.24812721776843213,0.15468785130780183,-0.14731084776663628,0.15352348993288586,-0.08227459914133008,1.2930354796320631,-0.3738855539374135,0.06363275565551002,0.2878142920411857,1
-0.28047571853320113,1.5528978840846366,0.6163531439706212,0.07365542388331812,1.2421140939597315,0.41365109962323676,-0.34691195795006563,-0.41963556281746184,0.11019976187326373,-0.5495420865067544,0
0.12071357779980177,0.14246287291365486,1.872442479202578,0.28878760255241565,-0.4713087248322148,-0.5752212389380532,-0.4940867279894875,2.0765815366035594,0.21735679322661736,-0.5554165968686104,0
-0.8101090188305253,2.218425548692338,0.7437607734392565,-5.355697356426618,1.2421140939597315,-0.5859108034697276,-0.5624178712220761,-0.44748339430966516,-0.5808969440402169,-0.6948995022729304,1
2.0303270564915756,-0.03101590222105405,0.0,1.3345487693710116,-0.8944630872483221,-0.7162884430035924,-0.8725361366622864,1.247256065072994,0.8063235877761609,-0.039524440028362806,0
2.0303270564915756,-3.0542778288868444,0.0,-6.11996353691887,-0.8944630872483221,-0.7012179094015597,-0.7306176084099869,0.3660711114268461,0.562111390395555,-0.7052716846305825,1
2.0303270564915756,-0.2628466289919832,-2.996927227759874,-0.5265268915223336,-0.5169463087248323,1.2824848856567073,0.39947437582128775,-0.3967605583774377,-0.910305595978304,-0.5609973817123737,0
0.36214073339940533,-0.2565383098961756,0.0,-0.03135824977210575,-0.5666107382550336,-0.6157013931481644,-0.12614980289093297,0.9132241679394736,-0.2758301362614102,0.5193801473675995,0
-0.1726461843409316,0.311210408726508,0.0,0.11157702825888786,-0.5729865771812082,-0.39034434416893016,0.21024967148488838,2.0765815366035594,0.7139833311284561,-0.5235565570779817,0
1.4677898909811693,0.5567091602050204,0.048864573184441276,1.3345487693710116,-0.6156040268456375,-0.47533514413388245,-0.5151116951379763,2.0765815366035594,0.8534197645191163,1.544059975079225,0
2.0303270564915756,-0.7364962544355369,-0.136401109195833,-0.6468550592525069,1.1786912751677852,0.7529133444317884,-0.15768725361366626,0.5144034383547047,-0.003836486307712555,0.2215149352541757,0
0.3288404360753221,0.027861742673150183,0.9599040695495766,0.05031905195989061,-0.7179530201342282,0.480942784543941,-0.15768725361366626,-0.37473803857493,-0.6668871543855006,-0.30559386480824074,0
-0.287215064420218,-0.6108555657773689,0.6223487971220865,-0.15168641750227893,0.881711409395973,-0.40664154911066325,0.6938239159001314,-0.2850850708627856,-0.8044714909379547,0.13426009853573234,0
0.05530227948463827,1.138651596793271,-0.3276624447275725,0.9538742023701002,1.1431208053691275,0.3088583194602646,0.2680683311432326,0.626221006642276,0.07209948405873796,-0.039579513563005264,0
-0.31655104063429135,-0.17453016165067683,0.2737015663643858,0.8824065633546034,-0.8897651006711409,1.2824848856567073,-0.683311432325887,-0.11458814335949996,0.8626802487101469,-0.17735513939341088,0
-0.4438057482656095,-1.3357865685372585,0.3858202802967848,-2.4043755697356426,-0.3666107382550336,1.2824848856567073,0.27332457293035467,-0.40471708166092435,-0.5068130705119724,-0.1149935403333325,0
-0.3478691774033696,-0.6623735050597976,0.0,-1.1216043755697356,-0.3726510067114094,0.17707876982388498,-0.25755584756898814,-0.2207224807302953,0.2088900648233894,-0.5895346515795776,0
-0.7799801783944498,-0.9378367722433959,0.0,-2.7609845031905196,-0.4917785234899329,0.7632524314378342,-0.5729303547963205,2.0765815366035594,1.1095382987167615,-0.37556479057141073,0
-0.031912784935579766,-0.4799579445393613,1.872442479202578,-0.28003646308113034,-0.03137583892617457,-0.23420660650135808,0.5781865965834427,0.1296487052889567,0.021299113639370374,-0.44327770141424233,0
0.556392467789891,-0.011565251675647294,0.2074495990406955,0.36171376481312667,-0.34546979865771815,0.39209673179707355,0.21550591327201046,-0.2738606898021526,-0.3128720730255324,0.01062001326354297,0
2.0303270564915756,2.218425548692338,1.872442479202578,0.7773928896991795,-0.3937919463087249,-0.6300709716989398,1.2930354796320631,1.085710226263631,0.15517925651541215,0.8666646779001377,0
-0.2531219028741328,-0.1046129583388093,0.25871243348572287,-0.5075660893345487,-0.1179530201342282,0.22334180320686933,-0.05256241787122212,1.9565232834866622,0.31631168143934396,-0.3678820324887958,0
-0.15877106045589692,2.218425548692338,0.670314022333808,-0.09407474931631724,1.2421140939597315,0.6798387803382109,0.5939553219448095,-0.3969026391503571,-0.6885831459187722,-0.6461227084246443,0
-3.8479682854311195,1.1050072282822971,0.11901371505658398,-2.1148587055606196,-0.7656040268456377,0.20529221063699296,-0.33639947437582124,-0.2096401804425817,0.5012567799973542,-0.501609753522985,0
0.39900891972249747,-0.16349060323301354,0.0,-0.27128532360984503,1.2421140939597315,0.9710856041356349,-0.11038107752956634,-0.25951053173729277,0.2692155046963885,-0.6395505999573178,0
-0.05807730426164518,-0.36640820081482456,1.872442479202578,0.18523245214220602,-0.25218120805369126,0.7113817576447911,-0.07358738501971085,0.5388413312968423,0.5697843630109803,1.1256387956335863,0
0.19682854311199205,0.37166513339466417,-1.3283369557071123,0.13126709206927983,1.2421140939597315,-0.6921054937352142,-0.39947437582128775,1.1814726672113098,0.555761344093134,-0.0752396272439597,0
2.0303270564915756,1.1333946642134316,1.872442479202578,0.8627164995442115,0.2192953020134227,-0.08192412161570135,0.02102496714848873,0.21276595744680846,-0.2549279005159412,0.6946792081343608,0
2.0303270564915756,2.218425548692338,1.872442479202578,1.3345487693710116,1.2421140939597315,-0.6994655217734163,-0.9093298291721419,0.26590416651866583,-0.026590818891387723,-0.5329649525793918,0
0.9690782953419227,-0.0735970561177553,-0.005396087836318669,0.18304466727438468,0.24110738255033565,-0.5389468150354859,-0.48883048620236524,0.26334671260611653,1.6434713586453233,-0.07169656318196524,0
2.0303270564915756,0.26494940202391903,0.34864723075770065,1.3345487693710116,-0.8045302013422819,0.5794269692455971,-0.683311432325887,2.0765815366035594,1.1235613176346075,0.6950188282646557,0
0.6079286422200197,-0.43790248390064396,-0.09203327587499062,-0.14439380127620782,-0.17130872483221476,1.2824848856567073,-0.1314060446780552,0.5583063971868005,0.41103320545045646,1.013472363411897,0
0.22854311199207136,2.218425548692338,0.3360563591396238,-6.11996353691887,1.128020134228188,0.5550687812144046,-0.9093298291721419,-0.23748801193478505,0.4639502579706311,-0.33595774024108427,0
1.8614469772051534,-2.0544092522013404,1.2270104174473506,-2.9892433910665446,-0.24882550335570477,-0.5088057478314203,-0.24704336399474375,-0.25340105850175837,-0.8163778277549939,-0.3565277054300209,0
0.004955401387512388,-0.2875542121172296,-0.38492093232406505,-0.03135824977210575,-0.8944630872483221,0.4692017874353808,-0.2207621550591327,0.19827371860902912,0.8348987961370551,0.43689835031816426,0
0.46283448959365703,-0.7701406229465106,-0.008393914412051263,-0.4185961713764813,-0.34379194630872484,-0.10295277315342154,-0.18396846254927732,-0.024224771782758576,-0.11813731975128974,-0.12028977858144335,0
0.1920713577799802,0.16506768300696542,-0.23413025556471556,0.9990884229717412,0.12701342281879194,0.26855340401296773,-0.5571616294349541,2.0765815366035594,0.7978568593729329,-0.04846471048531252,0
1.8218037661050543,1.049283742935997,0.0,1.2397447584320875,-0.38338926174496646,-0.06720406553929731,-0.6780551905387647,2.0765815366035594,0.7960047625347269,0.981722470690553,0
-0.4937561942517344,0.09725325272703375,0.0,0.5454876937101185,-0.8944630872483221,-0.7162884430035924,-0.1892247043363995,0.6648669768763541,-0.5144860431273977,0.9299074535144943,0
-0.3264618434093161,0.2307793402549612,-0.3294611406730121,0.0,1.173993288590604,0.04494874266187677,1.2930354796320631,0.03232337583916445,-0.6729726154253207,0.1598968289117699,0
-0.2083250743310208,0.26600078853988696,0.40260810912088735,0.34202370100273466,-0.2119127516778524,1.1338824147901516,0.6044678055190539,-0.2869321209107379,-0.42082286016668863,0.6066441630084836,0
-0.3038652130822596,1.0692600867393875,1.7885033350820654,0.9254329990884229,0.5525167785234898,-0.18181021641987208,0.1366622864651774,1.244414449614606,0.3149887551263395,0.4289677613296585,0
1.6782953419226956,0.35852280194506503,0.3822228884059057,0.1290793072014585,1.1478187919463085,0.544203977919916,0.3258869908015768,0.09981174297588168,-0.08374123561317633,-0.03376007673579157,0
-0.03151635282457877,-0.03101590222105405,0.30607809338229786,0.04594348222424794,0.10989932885906036,0.20161219661789193,0.9356110381077529,-0.3808475118104644,-0.4142082286016668,-0.14135540558216164,0
0.288404360753221,0.5256932579839664,0.25661395488271005,0.32379216043755693,-0.2733221476510067,0.29326206956978884,1.1248357424441522,-0.4629701985578803,0.4615689906072232,0.068961244294726,0
-0.40218037661050543,-0.9083979497962938,0.032376527017912014,-1.1886964448495898,-0.8944630872483221,-0.2766143871024271,-0.4625492772667542,0.391645650552339,-0.11760814922608802,0.5023165305508959,0
0.5631318136769078,-0.4016296490997503,0.0,-0.09115770282588878,-0.6454697986577181,0.10645754840970828,0.37319316688567683,-0.21404468440308325,0.12289985447810564,0.8077268169103285,0
-0.24043607532210107,-0.6434485477723748,-0.920032976092333,-0.8495897903372835,-0.3602348993288591,-0.24209235082800318,-0.2628120893561104,0.4196355628174617,-0.15253340388940329,1.544059975079225,0
-0.5754212091179385,-0.15087396504139836,-2.5748332458967247,-0.044484958979033734,0.2917785234899329,-0.6097432752124771,-0.4467805519053877,1.2005114907825098,0.7912422278079111,0.19658498190604914,0
-2.5401387512388505,0.08621369430937047,-0.11811436708386419,-0.03281677301731997,-0.1528523489932886,0.013055287829667878,0.5939553219448095,0.4564344830035876,0.35070776557745736,-0.3385186596019559,0
0.595242814667988,-0.6476540938362465,0.8627744884958405,-0.18085688240656334,1.1317114093959733,0.029352492771400986,0.2365308804204993,-0.2985827442901291,-0.018388675750760596,-0.3732149864266683,0
0.10089197224975222,-0.4089893547115258,0.004196957206025632,-0.4587055606198724,-0.5317114093959732,0.6491719968457024,-0.5676741130091985,2.0765815366035594,0.3430347929620321,1.1913690592292914,0
0.21902874132804756,2.218425548692338,1.0303529940792924,0.6665451230628988,-0.38137583892617455,-0.32235170419696835,-0.08935611038107749,2.0765815366035594,1.5995502050535786,0.8231290487653199,0
0.8560951437066402,-0.008936785385727423,1.3277373903919658,0.49516864175022784,0.9414429530201341,-0.42556733549461145,-0.7358738501971089,-0.06855397293361286,0.27609472152401116,0.2854920246637645,0
0.4802775024777007,-2.545932448416349,-2.8569287266731616,-6.11996353691887,0.05385906040268457,1.0559011653377728,-0.7726675427069645,-0.46325436010371907,-0.910305595978304,-0.5989797627707493,1
-0.6031714568880079,-0.3338152188198186,-0.320167878288241,-0.11084776663628076,-0.137751677852349,-0.16130728117059492,0.047306176084099906,-0.14769296344972127,0.2673634078581824,1.1443179027998003,0
-0.8156590683845392,0.7112629780523065,-0.3276624447275725,1.3345487693710116,-0.6166107382550335,0.6293700166476826,-0.7043363994743758,-0.42617127837175445,0.5396216430744808,-0.5783914397369319,0
-1.7611496531219029,0.6098041792614011,-2.1686277448849585,0.2494074749316317,-0.4739932885906041,0.2892315780250592,0.6149802890932984,-0.30511845984442165,-0.7174229395422674,1.544059975079225,0
-0.4489593657086223,-1.3993954527533183,1.872442479202578,-6.11996353691887,1.2421140939597315,0.8442127398580566,-0.9303547963206307,0.3164849216779738,0.4269083212065089,-0.6258556476762408,0
0.03429137760158574,2.218425548692338,0.0,1.3345487693710116,-0.8944630872483221,-0.7162884430035924,-0.8935611038107752,0.46638013710794574,1.6887154385500727,1.544059975079225,0
-0.33201189296333,-0.6907609409909318,-0.6256464063553924,-0.7788514129443938,0.7723154362416107,-0.7108560413563481,-0.2628120893561104,0.361808688239264,0.05648895356528645,-0.036155775492736006,0
0.7799801783944498,-0.10566434485477724,0.24402308326463315,0.2931631722880583,-0.4518456375838927,-0.4919828266012442,-0.4678055190538764,1.2560650729939973,0.6573620849318694,-0.3817146686064788,0
0.18414271555996034,-0.1939808121960836,0.5818781383496965,0.060528714676390157,-0.08875838926174495,-0.07123455708402696,0.6990801576872535,0.01413703690548073,-0.31393041407593586,-0.15042418095327695,1
1.6596630327056492,0.31436456827441184,-2.185415573709061,0.7511394712853237,-0.6323825503355706,-0.6584596512748621,-0.9461235216819973,-0.38368912726885246,0.6496891123164439,1.3239953095706325,0
-0.463230921704658,0.985149165461953,0.28988982987334183,-6.11996353691887,1.2421140939597315,-0.5652326294576361,-0.8988173455978975,-0.3467481263098073,-0.09644132821801815,-0.507777989402934,1
2.0303270564915756,0.952556183466947,1.872442479202578,0.6628988149498632,0.2192953020134227,0.22001226671339702,-0.17345597897503287,0.7938763186871738,-0.11178727344886884,-0.6034131823094626,0
0.31813676907829536,-0.14088579313970298,0.0,0.4185961713764813,-0.1753355704697987,-0.7162884430035924,0.12089356110381087,-0.20424111107164436,-0.7383251752877363,1.544059975079225,0
-0.14687809712586716,0.8342752004205546,0.44008094131754477,0.49298085688240656,-0.17265100671140937,-0.07508980986594228,0.2680683311432326,0.2515540084538059,-0.22767561846805123,0.7924347321246219,0
0.0033696729435084226,0.2891312918911814,-0.414899198081391,0.33618960802187786,-0.45922818791946307,0.01638482432314032,0.1314060446780553,0.35342592263701905,0.282709353089033,1.544059975079225,0
-1.5990089197224975,-1.8956498882901827,-0.047365659896574985,-0.992525068368277,1.2421140939597315,0.701393148164374,0.5098554533508541,-0.4366852555677904,-0.910305595978304,-0.2940651382230982,0
0.20317145688800792,-0.17715862794059667,-0.18256763846211496,0.13710118505013671,0.7810402684563758,1.2824848856567073,-0.3153745072273325,1.1456683124356197,0.6282577060457734,0.6106094575027363,0
-0.7046580773042616,-2.6473912472072545,-0.37802593119988004,-2.2191431175934366,-0.10889261744966446,0.21896083413651096,0.6727989487516426,-0.253969381593436,-0.7774837941526657,-0.4493541480697872,0
-0.6440039643211098,2.218425548692338,-1.8673461740238326,-1.9237921604375572,0.6823825503355705,-0.5666345395601508,-0.22601839684625488,-0.22427450005328042,-0.910305595978304,-0.47463290047064904,1
-0.5674925668979187,-0.2533841503482718,0.5704863973619126,-0.8080218778486782,-0.7035234899328859,-0.5862612809953561,-0.4940867279894875,0.5296060810570808,0.989681174758566,0.026251718179544324,0
-0.27651139742319125,-0.09357339992114602,0.44907442104474254,-0.03792160437556973,0.5085570469798658,0.0032419171120652286,1.2930354796320631,-0.26192590487692263,-0.8782907792035981,-0.14120854282311526,0
-0.4973240832507433,-0.5956104612958338,0.00929326238477104,-0.356608933454877,-0.4307046979865772,1.2672391132918601,-0.19448094612352163,0.0740951230774695,-0.46765445164704317,-0.26411431430007265,0
2.0303270564915756,-0.13510316730187935,0.0,0.03719234275296261,-0.4810402684563759,-0.7162884430035924,-0.6307490144546649,1.0285937555500302,0.520306918904617,0.15055268586744253,0
-0.6071357779980178,-0.19555789197003548,-0.10372479952034774,0.25378304466727436,-0.5924496644295302,0.040392534828704106,0.6360052562417872,1.1769260824778887,0.18904617012832392,0.3257232417200383,0
-0.24440039643211095,0.08095676172953081,0.5462040020984785,0.31795806745670013,-0.6552013422818792,-0.018137211951283566,0.19973718791064393,0.2295314886512982,-0.11178727344886884,0.17188450161893237,0
0.7946481665014866,2.218425548692338,0.0,-6.11996353691887,-0.8944630872483221,-0.7162884430035924,-1.040735873850197,2.0765815366035594,1.181505490144199,1.2022277244762847,0
-0.6134786917740337,-0.8384807464844263,-0.05426066102075995,-0.919598906107566,-0.5005033557046981,1.2488390431963552,-0.3206307490144547,0.051362199410364726,0.004894827358116213,1.490739614622941,0
0.1211100099108028,-0.17137600210277304,0.2116465562467211,-0.02333637192342755,0.6897651006711409,0.6833435555944977,0.9829172141918527,-0.4467729904450682,-0.910305595978304,0.03458617975542766,0
2.0303270564915756,2.218425548692338,0.0,1.3345487693710116,0.4612416107382549,1.011040042057303,-0.14191852825229961,-0.2484282314495792,-0.32319089826696645,1.544059975079225,0
0.4457879088206145,-0.002102773031935867,-0.017387394139249043,-0.013855970829535092,0.38204697986577174,-0.06545167791115394,0.7989487516425754,-0.3578304265975208,-0.7428231247519512,0.5982729857428385,0
-1.9958374628344895,-0.1629649099750296,-0.1645806790077194,0.26909753874202363,-0.0035234899328859203,-0.690353106107071,-0.683311432325887,1.2077576102013996,0.5573488556687394,0.22807786479906186,0
-0.26818632309217044,-0.3096333289525562,0.30218091883384546,-0.7970829535095715,1.0625838926174496,-0.10645754840970828,1.2930354796320631,-0.4034383547046497,-0.910305595978304,-0.2030285854592099,0
-0.2923686818632309,-0.13983440662373506,-0.11002023532938619,0.1436645396536007,-0.13741610738255042,1.0432839744151405,0.03153745072273315,-0.1884701452775904,0.5417383251752877,0.3782817516137693,0
-0.3855302279484638,0.14456564594559068,0.087836318668965,0.1903372835004558,0.44244966442953026,-0.1774292473495137,0.8672798948751643,-0.2698824281604093,-0.37425585394893496,1.544059975079225,0
-0.005351833498513371,0.5314758838217899,0.0,1.3345487693710116,-0.7192953020134228,-0.15657583457460789,-0.5676741130091985,0.22256953077824734,-0.6409577986506151,0.20483683317996884,0
-0.7910802775024776,0.13142331449599154,-0.8025181743236153,0.029170464904284404,-0.44211409395973156,-0.5370191886445281,1.2930354796320631,2.0765815366035594,0.891784627596243,0.2963782266780791,0
-0.06798810703666996,-0.053095019056380637,0.10072697294461515,0.3726526891522334,-0.18104026845637583,1.2576009813370719,-0.06833114323258864,1.100486626647249,0.6195263923799443,1.544059975079225,0
-0.09970267591674924,0.9688526744644499,1.872442479202578,0.1268915223336372,0.3491610738255034,0.6135985279943924,1.2930354796320631,-0.2265477924199909,-0.2379944437094853,-0.016760712376170585,0
-0.02438057482656094,0.10671573137074514,0.25841265082814957,0.8422971741112124,-0.514261744966443,0.8992377113817577,0.24704336399474375,1.6037367243277805,0.2350840058208758,0.4754957191800467,0
-3.3115956392467787,-10.30463924300171,-2.9966274451023005,-6.11996353691887,1.2421140939597315,1.2824848856567073,-0.961892247043364,-0.43441196320107994,-0.910305595978304,-0.8187323449163684,1
-0.3546085232903865,0.004205546063871734,-0.3582402758000449,0.16335460346399272,0.5978187919463086,0.012704810304039279,0.30486202365308795,-0.11899264732000153,0.41844159280328097,1.544059975079225,0
0.5841427155599603,0.23235642002891307,-0.050063703814734316,1.0683682771194165,-0.7558724832214766,0.09506702882677644,-0.43101182654402104,2.0765815366035594,1.1714512501653658,-0.1374360057001108,0
1.4035678889990089,0.9020896307004862,1.872442479202578,1.3345487693710116,-0.8830536912751679,-0.1401033908700604,-0.4678055190538764,1.457961851312471,1.1262071702606165,1.544059975079225,0
-0.33716551040634285,0.5346300433696939,-0.30937570261560365,0.22169553327256153,-0.34345637583892613,0.2738105668973977,0.8042049934296978,-0.023798529464000347,0.2816510120386295,-0.2775247199854972,0
-0.34033696729435087,0.4973058220528322,-0.008993479727197782,0.6833181403828623,-0.501510067114094,0.228423727328485,0.3626806833114324,2.0765815366035594,0.8346342108744543,0.5732237064029867,0
0.4180376610505451,-0.7790774083322382,0.0,-0.8678213309024613,-0.40486577181208055,0.39612722334180317,-0.38896189224704336,-0.1761091180336022,0.22502976584204265,-0.45342958963332486,0
1.045193260654113,-0.2565383098961756,-0.7266731619575807,0.7824977210574293,-0.8944630872483221,-0.7041969683694034,-0.7568988173455978,-0.32913011046780105,0.9769810821537241,-0.5881853499808388,0
2.0303270564915756,2.218425548692338,-1.1709510604811513,-1.4067456700091157,0.0800335570469798,-0.709278892491019,-0.5308804204993429,0.8998685752850496,-0.40309564757243016,-0.5114770951464152,0
1.4614469772051537,0.1903009593901958,1.137375402832946,0.34712853236098445,0.594463087248322,-0.07912030141067206,0.1314060446780553,0.32856178737612324,-0.22688186268024862,-0.2390742138826612,0
2.0303270564915756,-1.0929162833486659,1.872442479202578,-0.12032816773017319,0.7488255033557046,-0.3616051870673793,0.24178712220762164,-0.32202607182183085,-0.9089826696652995,-0.09191772931816665,0
-0.8533201189296332,-1.5092653436719674,0.5818781383496965,-1.0370100273473108,0.5998322147651006,-0.5305353544203978,1.1300919842312742,-0.46098106773700864,-0.910305595978304,-0.3130196130625244,0
0.49811694747274526,-0.795373899329741,-0.5057333433260885,-0.35879671832269827,-0.5619127516778524,0.66161394900552,0.39947437582128775,-0.31080169076119785,0.2459320015875116,0.004828113203650447,0
-0.3292368681863231,-0.08673938756735447,-0.3630367983212171,0.010209662716499554,0.0417785234899328,0.358275650573907,-0.005256241787122212,0.04212694917060344,-0.23111522688186262,0.27091589582840925,0
0.0017839444995044569,0.4331712445787882,1.872442479202578,0.45360072926162265,0.24312080536912742,0.6002803820205029,0.16819973718791068,0.15905942528327346,0.29461568990607234,1.4418710315502505,0
-0.2828543111992071,2.218425548692338,-1.3484223937645206,-0.31431175934366457,0.47634228187919464,-0.5503373346184176,-0.015768725361366635,0.06301282278975591,-0.14697711337478492,-0.5189120223231392,0
-1.5458870168483647,-1.7605467209883034,-2.7798845836768344,-0.4134913400182315,0.510234899328859,-0.4746341890826251,1.2930354796320631,-0.4550136752743936,-0.910305595978304,-0.6343369720111705,1
0.288800792864222,-1.515573662767775,-0.920032976092333,-2.4080218778486784,-0.1780201342281879,1.0799088758433366,-0.5151116951379763,0.20495151493624122,0.1035851303082419,0.0906969326335935,0
-0.04618434093161544,-0.12616638191615193,-0.6784081540882859,0.6563354603463992,-0.20721476510067116,0.5767983878033822,0.2207621550591328,0.5806130785351472,-0.11575605238788189,1.544059975079225,0
0.009712586719524284,-0.2449730582205283,0.0,1.3345487693710116,-0.8944630872483221,-0.7162884430035924,-0.4678055190538764,0.586154228679004,-0.5237465273184283,1.544059975079225,0
-0.10009910802775022,-0.2123800762255224,-0.3954133253391291,-0.06709206927985416,0.42533557046979853,-0.05546306843073687,1.2930354796320631,-0.2761339821688631,-0.910305595978304,0.3392162577074263,0
-1.260852329038652,0.8468918386121698,1.872442479202578,-6.11996353691887,0.5800335570469798,0.9789713484622798,-1.0091984231274638,2.0765815366035594,0.6422807249636197,0.6454893627762567,0
-0.0699702675916749,0.28650282560126167,0.31627070373978866,0.21075660893345485,0.4011744966442952,0.3239288530622974,0.6465177398160317,-0.103363762298867,0.25254663315253345,0.07556088952937372,0
1.1550049554013875,-0.43474832435274013,0.15288915536236228,-0.12907930720145852,1.2421140939597315,-0.34776132480504685,1.2930354796320631,-0.42531879373423803,-0.910305595978304,-0.09145878319614664,0
-0.3704658077304261,0.02523327638323036,-1.411076969197332,0.8845943482224248,-0.5149328859060402,-0.6878997634276702,-0.6517739816031537,0.09697012751749365,0.8989284296864665,-0.5561509106638425,0
0.5238850346878098,-1.2069917203311868,-1.465637412875665,-6.11996353691887,-0.08473154362416115,-0.6593358450889337,-0.988173455978975,0.01541576386175532,0.533007011509459,-0.4039460187571279,0
-0.4608523290386521,1.2784860034170062,0.0,-0.15752051048313584,0.558221476510067,-0.7150617716638921,-0.7568988173455978,-0.0823358079067951,-0.19380870485513949,0.05190680640046266,0
-0.066402378592666,-4.310684715468524,1.6326163531439706,-2.2913400182315407,0.20620805369127504,0.15657583457460794,0.7726675427069645,-0.44222640571164723,-0.910305595978304,-0.6245155249999425,1
0.12784935579781964,-0.24655013799448022,1.872442479202578,-0.05979945305378305,0.39446308724832196,-0.511784806799264,0.4204993429697766,-0.45359286754519956,0.29593861621907663,0.44658211349278637,0
-0.6666005946481663,-7.810750427125773,1.872442479202578,-1.9216043755697356,1.2330536912751677,-0.3933234031367739,-0.0946123521681997,-0.3879515504564346,-0.910305595978304,-0.8353002999212905,0
-1.582755203171457,-0.7717177027204626,-0.20894851232856176,-1.3476754785779397,0.633724832214765,-0.5009200035047753,0.6885676741130091,0.37786381557915666,-0.3210742161661595,-0.6060291752049767,0
-0.45966303270564907,-0.18504402681035617,0.3054785280671513,0.1640838650865998,-0.32130872483221484,1.2824848856567073,-0.17345597897503287,0.054345895641672234,0.1840190501389073,0.6987546496978985,0
0.08820614469772053,-1.02983309239059,0.0,-6.11996353691887,0.6105704697986577,-0.7162884430035924,-0.6780551905387647,-0.4655276524704296,-0.910305595978304,-0.4056074037188403,0
-0.3922695738354806,0.012616638191615157,1.872442479202578,0.1064721969006381,1.2421140939597315,-0.7138351003241917,-0.3626806833114323,0.7707171527013106,0.6589495965074745,-0.49403714250965497,0
-0.32487611496531216,-0.2912340649231174,0.5719853106497789,0.3405651777575205,-0.8609060402684564,-0.5862612809953561,0.9671484888304862,1.3640464604127447,-0.0541076862018785,-0.10444695844931277,0
-0.023191278493557958,-0.3133131817584439,-1.0351495166004647,-0.09553327256153145,-0.14177852348993292,1.0080609830894596,0.15768725361366626,0.4118211203068944,-0.2549279005159412,0.9331751499032769,0
-2.760951437066402,-2.0990931791299774,0.0,-6.11996353691887,-0.8944630872483221,-0.6968369403312012,-0.7463863337713534,-0.3664973537456045,0.06760153459452317,-0.39771353042009616,0
0.4703666997026759,-0.03522144828492574,0.5141272577381398,0.4835004557885142,-0.11124161073825507,0.19653027249627625,-0.34691195795006563,1.324121763222392,1.0140230189178463,1.544059975079225,0
-0.3359762140733399,2.218425548692338,0.39451397736640936,0.3631722880583409,-0.7307046979865772,0.40348725138000524,0.5413929040735874,0.9432032110254679,-0.08109538298716755,-0.26389402016150304,0
-0.5361744301288405,-1.5429097121829412,-1.502510679757176,-4.1436645396536,-0.49144295302013424,1.2824848856567073,-0.7516425755584756,-0.11956097041167914,-0.44490011906336807,-0.2397718119881316,0
0.024380574826560957,0.08673938756735441,1.5192985085812785,-0.1465815861440292,0.5384228187919463,-0.2755629545255411,1.2930354796320631,-0.43199659006145,-0.7356793226617276,0.8389443321301293,0
-0.43587710604558966,-0.4384281771586279,1.872442479202578,-0.35442114858705553,-0.8944630872483221,-0.6886007184789276,0.40473061760840984,0.28764252477533475,-0.2536049742029368,-0.35545377150449414,0
0.2808721506442022,0.09725325272703375,-1.4380574083789253,0.2683682771194166,-0.8025167785234899,-0.6768597213703672,0.5624178712220762,-0.19557418392356063,-0.17899193014949058,-0.3199680573499073,0
0.049752229930624406,0.5666973321067158,1.872442479202578,1.3345487693710116,-0.5411073825503355,-0.5715412249189521,0.6254927726675428,0.0618761766064007,-0.8475988887418969,0.8292146743433053,0
2.0303270564915756,2.218425548692338,0.0,0.10501367365542387,1.2421140939597315,-0.37194427407342506,0.16819973718791068,-0.19642666856107707,0.4946421484323323,-0.625699605994754,0
2.0303270564915756,0.4626100670258904,-1.637712658322716,-1.968277119416591,0.3911073825503356,0.5846841321300271,-0.3258869908015768,-0.08688239264021605,-0.6671517396481015,-0.5873776048060836,0
0.10406342913776015,0.055197792088316454,0.8855579704714082,0.16335460346399272,0.5669463087248321,0.2093227021817226,0.9356110381077529,-0.310517529215359,0.08903294086519385,1.1902951253037646,0
0.4406342913776016,0.30542778288868444,0.0,0.21731996353691882,-0.027348993288590646,0.18899500569525973,-0.17345597897503287,0.03658579902674665,-0.0030427305199099996,0.9523682767261534,0
1.7115956392467788,1.2122486529110266,-0.3417522296335157,-1.387784867821331,0.235738255033557,1.2824848856567073,-0.683311432325887,-0.3244414449614607,-0.1033205450456409,-0.3599789802676114,0
2.0303270564915756,2.218425548692338,-1.1946338904294387,-1.5226982680036465,0.899496644295302,0.7248751423814948,-0.19973718791064382,1.7549106667140268,0.5269215504696388,-0.5876070778670935,0
0.011298315163528251,0.359048495203049,0.9796897249494116,0.4040109389243391,0.03372483221476506,-0.38123192850258475,0.5413929040735874,0.32429936418854116,0.4081227675618469,-0.5008479029604318,0
1.742913776015857,-0.017873570771454895,1.872442479202578,0.25451230628988153,0.5978187919463086,0.0023657232979934816,1.1616294349540077,-0.30057187511100075,-0.31234290250033064,0.7491285760508144,0
0.6566897918731416,-0.07727690892364308,0.07494566439331485,0.10282588878760256,-0.7092281879194631,-0.6433891176728294,0.1314060446780553,0.5841650978581323,0.042465934647440244,0.19283998155036577,0
2.0303270564915756,-1.3010908135103167,-0.515626171026006,-2.467092069279854,-0.627013422818792,0.5191448348374661,-0.9250985545335085,0.22171704614073098,0.1530625744146052,-0.6375404159428701,0
2.0303270564915756,2.218425548692338,0.0,-6.11996353691887,0.8840604026845637,0.009375273810566838,-0.683311432325887,-0.11757183959080747,-0.4745336684746659,0.7269522994348077,0
0.19682854311199205,0.44000525693257986,0.09712958105373604,0.24138559708295348,0.10687919463087243,-0.06054499255235255,-0.10512483574244412,0.5153980037651404,-0.021563698901971098,0.09232160190554431,0
-0.24003964321110008,0.5072939939545275,-0.2758000449673986,0.09917958067456699,1.0780201342281879,-0.3295364934723561,0.44678055190538757,-0.18960679146094564,-0.903955549675883,-0.0571020765017291,0
0.33201189296333,-2.291496911552109,-0.6942966349396688,-4.748222424794895,0.4112416107382549,0.8142469114168055,0.09986859395532204,-0.3785742194437539,-0.910305595978304,-0.6074243714159174,0
2.0303270564915756,1.5339729267972138,0.08483849209323241,-2.5546034639927075,0.20251677852348982,1.2824848856567073,-0.1471747700394218,-0.42887081305722313,-0.8793491202540018,-0.5416941078202122,0
-0.010109018830525267,-0.3243527401761072,0.22004047065877239,1.2054694621695534,-0.6582214765100671,-0.23017611495662843,1.2930354796320631,-0.2955990480588216,-0.7592274110332053,1.544059975079225,0
-0.6277502477700693,-1.3031935865422526,-0.5743835719103649,-1.297356426618049,0.44345637583892605,-0.24840094628931922,0.20499342969776604,-0.2822434554043975,-0.4808837147770868,-0.030611706338734376,0
0.243211100099108,-0.0488894729925089,0.33545679382447724,0.595077484047402,-0.2166107382550336,-0.1471129413826339,-0.24704336399474375,0.35953539587255345,0.11046434713586464,1.4721155809913693,0
-2.3962338949454907,-16.486791956893153,-2.1293562167428615,-6.11996353691887,0.720973154362416,1.2824848856567073,-1.0249671484888305,-0.3606720420559089,-0.910305595978304,-1.6816244856935014,0
-0.6380574826560951,-1.6512025233276382,0.07824327362662069,-3.000182315405652,1.1615771812080538,0.040567773591518405,-0.3258869908015768,-0.4386743863886621,-0.910305595978304,-0.6109307197881502,0
1.1399405351833496,-0.02207911683532658,-0.01708761148167578,-0.043026435733819514,0.8129194630872484,-0.6875492859020416,1.2930354796320631,-0.4416580826199696,-0.910305595978304,-0.5842567711763476,0
-1.0178394449950445,-10.80036798528059,-2.5721352019785653,-6.11996353691887,1.1001677852348992,-0.4781389643389118,-0.6412614980289093,-0.46083898696408915,-0.910305595978304,-0.9957386852570439,1
0.7332011892963328,2.218425548692338,-1.074720827400135,0.026982680036463088,0.5820469798657718,-0.24577236484710416,1.2930354796320631,-0.291904947962917,-0.910305595978304,-0.6298117632480533,0
-0.18255698711595636,0.6161124983572085,0.02278348197556771,0.20929808568824065,1.0736577181208053,-0.6877245246648559,0.9250985545335085,-0.43185450928853064,-0.910305595978304,-0.5540948320371928,0
2.0303270564915756,2.218425548692338,1.872442479202578,0.19544211485870552,0.6437919463087249,0.560501182861649,0.6622864651773981,-0.3100912868966008,-0.32610133615557607,0.09773716614538035,0
-0.03429137760158572,-0.27651465369956635,-0.15678632991081468,-0.026253418413855978,0.39312080536912736,0.5631297643038641,-0.10512483574244412,0.1039320853905445,0.301494906733695,1.1702391797714904,0
0.8136769078295341,1.2564068865816795,1.872442479202578,0.4047402005469462,0.7709731543624161,-0.6468938929291159,0.4730617608409987,0.1204134550491954,-0.34382854874983454,0.9990706341029092,0
0.8905847373637266,2.218425548692338,0.0,-6.11996353691887,-0.8944630872483221,1.2824848856567073,-1.040735873850197,2.0765815366035594,1.7188781584865722,0.7943072323024637,0
0.12348860257680873,-1.109212774346169,0.0,-2.879124886052871,-0.8944630872483221,-0.7162884430035924,-0.6254927726675427,2.0765815366035594,0.29540944569387484,0.525924719067605,0
0.7601585728444002,1.1197266395058483,0.30607809338229786,1.194530537830447,0.12902684563758385,1.2824848856567073,-0.6254927726675427,2.0765815366035594,0.9253869559465537,0.7767846693637398,0
-0.5845391476709613,0.45998160073597055,1.872442479202578,0.7992707383773928,-0.8233221476510066,-0.34040129676684483,-0.16819973718791068,0.6020672752459774,0.366053710808308,1.0898685348833472,0
-0.4327056491575817,-0.2943882244710212,-0.23472982087986208,0.06271649954421148,0.27869127516778525,-0.38719004643827215,0.9513797634691195,0.9233119028167514,0.44939806852758296,0.6782672948109255,0
-0.28523290386521305,0.4384281771586279,0.1085213220415199,0.754056517775752,-0.4038590604026846,0.4497502847629897,0.04204993429697758,2.0765815366035594,1.2360100542399788,1.544059975079225,0
0.18374628344895935,-0.7995794453936128,1.872442479202578,-3.0337283500455787,-0.8800335570469799,1.2824848856567073,-0.6885676741130092,0.5449508045323765,-0.4404021695991532,1.544059975079225,0
2.0303270564915756,-2.8187672493100275,0.0,-6.11996353691887,-0.8944630872483221,-0.7162884430035924,-0.7831800262812089,0.12552836287429395,-0.35467654451647035,-0.42118403510019925,0
0.8866204162537166,0.4068865816795899,0.0,0.40765724703737466,0.5098993288590604,1.2067817401209147,-0.5045992115637319,-0.22413241928036098,-0.01891784627596233,1.318102441363896,0
-3.973240832507433,-0.6623735050597976,-1.5333882934872216,-6.11996353691887,-0.33741610738255035,-0.6964864628055726,-1.0091984231274638,-0.4642489255141549,0.976716496891123,-0.5391148306144598,1
-0.1726461843409316,-0.6055986331975292,-1.1433710559844112,-0.35296262534184136,0.7521812080536913,0.2547095417506352,0.9829172141918527,-0.4385323056157427,-0.5846011377166291,0.28713505178059606,0
-0.18810703666997022,0.9415166250492837,0.49464138499587795,0.7912488605287147,0.66996644295302,-0.6418119688075002,-0.4730617608409986,0.8966007175079032,0.9558142611456542,1.544059975079225,0
0.4342913776015857,0.28650282560126167,0.40230832646331405,1.177028258887876,-0.48439597315436245,-0.06054499255235255,0.21550591327201046,0.5107093382588,-0.023415795740177218,1.544059975079225,0
-0.10366699702675913,-0.31121040872650807,0.0,-0.04375569735642662,-0.6763422818791947,-0.6814159292035398,1.2930354796320631,-0.4416580826199696,-0.8983992591612646,1.544059975079225,0
-0.08463825569871158,-0.15718228413720595,0.0,0.5454876937101185,-0.3286912751677853,0.027074388854814717,-0.5466491458607096,2.0765815366035594,0.858182299245932,0.41146355623581554,1
0.37918731417244794,-0.4363254041266921,0.23862699542831445,-0.0488605287146764,-0.5552013422818792,-0.21896083413651102,0.914586070959264,0.05889248037509319,0.18163778277549944,0.3844408085712776,0
-0.17026759167492567,-0.21395715599947432,-0.40650528366933975,1.010756608933455,0.159228187919463,0.16481205642688165,-0.2628120893561104,2.0765815366035594,-0.0723640693213387,-0.06184757940341591,0
1.041228939544103,0.03732422131686161,0.21284568687701413,0.588514129443938,-0.6498322147651007,1.1883816700254097,-0.6465177398160316,2.0765815366035594,1.2272787405741499,0.17286664632005525,0
-0.1627353815659068,-0.7901169667499015,-0.34654875215468783,-1.568641750227894,-0.09077181208053697,1.2824848856567073,-0.4678055190538764,-0.07239015380243678,0.860298981346739,1.544059975079225,0
-2.2218037661050545,-0.2696806413457748,0.0,-0.22898814949863264,-0.8944630872483221,-0.7162884430035924,-0.7936925098554534,1.4643554860938444,0.7518190236803809,1.544059975079225,0
1.2021803766105053,1.781574451307662,-1.5963426515776062,0.7438468550592524,-0.7800335570469799,-0.7048979234206607,-0.9566360052562418,-0.4237559052321246,0.20015875115756054,1.544059975079225,0
1.442021803766105,1.592324878433434,1.872442479202578,0.6621695533272561,1.2421140939597315,-0.2878296679225445,0.2943495400788435,-0.36180868823926415,-0.910305595978304,0.6491425739075359,0
-0.3153617443012884,1.5471152582468128,0.0,-0.0051048313582497925,1.2421140939597315,-0.22632086217471303,0.6149802890932984,-0.43498028629275753,-0.37822463288794805,-0.5893327152858888,0
1.1141724479682853,-0.28072019976343804,-0.23383047290714232,-0.024794895168641754,-0.04748322147651016,0.6824673617804258,1.2930354796320631,-0.37573260398536584,-0.910305595978304,0.23994621151449927,0
0.1337958374628345,-0.4326455513208043,0.087836318668965,-0.14512306289881494,0.47500000000000003,0.29133444317883117,-0.2628120893561104,0.679217134941214,0.570313533536182,-0.5043726091775455,0
0.7320118929633301,2.218425548692338,0.45207224762047515,0.6344576116681859,0.36191275167785225,0.9782703934110226,0.45729303547963196,0.753241217632224,0.39965603915861897,0.06474811889458232,0
0.21585728444003965,1.2206597450387697,0.5342126957955482,0.6052871467639016,-0.22701342281879197,-0.039866818540261084,0.8147174770039421,0.5139771960359465,0.5311549146712529,-0.22284587900803376,0
2.0303270564915756,2.218425548692338,1.872442479202578,-1.6510483135824978,-0.488758389261745,0.3754490493297117,-0.40473061760841,0.7879089262245587,0.29461568990607234,0.45639438158157414,0
1.034886025768087,0.5688001051386515,1.0582327812336054,0.7657247037374658,-0.5558724832214765,-0.4325768860071848,0.9671484888304862,0.08261996945263379,-0.6319618997221854,1.544059975079225,0
2.0303270564915756,2.218425548692338,-0.10222588623248145,-0.0211485870556062,-0.12835570469798668,-0.4208358888986244,1.1038107752956634,-0.24132419280360898,-0.4912025400185209,0.0461608009527721,0
-0.4703666997026758,2.1148639768694966,0.3357565764820505,-6.11996353691887,1.2421140939597315,1.2824848856567073,-1.0354796320630748,1.1662700245089332,0.7878026193940999,0.9201043643481471,0
0.05966303270564918,0.2644237087659351,-0.20415198980738963,-0.15460346399270739,-0.5354026845637584,-0.29080872689038817,-0.6990801576872536,2.0765815366035594,0.9444370948538167,-0.501563858910783,0
-0.46759167492566894,-0.32382704691812325,-0.13760023982612604,-0.14804010938924342,0.28976510067114086,0.4907561552615438,0.15243101182654392,-0.36223493055802236,-0.4634210874454292,-0.07634109793680764,0
-1.1605550049554012,0.22709948744907343,1.2324065052836692,0.49516864175022784,-0.2733221476510067,-0.12117760448611231,-0.36793692509855447,1.9266863211735872,0.6824976848789522,-0.28821816462856337,0
-0.1944499504459861,-0.24970429754238402,-0.20894851232856176,0.09553327256153145,-0.8739932885906041,0.27346008937176897,1.2930354796320631,-0.4450680211700353,-0.910305595978304,-0.21775157705361176,0
-0.16709613478691773,-0.15665659087922199,-0.09712958105373604,-0.057611668185961716,1.210234899328859,0.2196617891877683,-0.22601839684625488,-0.334387099065819,0.4642148432332319,-0.2530261759920693,0
-0.21942517343904855,-0.3627283480089368,-2.2183916660421192,-0.7759343664539654,-0.11593959731543631,-0.4746341890826251,-0.5729303547963205,1.934927006002913,0.3279534329937823,0.09963720309054322,0
-0.5746283448959365,-0.843737679064266,1.1277823577906017,-0.5644484958979034,-0.19714765100671142,-0.46552177341627965,0.7779237844940868,-0.273292366710475,-0.26418838470697176,-0.30681466149281394,0
0.15282457879088207,0.22447102115915366,0.254215693622124,0.7030082041932544,-0.35989932885906045,0.03145535792517308,0.9829172141918527,0.7407381096153163,-0.2184151342770207,1.544059975079225,0
2.0303270564915756,-0.2575896964121435,0.6607209772914636,-0.1064721969006381,-0.4045302013422819,-0.22071322176465433,1.2930354796320631,-0.4132419280360886,-0.21576928165101197,-0.036559648080113555,0
-0.08107036669970265,0.8290182678407149,-0.6370381473431762,1.3345487693710116,-0.6276845637583893,-0.3626566196442653,-0.3626806833114323,1.0041558626078926,0.9611059663976717,0.2662162875389243,0
0.24241823587710604,-0.09462478643711397,-1.30975043093757,0.2771194165907019,0.5642617449664429,-0.5112590905108211,-0.2943495400788436,-0.00475970589280017,0.338801428760418,0.4283894892159134,0
-2.583746283448959,-4.292811144697069,0.0,-6.11996353691887,-0.30016778523489934,-0.7162884430035924,-0.6727989487516426,-0.464959329378752,-0.33721391718481275,-0.5514696602192384,1
-0.051337958374628324,-0.26547509528190305,0.25331634564940414,0.035733819507748385,-0.03540268456375838,0.3959519845789889,-0.48357424441524305,-0.1039320853905446,0.7555232173567932,0.31554381673363446,0
-1.714370664023786,-11.364436851097384,-1.566064603162707,-4.776663628076572,1.2421140939597315,-0.5405239639008148,-0.1314060446780552,-0.41508897808404094,-0.910305595978304,-0.9371771600872912,1
-0.12983151635282456,-1.2359048495203047,-0.20685003372554897,-0.49735642661804924,1.013255033557047,-0.0030666783492508047,1.140604467805519,-0.2647675203353107,-0.7991797856859372,-0.227095720097939,0
0.3589692765113974,1.6459455907477987,0.9062429738439631,-0.043026435733819514,-0.6978187919463088,-0.690353106107071,0.19973718791064393,2.0765815366035594,0.9928561979097765,-0.4455357163345808,0
0.024777006937561942,0.3674595873307924,-0.012291088960503634,0.3048313582497721,-0.5380872483221477,-0.6169280644878647,-0.5729303547963205,0.04894682627073482,0.025797063103585167,1.544059975079225,0
-0.288800792864222,-0.08884216059929033,0.4421794199205576,0.5651777575205105,-0.43640939597315437,-0.1259090510820994,-0.6149802890932983,0.8796931055304941,1.1693345680645588,0.258891507431485,0
-1.1177403369672942,-1.1008016822184257,0.8055160008993479,-5.723245214220602,0.02902684563758384,0.603960396039604,-0.5781865965834428,0.1709942102085035,0.009921947347532836,-0.6759266695886235,0
0.5754212091179385,-0.7569982914969114,0.0,-2.122880583409298,-0.27802013422818794,1.0495925698764565,-0.9040735873850196,2.0765815366035594,1.7294615689906074,0.24772993774395857,0
0.4509415262636273,0.6944407937968196,0.006295435809038447,-0.105742935278031,-0.6176174496644296,0.38228336107947075,0.7568988173455979,-0.19244840691933374,-0.536711205185871,-0.1232545705296926,0
-0.21189296333002972,0.2838743593113418,1.872442479202578,-0.27347310847766637,-0.529026845637584,-0.008323841233680915,1.0039421813403415,-0.4629701985578803,-0.910305595978304,-0.22312124668124572,0
-0.21070366699702672,0.19818635825995534,1.2941617327437607,-0.006563354603463982,0.4931208053691275,-0.005870498554280222,0.6307490144546649,0.34348026853266084,0.3321867971953962,0.1261642889432995,0
-0.8247770069375618,-1.3005651202523327,-1.5459791651052985,-0.9086599817684595,1.0652684563758388,0.7494085691755017,0.8199737187910643,0.0010656057968954746,-0.5925386955946552,0.4547513544647425,0
-0.007730426164519301,-1.2674464449993428,0.0,-6.11996353691887,-0.8944630872483221,-0.7162884430035924,-1.014454664914586,2.0765815366035594,0.8378092340256648,-0.3222719668824477,0
-0.04103072348860256,0.11933236956236039,1.872442479202578,-0.011668185961713776,0.16795302013422814,-0.6454919828266013,0.7831800262812089,-0.40372251625048855,0.2459320015875116,0.8461773230131647,0
2.0303270564915756,2.218425548692338,0.0,-6.11996353691887,1.2421140939597315,0.10417944449312189,0.047306176084099906,-0.37459595780201055,-0.8290779203598359,-0.672842551648649,1
-0.2249752229930624,0.2917597581811013,0.0,0.687693710118505,-0.060234899328859115,-0.7150617716638921,-0.24704336399474375,0.013000390722125417,-0.5155443841778012,0.033879402727516765,0
-0.2828543111992071,-0.19450650545406756,0.10342501686277449,0.5965360072926162,-0.6135906040268457,-0.22176465434154038,1.2930354796320631,-0.3494476609952759,-0.7840984257176874,1.544059975079225,0
0.5888999008919722,1.0214220002628465,-1.5999400434684852,1.2951686417502277,-0.6582214765100671,-0.6716025584859372,-0.21550591327201046,0.8072319113415978,0.3488556687392513,0.056551341155305065,0
0.07988107036669972,-0.07517413589170721,-0.7047890279547329,-0.1195989061075661,0.30352348993288597,-0.23105230877070007,1.2930354796320631,-0.21106098817177574,-0.3967456012700092,-0.018578139019369822,0
0.3831516352824579,0.015245104481535026,1.872442479202578,-0.15387420237010027,0.24043624161073823,-0.06492596162271091,1.2930354796320631,-0.15806485987283783,-0.4464876306389733,-0.3419974712068675,0
-0.18810703666997022,-0.2896569851491655,0.1762722026530765,-0.29535095715587967,0.42869127516778516,0.5780250591430824,1.2614980289093296,-0.16175895996874232,-0.15967720597962684,-0.6499503190822911,0
2.0303270564915756,-0.09830463924300172,1.872442479202578,-0.23846855059252506,1.2421140939597315,1.2824848856567073,0.38896189224704336,-0.45046709054097267,-0.4896150284429156,0.025260394555981076,0
1.6624380574826558,0.021027730319358624,-0.15228959004721576,0.3500455788514129,-0.5390939597315436,1.2824848856567073,0.05781865965834433,2.0765815366035594,0.9550205053578517,1.5110342121386653,0
2.0303270564915756,-1.6732816401629647,0.6283444502735517,-1.799817684594348,0.17399328859060398,0.3621309033558223,-0.4099868593955322,0.03047632579121225,-0.0972350840058208,-0.6459942035104786,0
0.07552031714568881,-0.10566434485477724,-0.7863299108146593,-0.01604375569735644,-0.7286912751677852,0.47848944186454057,0.6780551905387646,2.0765815366035594,1.0775234819420558,-0.3519566020547017,0
-0.35817641228939545,0.702851885924563,1.2683804241924606,0.2144029170464904,-0.04345637583892623,0.3963024621046176,0.4099868593955322,-0.09356018896742806,0.14935838073819296,-0.34186896629270197,0
2.0303270564915756,0.42318307267709293,0.7185790302031027,0.6308113035551505,-0.32231543624161074,1.2824848856567073,0.06307490144546643,2.0765815366035594,0.8907262865458393,0.05869920900635872,0
2.0303270564915756,0.32960967275594694,0.07134827250243572,-0.11230628988149499,0.20755033557046987,1.2824848856567073,0.27858081471747703,-0.43739565943238745,-0.2284693742558539,-0.6728058359588874,0
0.15004955401387512,0.48679195689315274,-1.584651127932249,0.7518687329079308,1.2421140939597315,-0.3938491194252169,-0.6517739816031537,-0.4162256242673961,-0.05013890726286535,1.544059975079225,0
0.022001982160555027,0.9141805756341175,1.6592970096679907,0.23117593436645395,0.8947986577181207,-0.6360290896346272,0.07358738501971085,-0.42176677441125293,-0.1821669533007011,-0.4230657142004813,0
-0.7431119920713576,-0.233933499802865,-0.6193509705463539,-0.35733819507748404,-0.513255033557047,0.31534215368439494,0.5571616294349538,0.6941356160977515,-0.27768223309961626,-0.1350127701758452,0
-1.8868186323092169,-17.010382441845184,0.0,-3.373564266180492,1.2421140939597315,-0.7162884430035924,-0.1366622864651774,-0.43881646716158146,-0.910305595978304,-1.0535383598642434,1
-1.12804757185332,-0.6692075174135892,-1.2461965075320391,-1.9391066545123066,-0.6944630872483222,0.48076754578112685,-0.39421813403416556,0.2472915852662238,-0.5158089694404021,-0.5029682340441642,0
-0.8085232903865213,-1.186489683269812,-0.2155437307951735,-0.020419325432999107,-0.16627516778523496,-0.04319635503373352,0.2943495400788435,-0.23152061947217004,-0.3573223971424791,-0.20543346313859473,0
-0.21030723488602573,0.469969772637666,0.9173349321741737,0.23846855059252503,0.4098993288590603,-0.5650573906948216,0.5729303547963206,-0.334387099065819,-0.3205450456409577,-0.3479454129482468,0
-0.2075322101090188,-0.04678669996057303,-0.38132354043318595,-0.026253418413855978,-0.25218120805369126,0.11574520283886791,0.3153745072273324,-0.2612155010123256,0.259690435242757,1.544059975079225,0
0.1956392467789891,0.9877776317518727,0.013790002248369931,0.18742023701002736,-0.16057046979865772,-0.5293086830806975,-0.2312746386333771,1.3046566973324334,0.6748247122635269,0.27144827332995236,0
0.2519326065411298,-0.26494940202391903,0.45596942216892755,-0.12324521422060164,0.6152684563758389,-0.04652589152720584,0.8883048620236531,-0.25709515859766285,-0.5028442915729593,1.544059975079225,0
2.0303270564915756,0.45209620186621113,0.888855579704714,-0.09407474931631724,-0.8944630872483221,-0.45973889424340664,1.2930354796320631,-0.2636308741519555,-0.910305595978304,1.0368143631778344,0
2.0303270564915756,0.6933894072808516,-0.15019111144420294,0.30701914311759343,0.06694630872483212,-0.13256812406904403,1.2930354796320631,-0.029197598834937763,-0.15544384177801288,0.4457284737058291,0
-1.4626362735381566,-0.5419897489814693,0.0,1.1544211485870557,0.30251677852348996,-0.7145360553754491,-0.5308804204993429,-0.1734095833481335,-0.20968382061119187,-0.3087330562828576,0
1.5391476709613476,0.08831646734130633,0.05995653151465188,0.07438468550592525,1.0246644295302012,-0.5827565057390696,0.3574244415243101,-0.22541114623663563,0.08797459981479039,0.004745502901686922,0
