[제조]총자본증가율,[제조]자기자본증가율,[제조]재고자산증가율,[제조]매출액순이익률,[제조]매입채무회전기간,[제조]재고자산회전기간,[제조]순운전자본회전률,[제조]현금비율,[제조]자기자본배율,[제조]노동소득분배율,label
-0.5978880134073491,-0.28221995737837335,-0.6685557227153763,0.0383182615655605,0.12769869643135207,-0.02350535480360217,-0.41407458357441296,-0.41701187495898356,-0.0858258602358003,2.8266538436840203,0
-0.4326622898947422,0.08757931305424407,-0.6167665080754041,0.2615930293720829,-0.8760538871325687,-0.3897020385616961,0.16885862230952028,-0.7385949730829062,-0.18359170797487823,-0.1840458385998267,0
-0.18190304789707365,-0.27300208700102074,0.04390232639139771,0.27764546365882625,-0.16674751187531187,0.4076280429837929,0.3562300099150699,-0.6381989404034655,0.7469521228364209,-0.07416291813002816,0
2.323603188701927,-0.009208325907958587,2.1192719552666155,0.33251560267533115,1.1614411715820625,-0.1090826672207881,-0.6222650142472463,0.14102164351219318,0.15190800327134082,-0.0880137064245406,0
0.17566878303803765,0.9150187363389569,-0.21076757312259423,0.8517388862410871,-1.1723176646263107,-1.160593600823827,-0.4348936266416963,2.183548006923671,-0.2922682028228253,-0.002831358413289344,0
2.59522426447644,1.324400626627265,2.726251053455281,1.0221865521221447,-0.5629775946583535,-0.5492608216051216,0.6893346989916035,-0.8039905540025418,0.12851729577488855,-1.2235475001029827,0
0.03547726005764396,2.0279410274869734,-0.10671401343310873,0.2887362364387581,0.765211088799021,0.5669549091913991,0.6268775697897534,-0.8322803928309557,1.6271242370446062,-0.20643794634262175,0
1.8433637751589709,2.473652171615436,-0.21076757312259423,0.37191703228824685,2.311053682409007,-1.0634204466156942,1.2722679048755368,-0.7074103600487942,-0.9540553843573317,-0.35256376284972757,1
-0.5741055229017465,-0.37385643348264364,-1.2676951691466147,0.10748966021934585,-1.2282079171289646,-0.9521003654226067,0.6893346989916035,0.35984025733383135,-0.9288157790256819,1.8744121484362923,0
0.22573718410246402,-0.23125055646830583,-0.08438288418468032,0.33601795197425693,-0.9110420939838234,-0.34494208924864217,0.12722053617495357,-0.011085582932673607,1.453811563806876,-0.1766587515094201,0
0.2737194017892059,0.8057598609838653,-1.2111546504112325,0.28406643737352366,-0.02452272298644493,-0.9604493715120882,-0.8512744879873629,-0.650699101746253,-0.1558582404469155,0.14398699750854216,0
-1.490774499056285,-2.1897768978211123,-1.9687500884244042,-2.3943551889800134,2.311053682409007,0.4417198178491759,-1.5174838661404293,-0.8267540057109865,-1.1137270613574708,-1.4301550921627928,1
-1.0243038958060466,-0.34511836701207366,-0.7899515423531095,0.17403429689893682,-0.8124389655848326,1.1425724956939889,0.7309727851261701,-0.3828009070734598,-0.22780401492933977,0.22108971901466132,0
-0.4401725500544061,-0.19817466864368757,2.726251053455281,0.26684655332047164,2.311053682409007,-0.8029778399910333,-0.41407458357441296,-0.6296461984320846,0.6376199142213398,0.23032357787766972,0
-0.34170469462770103,0.21202056314850456,0.5019280411889504,-1.9279590073397217,0.26174442397836706,0.6492853859071203,-0.788817358785513,0.6260279036123483,-1.0240985139744656,-1.4301550921627928,0
-0.6967731055095909,-0.7894739419673961,-0.5158012960479353,-0.9473012036404866,2.311053682409007,2.156744818730179,-1.059464918660196,-0.693068069666017,-0.8340705143778278,2.8266538436840203,0
0.126852092000222,0.02359644808203164,-0.33596443603665554,0.6772051461779494,-1.1486892651942946,0.9141344124123406,-0.018512765296029833,-0.11753432531493765,0.05958135497766963,-0.23690968059054904,0
-0.20777172178036057,0.33700404091202124,1.0072292317358356,0.4442989177993809,-0.031792999734757625,-0.08380373211652457,0.002306277771253514,-0.6335936178034912,-0.38615351498919226,-0.16096119144230603,0
-0.15311371728502854,-1.3165192364842644,2.726251053455281,-0.1403015526796574,-1.3940611054498477,-0.5158647972471953,0.12722053617495357,-0.7928061991168899,-1.113694813139415,0.9198619884728122,0
-0.14602069380090146,0.08242815019631174,0.1588838855003269,0.44371519291622663,-0.8347041881265401,2.1467723947899655,-0.5598078850453964,-0.371879713479235,-0.2308138486145451,-0.21728773050665642,0
-0.10012465949184399,0.6295358684756532,-0.1737074011783939,0.17520174666524543,1.8125853328528174,-0.23640501008538192,0.21049670844408697,-0.7571478441285172,-1.0060502612692526,0.6486173843719442,0
-0.7451725598718699,-0.10274259885462501,-0.25139122313835227,0.22014856266812707,0.582999777794434,0.06902946268815183,0.48114426831877,-0.8270171670024136,0.37758103322562386,-0.554092732534883,0
-0.09052821595449563,0.05775679124516203,-0.21076757312259423,0.6185407954209414,-0.3326007001961952,0.44519857038645966,-0.8512744879873629,1.2276146158147108,-0.3659231328622054,-0.37726433530827475,0
-1.136540561525469,-1.0294096856131927,-1.3814889022316916,-3.8624232701130956,-0.02452272298644493,-0.25843710948818055,-1.7048552537459791,-0.823069747631007,-1.0900461198985165,-1.4301550921627928,1
-0.5774434163060416,-0.37710979949817985,0.3781565695035121,0.0952314376731054,-0.7556399284886397,0.5901465927732923,-0.35161745437256314,1.4940654233846549,-0.8710162228637224,0.4706347547874599,0
2.173397985508648,2.473652171615436,-0.3727870427760854,1.0221865521221447,-0.6452226003736408,-0.22457725145861643,-1.3717505646694461,1.0655072602956142,-0.2122603738264584,-0.8892818092620833,0
-0.05130796845402833,0.3223638938421082,-0.1349842728008,0.37571124402874984,-0.895592755893659,0.6829133271008652,-0.9553697033237795,-0.36648490700497927,0.4662098858489002,0.07404051662125448,0
-0.7589413701645871,-0.32017589422629594,-0.622705638194667,0.18570879456202297,-1.19276531798094,-0.721806947454407,1.0432584311354198,0.6344490649380157,-0.8520865188649851,0.5899823805918418,0
-0.44434491680977495,-0.6544592523226429,0.2417941419652366,0.12762816868816942,1.2523196309359712,-0.40871921909884856,0.6685156559243202,-0.7459634892428652,-0.9644500599773086,0.5232677503066071,0
-0.1839892312747581,-0.24724627271135893,0.6974442047150841,0.2887362364387581,0.6266214382843102,-1.0045135703176855,-0.4348936266416963,-0.5885930369694562,-0.5427508618680145,0.079119138995909,0
-0.36298376508008223,-0.3434916840043056,0.1641103200052782,0.14134570344229563,-0.6470401695607189,0.001309746629023582,0.6685156559243202,2.955926397262225,0.3856968347696594,0.5735922811100019,0
-1.1574023953023131,-0.9556667225943716,-1.3002416022001755,-4.391569876692475,-0.9028630326419717,-1.1162974851824108,-1.746493339880546,-0.6017511015408115,-0.37576958877523403,-1.4301550921627928,1
-0.5432300089120169,-0.31746475588001577,-0.6428986806001608,0.2099333772129267,-0.3575922765185201,-0.5631758317542574,2.146667713701436,-0.7582004892942256,-0.5026448280126544,0.1823075117900264,0
-1.1882779092920428,0.06914357229953881,2.726251053455281,0.5128865915700119,0.1763186721856932,-1.1571148482865428,0.23131575151137032,0.0418098366441746,1.7258037842952645,-0.3567189993380813,0
-1.7815884619054947,-2.0287352800520693,-2.105587646372221,-4.391569876692475,2.311053682409007,2.4958072326974583,-1.6423981245441295,-0.7626742312484863,-0.9546681005003914,-1.4301550921627928,0
-0.18732712467905316,-0.16672546382683742,-0.64717485428603,0.324635316752748,0.4207817278477072,0.5734485805943292,-0.476531712776263,-0.3192474551938139,-0.05944681786617983,-1.4301550921627928,0
-0.5177785717042669,-0.35542069272793836,-0.7861504990767813,0.1728668471326282,2.311053682409007,-0.5160967140830143,-0.4348936266416963,-0.7864903281226394,-0.4281191960857684,0.2977307475776298,0
-0.7935720142341486,1.949318015444848,-0.4286148658971563,-0.9122777106512282,1.3659177051283569,1.0676633577244738,-0.6222650142472463,-0.7633321344770542,-0.6097304107698501,1.7282863319291863,0
-0.949201294209407,-0.6465969511184304,-0.6329209419997991,-0.6373432906855496,-1.0723513593370113,-0.05759712966898518,0.41868713911691996,0.2222069019174552,-1.1148449995834042,-1.4301550921627928,0
-0.09803847611415957,-0.28926891707870184,0.5677336029103831,-0.04019273521869376,-1.3940611054498477,-1.1329954973613738,-0.4557126697089796,0.13049519185510902,0.7959586648751735,1.3092999860201862,0
-0.9558770810179972,-0.31475361753373554,0.7872438521183388,0.33893657639002855,-0.20219011102333628,0.427572890864221,-0.8929125741219297,1.0170855826730265,-0.024210264937241138,0.039875238828123945,0
0.26203677487417304,0.12119742854811838,0.6862786400908698,0.7259461739213339,-0.8596957644488652,0.6240064508028565,0.08558245004038689,2.955926397262225,2.2987041274620483,-0.34055974632781677,0
0.7193281712626001,0.06182349876458227,-0.002660453743623219,0.5677567305865168,-0.7674541282046479,-0.35584218053213196,0.6060585267224701,-0.6072774886607807,1.3852303534082704,-0.39134597007436234,0
0.15355523923458272,1.3309073586583373,-0.09554844880889453,0.2907792735297982,-0.5320789184780246,-0.6445786411267026,1.3555440771446696,-0.7687269409513098,0.3759363741047796,-0.33871297455521515,0
-0.1506102972318072,0.24780758931940303,0.23823066389367883,0.31325268153123903,0.24175116292050727,-0.7099791888276415,2.146667713701436,0.10904754660379999,2.107063716962622,-0.1808139879977738,0
-0.6003914334605703,0.495063406500156,-0.45949834251732335,0.05291138364441817,-0.2262729027521221,-0.5770908419033933,0.8975251296644364,-0.07595484126945506,-0.8529142231284166,0.4454724893857623,0
0.602919138787809,-0.1097915585549535,-0.12334357776704477,0.26772214064520305,0.377160067357831,-0.43956415826276657,0.37704905298235325,-0.7316211988600879,-0.11924576354759718,-0.10878988886630918,0
2.59522426447644,2.473652171615436,0.24607031565110585,0.1372596292602155,0.7056856979222108,-0.27304787014477316,-0.4557126697089796,2.955926397262225,0.904860897249511,0.574515666996303,0
-1.175343572350399,-0.05231542561381354,-0.21076757312259423,0.7049320781277789,1.762602180208168,-1.160593600823827,-1.2884743924003128,-0.18266674494314625,-1.0846929157012586,-0.0866286275950893,1
2.59522426447644,2.473652171615436,2.726251053455281,-0.18641581844884766,-0.21218674155226616,-0.8975999090051577,-0.2475222390361464,2.955926397262225,-0.7685313858824834,0.6820901227503492,0
-0.5081821281669185,-0.29442007993663416,-0.335251740422344,0.2087659274466181,-1.0305472680342134,-0.9395768562883844,1.8760201538267527,1.7431475857204102,-0.9368563347275874,-0.03422647854751745,0
-0.3825938888303158,-0.2071214251864122,-0.9260764046866146,0.5610438944302423,0.2781025466620706,-0.36488693712907033,-0.7471792726509462,2.612369331304139,0.7570135668698212,-0.2526072406576631,0
0.15814484266548842,-0.15398311359932051,-0.7735595432239439,0.2653872411125858,-0.8565150183714784,0.30396121737273,0.7309727851261701,2.955926397262225,-0.1374122597190146,0.42031022398406465,0
-0.5553298725025867,-0.09081359013099219,-0.32551156702675293,0.24087079602010494,0.2326633169851163,0.529616298624551,0.23131575151137032,-0.8320172315395286,-1.1049770448583385,0.19061798476673383,0
-0.6333531308279843,-0.28574443722853754,-1.483641940283013,0.24437314531903076,-1.1150642352333482,1.0168735706801277,0.6685156559243202,0.6527387746921994,-0.42598006428806895,0.20677723777699838,0
0.08721460782421785,-0.0837646304306637,-0.3333512187841799,0.58176612778222,-0.8392481110942357,0.07621888459853861,0.14803957924223693,2.7426341705605557,0.6242799013522693,-0.29462129848435076,0
0.05049778037697184,0.0019073413117901812,-0.19485070440296975,0.4305813830452547,1.2714041074002917,0.944283601068802,0.043944363905820204,-0.5512241335868072,-0.19983406046896804,0.037566774112371845,0
-0.1030453162206022,-0.160760959465021,-0.103150535361551,0.44663381733199814,0.022734075877587512,-0.39573187629298845,-0.41407458357441296,0.5457637097270812,0.6547544674149727,0.01055773693807261,0
0.3433979266038658,0.14641101516852412,0.40951517653322006,0.73353459740234,-1.3458955219922764,-0.29252888435356356,0.5436013975206201,0.9945852922560093,-0.23476963002938622,-0.27107495838367957,0
-0.4923271344965169,-0.42265692371568697,0.6154842090692565,0.014677403797811059,-1.1155186275301179,2.4958072326974583,-1.101103004794763,-0.6883311664203291,0.14916690473660038,0.2751077933632598,0
-0.5361369854278899,-0.23884174383789036,-0.8410280613787703,-1.4641895876736253,-1.1886757873100142,-0.052726876116787585,-0.9761887463910628,0.07470499807256276,-0.8813249032355505,-1.4301550921627928,0
1.6063733434540197,2.473652171615436,-0.671168939967852,-2.810842893110611,2.311053682409007,-0.8769593106172728,-1.4550267369385794,0.5164212257329589,0.6507449389700385,-1.4301550921627928,0
-0.31708773077102476,-0.1477474954028761,-0.07868131927018798,0.3223004172201308,-0.5702478714066662,1.4169301124677858,-0.37243649743984647,-0.7125420052316228,0.8703338051177993,0.13729244983286135,0
-2.3502820506622704,-4.6430859873700525,-0.7234332850173653,-4.391569876692475,-1.300456292315322,-0.45811750512828114,-1.4550267369385794,-0.7732006829055705,-1.170903151970352,-1.4301550921627928,1
-0.16437910752452445,-0.014901716435147,-0.1893867046932479,0.5776800536001401,0.8042888263212017,0.5583739862660988,0.3145919237805032,0.14641644998644898,0.4098722489054688,-0.6014162592078005,0
0.18860311997968113,-0.03713305087464449,0.21281118698323373,0.5554985080402763,-0.4720991353044449,0.328080568297899,-0.018512765296029833,1.4989339072760566,0.932357877845065,-0.6563577194426996,0
1.8266743081374957,1.282106868425294,0.09402858459797633,0.7139798138166706,-0.3080635161706399,-0.08032497957924063,0.7309727851261701,0.22418061160315855,0.4702409131058715,-0.7780138099628336,0
-0.5478196123429228,-0.6750639037543723,-0.3870409550623162,-0.07784299018214658,0.6688799218838777,0.7817098991597304,0.2521347945786537,-0.5574084239353442,-0.3566141472501063,1.2014946837945646,0
-0.030863371352720905,0.013565236200794974,-0.40865938869643315,0.7367450842596887,-0.8583325875585566,-0.11024225139988286,-0.538988841978113,-0.17582455136604155,0.8282176323369628,-0.17735129092414556,0
0.5641161279628785,-0.2467040450421029,0.4579784783064051,-0.8489435608289858,-0.38258385284084484,-0.845650537781717,-0.2683412821034297,-0.32043168100523584,-1.0466615172074865,2.8266538436840203,1
-0.9066431533046446,-0.4269947450697353,-0.6386225069142916,-0.3437296744589333,1.3386541673221843,1.8589636015386701,-0.2683412821034297,-0.13713984152625702,-0.538698335799006,2.8266538436840203,0
-1.238763547032006,-1.2883233976829505,-0.21076757312259423,-0.436250068438891,0.0195533298002007,-1.160593600823827,-0.16424606676701303,-0.8109643282253601,-1.0747819633521185,1.2171922438616787,0
-0.477306614177189,0.15861113772678492,0.35368735341214913,-0.03698224836134508,-0.8733275333519513,0.7940014914581338,-0.33079841130527976,-0.4938549720556982,-0.3139605041683403,-0.2948521449559259,0
-2.2593244553952294,-9.116464258732359,-0.21076757312259423,-2.297164995934821,1.0155812443190393,2.4958072326974583,-1.5383029092077127,-0.821622360528158,-1.170903151970352,-1.4301550921627928,1
-0.45477583369819713,-0.495586545230624,0.29999761713401274,0.13375727996128967,1.381821435515291,0.2819291179699316,-0.10178893756516322,-0.6856995535060579,0.30915031451127845,0.4620934353391771,0
-0.3462942980586068,-0.1816367247313784,-0.26540757021981265,0.3345586397663712,-0.08041297548909875,0.9275855888898389,1.313905991010103,-0.16503493841753025,-0.32819271773695374,0.031564765851416515,0
0.4347727585464439,0.290372461356002,-0.5364694688629701,0.31821434303805063,-1.2727383622123798,-0.845418620945898,2.146667713701436,-0.01713829263549704,-0.3579900712204859,-0.7189171132395807,0
1.7040067255296512,1.8706950034027228,2.726251053455281,0.533900687363567,-0.2435398100293647,-0.37717852942747376,0.16885862230952028,-0.6399094887977417,-0.1661346726006877,-0.4661402268647294,0
-0.1539481906361023,-0.11656940442065396,-0.9655122286785199,0.5627950690797051,-0.7320115290566235,-0.6104868662613196,-0.22670319596886307,0.4773417739560338,1.0506443416736315,-0.658897030630027,0
-2.2113422377084873,-2.2410174125658076,-1.0728917012347925,-1.5374470605094908,-0.0476967301216917,1.4507899704973497,-1.2884743924003128,-0.8129380379110634,-1.1354516109210415,1.8377075594558345,1
0.1005661814413982,0.23316744224949004,-0.21076757312259423,0.13784335414336982,0.5552818476914919,-1.1334593310330117,-1.4550267369385794,-0.458328197713039,-0.028725015465049075,0.3284333282971326,0
-0.22905079223274177,-0.1783833587158422,0.2527221413846803,0.3792135933276757,0.14769195748921185,0.8232230127713195,0.6685156559243202,-0.7633321344770542,0.9904476679695264,-0.26114856010594567,0
-0.20234764499838107,-0.14801860923750412,1.9843349189569632,0.5838091648732602,-1.0055556917118884,-1.0372138441681549,0.27295383764593656,-0.1952984869316473,2.6478770831639142,-0.307317854420987,0
0.04507370359499236,0.3567953508398665,0.5553802122623162,0.5870196517306089,-0.31715136210603073,-0.21460482751840235,-0.4348936266416963,1.6003825851212057,-1.0124246590382766,-0.11640782242829112,0
0.2920778155128288,-0.4099145734881701,-0.6243685946280606,-1.7680183893554418,-0.03997206107660939,2.4958072326974583,-1.5383029092077127,-0.6630676824433269,-1.1118244164921802,-1.4301550921627928,0
-0.681752585190263,0.9665303649182804,-1.6665671479563093,0.5242692267915209,0.9106166237652746,2.4958072326974583,-0.7471792726509462,-0.7234631988258476,-1.0829085143021726,-0.7865551294111165,0
-0.9103982833844766,-0.6045743067510875,-0.9764402280979635,0.11274318416773461,1.288216622380765,0.9152939965914355,0.002306277771253514,-0.560434778786756,2.2445056223163165,1.618172564987813,0
-0.769789523728546,-0.8672836125056376,-0.43360373519733714,-0.08893376296207837,0.8569983327464685,2.4958072326974583,0.12722053617495357,-0.8291224573338305,-0.726490458943777,2.8266538436840203,0
-0.3467115347341436,-0.16780991916534946,0.08310058517853264,0.23182306033121322,-0.5838796403097526,-0.1380722716981546,1.9384772830286028,-0.7801744571283888,-0.6212000269916859,-0.08362762346461172,0
-0.4568620170758816,-0.34105165949265337,-0.10837696986650233,0.06283470665804138,-0.9564813236607776,0.8466466131890313,-0.6847221434490962,1.9381501026678951,1.3814573118957454,0.31943031590569954,0
1.1970641647523343,-1.2704298845975013,0.060531890725333735,-0.3586146589793682,-0.2626242864936856,0.3208911463875122,0.002306277771253514,0.4356307092648376,-0.8948476560069369,-1.4301550921627928,0
0.15939655269209907,-0.14584969856047997,-2.054748692551331,0.49362367042591987,1.0155812443190393,-0.6617404869773036,-0.20588415290157971,1.3097209387399678,-0.8452606460431802,-0.28584913256449285,0
0.7255867213956534,0.4454495747632286,0.7592111579554179,1.006134117835401,-0.9201299399192143,-0.06571421892264784,0.3145919237805032,0.7952406139999769,2.219835735503652,-0.8054845400802833,0
-0.24824367930743857,-0.13880073886015148,-0.21076757312259423,1.0221865521221447,-1.3836100826241482,-1.160593600823827,-1.5799409953422794,2.955926397262225,2.6478770831639142,-0.4910716457948517,0
0.42267289495587423,-0.17106328518088573,1.8379947528183258,0.229488160798596,-0.937396847196457,-0.759609391692893,1.4180012063465197,-0.58688248857518,-0.17607787316788365,0.3866066391340846,0
0.040901336839623444,0.145326559830012,-0.5535741636064472,0.229488160798596,-0.5348052722586418,-0.2941523022042961,1.8552011107594695,-0.6025405854150928,-0.306048941338658,-0.1007102623611769,0
0.29416399889051326,-0.15615202427634467,1.1447794852979636,0.2674302782036259,1.7585126495372418,-0.5188797161128413,0.9183441727317198,-0.10384993816072818,-0.2915587420255984,0.28411080575469283,0
-1.8132984492462982,-1.8546801982208814,-0.7189195461267256,-2.283739323622272,1.210515539633173,1.5519057109144043,-1.184379177063896,-0.7962272959054423,-1.0736747745322037,-1.4301550921627928,1
0.3638425237051733,0.07700587350375133,0.21494927382616844,0.21022523965450385,-0.34714125369282056,-0.5221265518143064,-0.08096989449787986,-0.7259632310944051,2.6478770831639142,-0.3121656303240664,0
-0.5690986827953038,-0.03008409117431601,-0.5397953817297573,0.4872026967112224,-0.8901400483324245,0.3733043512825908,-0.18506510983429636,-0.17187713199463492,0.22891674798852124,-0.11363766476938854,0
-0.9475323475072596,0.4560230143137214,-0.1411609681248334,0.09990123673833987,-0.5729742251872835,-0.37555511157674126,-0.538988841978113,-0.7793849732541075,-0.7421523435128629,0.08904553727364305,0
0.20153745692132463,0.08107258102317162,2.726251053455281,0.6089093348488953,-0.9864712152475676,-1.0288648380786733,0.27295383764593656,0.04220457858131527,0.9439779857511609,-0.23460121587479693,0
0.6796906870865961,-0.11792497359379404,2.726251053455281,0.27355938947674613,0.3748881058739834,-0.05319070978842552,0.6893346989916035,-0.689252230940324,0.30804312569136366,-0.16280796321490765,0
-0.21110961518465568,0.20930942480222445,0.3092626601200628,0.511135416920549,1.4527066338113395,-0.8591017142592149,-1.684036210678696,-0.7438581989114483,-0.9908291023469289,-0.21867280933610772,0
0.1648206294740786,-0.248059614215243,-0.2053035734128724,0.22511022417493867,0.29536945393931335,1.9835029423734367,-0.6222650142472463,-0.7378054892086249,0.010488817690768044,0.2033145407033705,0
-0.5970535400562752,-0.3543362373894263,-0.3951181720245138,-0.28185483684457674,0.27355862369437545,2.4958072326974583,-0.9345506602564961,-0.6403042307348824,-1.0601950193848915,1.8074666716794823,0
2.59522426447644,0.9857794471768697,-0.21076757312259423,-0.11374207049613645,2.1388390019333494,-0.17610663277245953,-1.0386458755929129,2.6403960088411256,-1.070385456290515,2.8266538436840203,0
-0.27494682654179925,-0.33481604129620895,0.5793742979441382,0.2087659274466181,-0.11994510530804904,0.6059169376089798,0.08558245004038689,-0.7605689409170695,0.7446410005424239,-0.0037547442995901517,0
-0.7289003295259313,-1.0719745576497917,-0.23785000646643295,-3.6134646074477836,2.311053682409007,-0.2570456084732669,-1.7256742968132626,1.321168454917047,-1.0437484281764486,-1.4301550921627928,0
-0.5428127722364801,-0.11656940442065396,2.726251053455281,-0.03318803662084212,-0.19900936494594945,-1.1520126778985265,0.5852394836551867,0.32931354752828707,-0.5239394013354816,2.8266538436840203,0
-0.7564379501113656,-0.24480624819970676,-0.08818392746100856,0.21314386407027539,0.02500603736143526,-0.3215184888309301,2.146667713701436,-0.7508319731342666,0.05192777789243327,0.3312034859560348,1
0.3225360928270215,0.684029749235885,0.2776664878855843,0.3015781838681529,2.311053682409007,0.33480615653664814,-0.8096364018527963,-0.7932009410540305,-0.9286975355594775,-0.27453765545730763,0
-0.5807813097103367,-0.043368669071088925,2.726251053455281,0.3876776041334131,-0.821072419223454,-0.9739005479895863,-0.35161745437256314,2.955926397262225,-0.9355771554113752,-0.2586092489186184,0
-0.19108225475888516,1.1338076008837679,0.3786316999130531,-1.871337693673754,1.52222865521708,-0.9880474749745413,-1.2884743924003128,-0.8189907476138869,-1.098925129269872,2.8266538436840203,1
2.150032731678582,-0.1328362344983351,-0.21076757312259423,1.0221865521221447,-1.3940611054498477,-1.160593600823827,-1.559121952274996,0.7505031944573691,-0.33141753954253084,-0.6713627400950882,0
-2.2251110480012044,-1.6920118974440703,-0.21076757312259423,-4.360048733002142,-1.3940611054498477,-1.1406487529433986,-1.101103004794763,-0.06555997025808441,-1.111071958070879,-1.4301550921627928,1
0.4789998461533538,-0.2523974355692913,-2.5857069252134313,0.06137539445015562,-0.8828697715841118,1.822552658315098,-0.788817358785513,-0.7720164570941486,-0.9421127942706781,0.17030349526811575,0
0.04549094027052924,-0.24914406955375507,-0.21076757312259423,0.2595499922810428,-0.9501198315060042,-1.0274733370637597,0.1896776653768036,0.4411570963848068,0.32311379292942716,-0.326247265090154,0
0.08930079120190222,0.04365887184450502,-0.21076757312259423,0.3167550308301648,-0.9587532851446255,-0.7292282862006129,1.9384772830286028,2.955926397262225,-0.8982659671208486,-0.17134928266319024,0
0.2762228218424272,0.1702690326157897,-0.1720444447450003,1.0221865521221447,-1.0164611068343574,-0.841707951572795,-0.2475222390361464,2.751844815760505,2.087747034347215,-0.6251934457800469,0
0.6951284440814608,-0.4966710005691361,-0.3188597412931785,0.013218091589925296,1.4131745039923893,0.7837971506821009,-0.4557126697089796,0.07181022386686461,-0.025715181779843863,0.8780787771176997,0
0.03839791678640218,-0.102471485019997,0.5499162125525945,0.29223858573768396,-1.1550507573490683,0.42386222149111785,-0.7679983157182296,-0.7516214570085479,-0.6430105718034055,-0.50607666644724,0
-0.17898239116831546,-0.43187479409303964,0.28241779198099465,0.21139268942081246,1.0110373213513437,-0.7507965519317735,0.6060585267224701,-0.6685940695632961,-0.12789903539256237,0.12297996859519843,0
-0.5511575057472178,0.4703920475490064,-0.47042634193676697,0.6538561508517771,1.3650089205348177,0.1961198887169266,0.27295383764593656,0.17536419204343043,-0.3314820359786424,-0.5443971807287245,0
-0.2916362935632747,-0.20685031135178417,0.006129458832885855,0.625253631577216,-1.387699613295074,2.4958072326974583,-1.621579081476846,-0.510697294707033,-0.49283062031768154,-0.5067692058619657,0
-0.5983052500828859,-0.8057407720450773,0.09497884541705838,-0.6901703926110144,-0.6793020226313565,2.4958072326974583,-1.101103004794763,-0.7793849732541075,-0.4197991558273796,1.043595697237123,0
-0.16396187084898756,-0.45844394988658543,-0.21076757312259423,-0.1767843578768016,-0.6874810839732083,0.02171842818108951,-0.2475222390361464,-0.6089880370550568,-0.9755326975824751,1.655108000439846,0
-0.9174913068686036,-0.6005075992316672,-0.21076757312259423,-0.8328911265422425,-0.8487903493263961,0.797480243995418,-0.6847221434490962,2.5022363308418956,-0.7249532938831186,-1.4301550921627928,0
-0.3513011381650494,-0.36436744927066295,2.726251053455281,0.16002489970323347,-0.22536411815858304,-0.5225903854859443,1.16817268953912,-0.284510164725436,-0.8042516620822586,0.8023611344410319,0
0.1714964162826688,-0.1228050226170984,-0.04637245142139795,0.41686384829112844,-0.6506753079348754,0.3062803857309194,-0.16424606676701303,-0.6581991985519255,-0.27269353446297245,0.06111311421304284,0
0.5858124350907967,2.473652171615436,2.726251053455281,0.583225439990106,-0.7161077986696895,-1.046490517600912,2.146667713701436,0.6008960002810597,0.729817569642788,-0.8170268636590436,0
-0.8574092255912922,-0.17079217134625768,-0.005748801405639888,0.0689638179311616,-0.3425973307251251,0.08294447283728762,0.12722053617495357,1.4073537778594236,-0.7159560410455585,0.7628863878016716,0
0.16315168277193112,1.0608779793688308,0.320428224744277,0.23444982230540756,2.311053682409007,0.6870878301456061,-0.20588415290157971,-0.7721480377398622,-1.0418027856870837,-0.19951255219536543,0
0.558692051180899,0.4530407621328132,-0.11645418682869982,-0.5743010033048845,-1.2195744634903432,0.059057038747937746,-0.788817358785513,-0.5987247466893997,-0.8725641373303994,-1.4301550921627928,0
1.6401695141725077,-0.20115692082459577,-0.21076757312259423,0.16352724900215931,2.311053682409007,1.0725336112766715,-0.5181697989108297,-0.6449095533348568,-1.0341062109777732,-0.11040581416733562,0
-0.16104121412022934,-0.30580686099101095,1.3136883458897997,0.3462331374294574,-0.5243542494329423,0.7288328605930139,0.23131575151137032,0.09444209492959565,1.033101311051292,-0.020375690253005015,0
-0.04797007504973324,0.07483696282672718,-1.2634189954607458,0.324635316752748,2.311053682409007,-1.128589077480814,-0.2891603251707131,0.6895813554919944,-0.3732434783608654,0.14260191867909086,0
2.1083090641248936,0.46768090920272615,2.6602079265290777,0.6173733456546329,0.11406692752826558,-0.32105465515929216,0.06476340697310355,-0.2075354869830077,0.5284059490724631,-0.45990737213219873,0
2.435839854421349,2.1483155700618135,2.726251053455281,1.0221865521221447,2.311053682409007,-1.1383295845852093,-1.6632171676114125,-0.15832432548613898,-0.9092841082899036,-0.9183684646805594,0
-0.17898239116831546,-0.15479645510320458,-0.2150437468084635,0.34535755010472585,0.14360242681828614,-0.9258937629750674,-0.14342702369972968,-0.16069277710898294,-0.3690942076376896,0.12090235035102148,0
0.24826796458145584,0.019800854397239415,0.06552076002551457,1.0221865521221447,-1.2722839699156103,0.5541994832213579,-0.8929125741219297,2.955926397262225,0.5288036770951511,-0.7904795194278949,0
-0.41221769279343473,-0.3426783425004215,-0.28370009098714233,0.214311313836584,-0.4148457059114824,2.4958072326974583,-0.5598078850453964,0.11246864339235224,0.9017435695041199,0.5237294432497573,0
1.9030286197607456,2.2795346660217746,0.055543021425152946,-4.347790510455901,1.3445612671801885,0.5219630430425263,-1.7048552537459791,-0.6245145532492561,-0.6785696069129018,-1.4301550921627928,0
1.360203704887257,-1.1763533839815787,0.7615868100031232,-0.9242440707558913,-0.5198103264652469,-0.8860040672142111,-0.4973507558435463,-0.6392515855691739,-0.7026590258005625,1.3383866414386623,0
-0.18732712467905316,-0.26513978579680814,-0.5158012960479353,0.2595499922810428,-1.3940611054498477,0.4083237934912497,0.06476340697310355,-0.22095671284579013,0.2265196304463756,-0.20736133222892256,0
0.5732953348246901,-0.5140222859853293,-0.21741939885616865,0.10457103580357431,-0.6484033464510276,-0.3488846754575641,-0.20588415290157971,-0.42701200403321354,-0.4260015631001061,0.656004471462351,0
0.1297727487289802,-0.03171077418208414,-0.3963059980483663,0.6719516222295606,-0.010890954083358604,0.14277901647857227,-0.5806269281126797,2.955926397262225,-0.3418874610046377,-0.1616537308570315,0
2.59522426447644,0.4243026956622432,-0.21076757312259423,0.7682662279500211,-0.7020216374698337,-0.30157364095050193,-0.8720935310546463,2.067625458050031,0.8645613740858162,-0.5545544254780336,0
-0.8165200313886772,-0.06668445884909854,-0.21076757312259423,0.4904131835685712,-1.3940611054498477,-1.160593600823827,-0.30997936823799643,0.21115412767751673,0.8038809771108745,-0.7701650299292766,0
-0.2636814363023033,0.002178455146418194,-0.47185173316539003,0.2721000772688604,1.4068130118376156,-0.15314686602638536,0.6476966128570367,-0.3746429070392196,-0.09787594438263984,-0.14203178077313908,0
-0.20276488167391796,0.02034308206649544,0.10828249688420723,0.40898356236854533,-0.4698271738205972,1.2879843517524594,-0.3932555405071296,-0.6703046179575723,0.4253083959481645,0.05949718891201655,0
-0.40429019595823396,0.4346050213781079,1.2065464385382974,0.642473515630268,0.5652784782204219,-0.4532472515760836,0.5644204405879034,0.7478715815430981,0.21723214364631355,-0.646662167636541,0
0.6133500556762311,0.0680591169610267,0.09212806295981221,0.3237597294280165,1.3713704126895914,0.5075841992217527,0.10640149310767025,-0.3121421003252821,-0.3246669125628562,-0.11202173946836208,0
-0.37716981204833633,-0.1328362344983351,0.03178650094810146,0.29048741108822107,-0.034064961218605375,0.054186785195740154,0.6685156559243202,-0.7572794247742307,-0.4506714499127707,0.05972803538359188,0
-0.18482370462583186,0.1542733163727366,-0.0074117578390334995,0.4016870013291165,-0.5529809641294234,0.1754792903290416,1.5220964216829365,-0.8333330379966641,-0.20437030980881313,-0.6999877025704139,0
1.0535347483676458,-0.5853252244924981,-0.18511053100737862,-0.20363570250189972,-1.3940611054498477,-0.5787142597541259,-0.7471792726509462,-0.041875454029644876,0.303130647140868,2.8266538436840203,0
0.47607918942459554,-0.3239714879110882,-0.21076757312259423,0.2356172720717162,-1.0569020212468467,-0.07174405665394003,0.7101537420588868,-0.6028037467065198,0.6607956335974202,0.2707217104033309,0
-0.9425255074008169,-0.4486838518399768,-0.9398551865633044,-0.06791966716852336,-0.6706685689927352,-0.5330266430977962,-0.018512765296029833,-0.015954066824075023,2.6478770831639142,0.3309726394844599,0
-0.33210825109035264,-0.19465018879352333,-2.2512151168965464,0.254296468332654,0.21221566363048705,-1.019588164645916,-0.2475222390361464,0.7072131620176103,-0.054910568526334726,0.6945558322154105,0
-0.638359970934427,-0.07237784937628693,-0.3043682638021771,0.2589662673978884,-0.3898541295891575,-0.19535573014543103,0.8975251296644364,0.01812532041573516,-0.6815686911920884,-0.11894713361561839,0
0.37719409732235365,-0.4508527625170009,0.4729450862069476,0.19971819175772632,1.3495595824446533,-0.17378746441427034,0.1896776653768036,-0.6810942309060837,-0.7222014459423594,0.5740539740531523,0
-0.46395504056000864,-0.32776708159588047,-0.20744166025580701,0.08851860151683089,-0.9028630326419717,0.646502383877293,-0.6639031003818129,2.1810479746551135,1.1100778075504167,0.9958104776210553,0
1.6218111004488847,2.2179918255612145,0.6057440356736653,0.5388623488703785,-0.6992952836892165,-0.6392445539028672,0.7934299143280197,2.955926397262225,0.6788331368966146,-0.6159595869170384,0
0.42267289495587423,-0.12144945344395829,0.8414087188060162,0.47027467509974746,1.0919191501763224,-0.7758435702002183,-1.184379177063896,-0.468065165495842,0.04920817816972997,-0.3244004933175524,0
-1.3564242895334078,-1.4298448193587763,-2.474763974585601,-4.391569876692475,-0.10994847477911898,1.1847813598130346,-1.684036210678696,-0.8335961992880911,-0.9865938363756044,-1.4301550921627928,1
-0.4581137271024922,-0.2889978032440738,-0.46448721181750413,0.22773698614913307,-0.3694064762345281,-0.42611298178526846,0.5227823544533367,-0.5413555851582907,1.0549763522991231,-0.08685947406666462,0
0.03380831335549638,0.24997649999642724,-0.47042634193676697,1.0221865521221447,-1.017824283724666,0.6202957814297537,-1.2260172631984627,-0.799253650756854,-0.9624829186759065,-0.5464747989729013,0
-2.363216387603914,0.19765152991321963,-1.929314264432499,0.37191703228824685,-0.8247075575976103,0.17014520310520626,-0.039331808363313174,-0.687146940608907,1.7379183648782157,-0.5647116702273426,0
-0.7923203042075379,-0.8385455460350676,1.4362719915513853,-3.452064677255617,2.311053682409007,0.9046258221437644,-1.746493339880546,-0.11148161561211431,-1.0180680971980365,-1.4301550921627928,0
2.59522426447644,2.473652171615436,-0.21076757312259423,1.0221865521221447,-1.3940611054498477,-1.160593600823827,-1.5799409953422794,0.027335965615683695,2.6478770831639142,-0.5224667659290798,0
-0.3337771977925002,-0.47308409695649845,-0.7065661554786588,-0.03960901033553946,0.8629054326044727,-1.15340417891344,0.02312532083853686,-0.06950738962949095,-0.32747250753370827,2.2377644946956674,0
0.1360312988620335,-0.17133439901551373,-0.017389496439395122,0.389428778782876,-0.7947176660108206,-0.8637400509755935,-0.3932555405071296,0.7586611944916095,-0.7321553959155739,0.050494176520583474,0
-0.6571356213335868,-0.21688152323302085,0.2503464893369751,0.2963246599197641,-0.3030652009061748,-0.3069077281743373,1.0224393880681366,-0.39148522969055427,-0.46129186305913783,0.08812215138734207,1
1.3839861953928596,0.045285554852273154,-1.9426179158996477,0.5727183920933284,-1.0391807216728346,-1.0840610450035792,-1.7881314260151127,-0.7599110376885017,1.2653959751130266,-0.6058023421677294,0
-0.37508362867065187,0.391226807837625,0.018957979890493637,-3.1870535803035622,1.5013266095656805,-0.9606812883479073,-1.746493339880546,-0.7257000698029781,-0.8797877381748921,-1.4301550921627928,1
1.5195881149423476,0.3744177500906878,1.681676848079327,0.5374030366624929,0.11406692752826558,0.07853805295672797,0.002306277771253514,0.3306293539854227,-0.9917857994825835,-0.07116191399955057,0
-0.2620124896001558,-0.18949902593559098,-0.21076757312259423,0.43962911873414645,-0.42029841347271696,-1.160593600823827,0.1896776653768036,-0.5937246821522848,2.6478770831639142,0.208393163078025,0
0.2007029835702508,0.3134171372993836,0.1379781474805216,0.4693990877750161,-0.41666327509856055,-0.3120098985623538,0.12722053617495357,-0.17161397070320789,0.6428871231704488,-0.598646101548898,0
0.07678369093579569,0.032272090790128244,-0.5395578165249868,0.40664866283592815,-0.8047142965397505,-0.1909493102648712,0.6893346989916035,-0.0772706477265906,1.7190424079095707,-0.025916005570810023,0
-1.4991192325670228,-1.094477005923917,-0.2483028754763356,-0.1251247057176454,2.1461092786816622,0.7156136009513349,-0.7263602295836629,-0.8089906185396569,-0.6295093178440561,2.8266538436840203,0
-0.30790852390921325,-0.20820588052492425,-0.3554447828278378,0.32697021628536527,0.8747196323204808,2.4958072326974583,-0.8512744879873629,0.656423032772179,0.4299521393481954,-0.12795014600705146,0
-0.9688114179596408,-1.4821697894419839,-0.5103372963382135,-0.6160373324504175,-0.3303287387123474,0.07714655194181431,0.27295383764593656,-0.6397779081520282,-0.8113677688665653,2.8266538436840203,0
0.4381106519507389,2.473652171615436,-1.6905612336381313,-0.49783304361167036,0.7411282970702352,-0.9625366230344587,-1.2051982201311793,-0.6122775531978957,-0.8409716330417627,0.07519474897913045,1
-0.04630112834758573,-0.24751738654598693,0.24131901155569557,-0.051283507998625605,-1.1355118885879778,-0.9885113086461791,-0.30997936823799643,0.08588935295821466,-0.2543872960133134,2.8266538436840203,0
-0.34379087800538544,-0.16509878081906929,0.14510510362363704,0.25692323030684844,0.5057530873436119,-0.20834307295129112,0.5644204405879034,-0.6471464243119872,-0.4504994594164733,-0.07670222931735542,0
-0.4998373946561808,-0.4240124928888271,-0.20340305177470827,0.12937934333763235,-0.7660909513143392,1.4644730638106669,-0.8720935310546463,-0.3359581971994351,-0.5944340060053962,-0.1794289091683225,0
0.2311612608844435,-0.18651677375468276,-0.21076757312259423,0.28698506178929517,-0.8342497958297707,-1.160593600823827,-0.8720935310546463,0.5480005807042116,-0.10881883970956474,-0.1090207353378845,0
-0.24824367930743857,-0.2176948647369049,-0.2929651339731924,0.37366820693770975,-0.985108038357259,-0.15917670375767753,1.438820249413803,0.6853707748291605,0.09632282474921104,-0.27476850192888297,0
-0.12432438667298339,-0.0750889877225671,0.22207622996928383,0.3993521017964993,-1.0700793978531635,-0.2366369269212008,0.41868713911691996,-0.1920089707888085,-0.08383722012236108,-0.19050953980393237,0
1.5008124645431875,1.1221497059947632,-0.21076757312259423,-4.391569876692475,-1.3940611054498477,-1.160593600823827,-2.058778985889796,2.955926397262225,1.122794354870409,-1.4301550921627928,0
-0.7601930801911978,-0.5492670844869716,-0.25376687518605745,-0.09593846155993006,-0.8606045490424041,1.440121796049679,-0.8304554449200796,-0.3570111005136035,1.4606696848467366,-0.2893118296381209,0
-0.17564449776402039,-0.20522362834401606,-0.04304653855461075,0.26276047913839146,0.7511249275991652,0.6917261668619848,-0.3932555405071296,-0.8183328443853192,-0.2446268353484334,-0.22998428644329275,0
2.59522426447644,2.473652171615436,-0.21076757312259423,1.0221865521221447,0.44168377349910615,1.1254106498433878,-0.6430840573145298,-0.6346462629691996,2.6478770831639142,-1.2283952760060621,0
0.34923924006138224,-0.11792497359379404,-0.2245463549992841,0.2665546908788945,0.33444719146149404,-0.2992544725923126,0.48114426831877,-0.7359633601686352,0.4155049376592101,0.06065142126989252,0
-0.630849710774763,-0.20088580698996775,-0.3411908705416069,0.37979731821082996,-0.1876495575267109,-1.126269909122625,-0.9970077894583461,0.7139237749490015,-0.018029356476551763,-0.13372130779643163,0
-0.7034488923181811,-0.27652656685118493,0.02869815328608475,-0.04690557137496829,1.2559547693101274,-0.3535230121739428,0.5227823544533367,-0.7782007474426855,-0.5228967089516783,1.0597549502473875,0
-0.3984488825007175,-0.18895679826633494,-0.2979540032733732,0.32959697825955964,-0.36895208393775863,1.1680833476340713,-0.018512765296029833,-0.5791192304780804,0.1578739236116586,-0.1808139879977738,0
-0.38801796561229535,-0.042284213732576875,-0.1411609681248334,0.3482761745204975,0.416237804880012,-0.44744933068061027,0.9808013019335698,-0.654514940471946,2.3770565479315526,-0.5557086578359095,0
-0.4355829466235004,0.15725556855364486,-0.21076757312259423,0.832475965096995,-1.1568683265361464,-0.4198512272181573,-1.2051982201311793,-0.1984564224287726,-0.04524685251562212,-0.34286821104356885,0
-0.4914926611454431,-0.04906205959827734,-0.8467296262932625,0.2837745749319465,-0.7815402894045037,-0.9233426777810593,2.146667713701436,2.2401276845804987,0.061956973707778105,-0.2957755308422267,0
-0.4902409511188324,-0.14422301555271186,-0.13094566431970125,0.4212417849147858,-0.42802308251779914,1.4517176378406256,-0.10178893756516322,0.6145803874352693,2.6478770831639142,-0.0598504368923654,0
0.6650874034428049,0.3828222789641563,1.6923672822940004,0.3228841421032851,0.28991674637807896,0.5994232662060497,0.8142489573953031,-0.6143828435293125,-0.3047590126164271,0.1245958938962247,0
0.19444443343719756,-0.06180440982579421,-0.005986366610410441,0.6092011972904726,-0.8792346332099555,0.9774477085909091,0.41868713911691996,1.0806390345526726,0.2717208827545474,-0.5621723590400153,0
-1.3568415262089446,-5.431213904633703,-2.585469360008661,-4.391569876692475,2.311053682409007,2.4958072326974583,-1.9755028136206625,-0.80688532820824,-1.2439453658666728,-1.4301550921627928,1
-0.28662945345683205,-0.11467160757825783,-0.4946579928233595,0.33747726418214274,0.6266214382843102,-0.1958195638170688,1.0016203450008532,-0.5147762947241532,2.603697024427508,-0.0748554575447538,0
0.01544989963187342,0.0029917966503022328,-0.2504409623192702,0.6996785541793902,-1.2063970868840266,-0.08681865098217076,-0.08096989449787986,2.4853940081905606,-0.4460814535428327,-0.05107827097250748,0
0.39555251104597655,0.348390821966398,2.726251053455281,1.0221865521221447,-1.3786117673596834,-0.39805104465117763,-0.3932555405071296,0.9456372920505675,2.6478770831639142,-1.4301550921627928,0
-0.25408499276495494,0.158882251561413,-0.4559348644457656,0.36082625950831504,-0.647948954154258,0.14973652155314016,0.9808013019335698,-0.42661726209607287,-0.6101388881985566,-0.2507604688850613,0
0.20863048040545168,0.13963316930282366,-0.2178945292657097,0.5455751850266531,-0.8619677259327128,0.08967006107603664,1.3555440771446696,2.955926397262225,0.3861698086344774,-0.18150652741249929,0
-0.20485106505160242,-0.5186312211740056,-0.21076757312259423,-0.0752162282079522,-0.7311027444630844,0.31161447295475475,-0.6222650142472463,-0.5676717143010013,-0.8161405051388194,1.0308991413004867,0
-0.2398989457967008,-0.24914406955375507,-0.7866256294863222,0.585268477081146,-1.3940611054498477,-1.1445913391523206,-1.0386458755929129,-0.7093840697344975,-0.9739525348977423,0.19708168597083967,0
1.953514257500709,2.473652171615436,-1.1386972629562255,-0.2909025725334686,-0.07450587563109473,-1.1513169273910695,-0.9761887463910628,0.4287885156877329,-0.8841197488003839,2.8266538436840203,0
0.9713391232868792,-0.018697310119939227,0.6905548137767391,0.4110265994595854,0.6220775153166147,-0.31734398578618933,0.2521347945786537,-0.10029726072646232,-0.5651096263866822,-0.4859930234201971,0
0.9125087520361784,-0.6804861804469328,1.81685144959375,0.22394277440863006,0.8310979718306046,-0.6911939251263081,0.5019633113860533,-0.7028050374488198,-0.3927751490966438,0.2707217104033309,0
-0.8040029311225707,-0.8952083374723235,0.2503464893369751,-0.1429283146538518,0.6293477920649275,-0.9147617548557586,0.6268775697897534,-0.8314909089566744,-0.6517068412724448,0.8208288521670486,0
-0.8970467097672963,-0.527035750047474,-0.6115400735704528,0.1285037560129009,-0.9437583393512305,0.662968479220437,0.3354109668477866,-0.6924101664374492,-0.279476409660703,0.7688883960626272,0
-0.6154119537798982,-0.16157430096890504,-0.4984590360996877,0.27618615145094055,-0.12630659746282266,0.2615204364178655,-0.2891603251707131,-0.3655638424849844,0.03213812141220884,0.19223391006776044,0
0.975928726717785,0.10655728147820535,1.6496055454353076,0.45363851592984983,0.14632878059890317,0.5817975866838108,0.06476340697310355,-0.2572729710627306,1.4034398472037621,-0.15057310022142165,0
-0.4885720044166849,2.034176645683418,-1.27933586418037,0.14630736494910723,0.46213142685373576,-0.940968357303298,0.043944363905820204,-0.3462214875650922,-0.8928267676754419,0.6753955750746681,0
-2.688243757847148,-1.0248007504245162,-2.4137097169595787,0.1066140728946144,0.5080250488274595,-0.8407802842295193,2.146667713701436,-0.8259645218367052,-1.0280005483592138,0.29634566874817886,1
-1.1002409707537597,-0.8984617034878597,-0.9398551865633044,-0.6916297048189002,-0.42393355184687326,1.2165539663202283,-0.8720935310546463,-0.21477242249725306,-0.17891571635679146,2.8266538436840203,0
-0.43474847327242655,-0.18190783856600645,-0.7483776315182693,0.5347762746882984,-0.4634656816658235,0.5507207306840741,0.46032522525148667,0.1331268047693801,2.6478770831639142,-0.4222793972654401,0
-0.2252956621529098,-0.24317956519193867,-0.21076757312259423,1.0221865521221447,-1.3940611054498477,-1.160593600823827,-0.33079841130527976,0.13825844995220868,2.599461758456184,-1.4301550921627928,0
-0.3458770613830699,-0.2263705074450015,-0.5241160782149034,0.24524873264376226,0.3930637977447651,-0.28603521295063344,0.5644204405879034,-0.6603044888833424,0.11212445159653846,-0.15934526614127958,0
-1.0881411071631901,0.31992386933045597,1.3248539105140138,-2.645648751177942,0.6025386465555244,1.0829698688885232,-1.9755028136206625,2.8605304291198994,0.4707998822188382,-1.4301550921627928,0
-0.0454666549965119,0.03091652161698818,0.03986371791029896,0.35644832288465766,0.360347552377358,0.21606473659735476,0.7726108712607368,-0.5003024236956624,-0.19664148688144673,-0.18496922448612751,0
0.595408878628145,-0.34105165949265337,-0.08960931868963166,0.22044042510970424,1.9439047066192154,-0.6728724950966124,0.7934299143280197,-0.7984641668825727,-0.3922376787957143,0.09227738787569596,0
-0.17355831438633595,-0.10382705419313709,-1.3289869919774076,0.6261292189019475,-0.8801434178034945,-1.12302307342116,-0.9553697033237795,-0.3147737132395531,-0.9364371078928624,-0.3389438210267903,0
-1.0026075886781285,-0.7393178825612128,-1.3722238592456415,-4.391569876692475,-0.2976124933449404,-1.0852206291826738,-1.8922266413515294,-0.39030100387913236,-0.7581904572925995,-1.4301550921627928,0
-0.008332590873729097,0.5425083275600593,-0.21076757312259423,0.20905778988819523,0.5730031472655042,-1.1589701829730943,-1.4758457800058629,-0.4808284881300566,-0.22434270619135369,-0.2225971993528861,0
-1.1202683311795303,-2.3399739622050344,1.0830125320576298,-0.6449317141665557,0.09634562795425337,-0.005415841609725432,0.16885862230952028,-0.8141222637224854,-1.0164986839193224,-1.4301550921627928,1
1.4123582893293678,-0.24399290669582271,1.4267693833605648,0.2481673570595338,0.351259706441967,-0.8899466534231328,1.501277378615653,-0.8246487153795696,0.2378602537959882,0.7513440642229112,0
-1.4085788739755185,-4.145049873158382,2.5409501937342793,-0.4969574562869389,1.4867860560690553,-0.7331708724095347,-0.476531712776263,-0.7638584570599083,-1.263348043730228,-1.4301550921627928,0
-0.9078948633312554,-0.5148356274892134,-0.3763505208476431,-0.2672617147657191,0.6752414140386513,-0.8755678096023591,1.10571556033727,-0.054638776663859565,-0.9948493801978817,2.8266538436840203,0
-0.04004257821453242,-0.21227258804434454,0.0313113705385604,0.3377691266237199,-0.6179590625674682,2.4958072326974583,-0.7055411865163795,-0.3542479069536189,0.5331786853447171,-0.14687955667621827,0
0.0020983260146930542,-0.6479525202915705,-0.21076757312259423,-2.6082903586560664,0.6438883455615529,-1.160593600823827,-1.496664823073146,-0.8357014896195081,-0.7601360997819644,-1.4301550921627928,0
-0.03837363151238484,-0.11033378622420954,2.726251053455281,0.31471199373912473,1.9339080760902854,-1.1573467651223617,-0.16424606676701303,0.3091817087341135,-0.8636958773650625,-0.16904081794743814,0
-0.3571424516225658,-0.2670375826392043,0.24250683757954808,0.408399837485391,-1.3486218757728934,-0.9885113086461791,2.146667713701436,0.8586624852339093,-0.4074480883120194,-0.21151656871727625,0
-0.6951041588074435,-0.2784243636935811,-1.0310802251951823,0.23386609742225326,-0.37485918379576266,1.1214680636344663,-0.2475222390361464,-0.023191002338320475,0.8077077656534928,0.701942919305817,0
-0.7689550503774724,-1.1993980599249603,-0.21076757312259423,-3.749472505222737,-1.3940611054498477,-1.1348508320479254,-1.3925696077367296,-0.743989779557162,-0.7508916106059768,-1.4301550921627928,0
-0.11013833970472926,-0.13500514517535922,0.19665675305883873,0.4656048760345131,-0.33350948478973425,0.047461196956991136,0.02312532083853686,0.8216883237884011,1.6825911721005316,-0.33271096629425984,0
1.2437946724124658,2.1165952514103354,0.10186823635540333,0.4174475731742827,-1.1723176646263107,0.32135498005915,0.002306277771253514,0.46892061263036644,-0.5941760202609501,-0.3828046506260797,0
-0.7389140097388165,-0.9125596228885166,-1.4014443794324145,-1.3862623157725253,-0.8483359570296266,2.159759737595825,-1.559121952274996,-0.5153026173070073,-0.565926581244095,-1.4301550921627928,0
0.1360312988620335,-0.07210673554165892,0.9932128846543752,0.21343572651185255,0.5461940017561012,-0.5773227587392123,2.146667713701436,-0.8046484572311097,0.6973543634666455,0.15345170284312556,0
-0.4518551769694389,-0.34294945633504953,2.1508681275010937,0.13025493066236382,-1.3940611054498477,-1.1239507407644356,1.7511058954230532,-0.13819248669196543,-0.7014013452963874,0.7167170934866303,0
-0.07175256555533575,-0.06668445884909854,-1.3503678604067542,0.3795054557692528,-1.2695576161349929,-1.108412312764567,2.146667713701436,-0.585698262763758,-0.6598441416285176,0.09481669906302322,0
-0.09762123943862269,0.17542019547372212,2.726251053455281,0.8065002077966283,-0.9155860169515189,-0.9690302944373889,0.1896776653768036,-0.3472741327308006,0.68595999308694,-0.9532262818884157,0
2.59522426447644,1.0400022141024734,-0.21076757312259423,0.31412826885597045,2.311053682409007,-0.704877018439625,0.6893346989916035,-0.5864877466380394,-1.0178853572957205,-0.43105156318529786,0
0.8628575876472888,0.12173965621737441,-1.5085862867839168,-0.5156366525478767,0.34671578347427184,0.5611569882959258,-0.9345506602564961,-0.4850390687928902,-0.9730065871681063,2.8266538436840203,0
0.059259750563246484,-0.08837356561934002,0.4910000417695067,0.33747726418214274,0.5848173469815122,0.06439112597177311,1.10571556033727,-0.6921470051460221,1.1088201270462417,-0.09840179764542496,0
0.456051828998825,0.040676619663596834,-0.21076757312259423,0.35907508485885203,-0.21991141059734848,0.037488773016776895,-0.33079841130527976,-0.37069548766781296,0.8301847736383647,-0.1411083948868381,0
0.22865784083122215,0.508347984396929,-0.4815919065609812,-0.28331414905246255,0.1363321500699733,2.4958072326974583,-1.4133886508040128,-0.7050419084259503,-0.7067008024635525,1.359393670352006,0
2.59522426447644,2.473652171615436,-1.157464914133096,-0.33730870074423597,1.0351201130801295,0.7466904569510715,-0.2683412821034297,1.2206408415918926,-0.9732753223185711,2.8266538436840203,0
0.1652378661496155,0.06833023079565473,0.5655955160674483,0.4337918699026034,-0.13721201258529164,-0.7171686107380284,2.146667713701436,-0.10424468009786886,-0.8716719366308564,0.07242459132022819,0
0.39221461764168153,-0.12605838863263463,2.726251053455281,0.37396006937928694,0.6266214382843102,-0.20950265713038588,1.6678297231539199,-0.6829363599460735,0.5921714255747403,-0.4185858537202367,0
0.22406823740031642,-0.15669425194560072,-0.15137627192996553,0.31325268153123903,-1.14323655763306,-1.064116197123151,0.7101537420588868,0.13641632091221892,-0.0592963261819197,-0.6702085077372121,0
2.59522426447644,-0.7878472589596281,-0.6193797253278798,-0.7152705625866497,-1.031910444924522,0.4744200916996453,-1.8089504690823959,-0.19924590630305386,-1.0317520910597018,-1.4301550921627928,0
2.59522426447644,1.092869411854937,-0.21076757312259423,-2.2563042541140192,1.0142180674287304,-0.20022598369762862,-1.3717505646694461,-0.5134604882670176,0.5662008606338264,-1.4301550921627928,0
0.12852103870236956,0.11008176132836962,-0.1337964467769474,0.36870654543089815,-0.03815449188953125,-0.29276080118938247,-0.16424606676701303,0.0727312883868594,-0.177013071491501,-0.28908098316654574,0
-0.30832576058475014,0.14478433216075598,-0.4293275615114679,0.3117933693233532,1.2768568149615265,-0.6487531441714434,0.23131575151137032,-0.5801718756437888,-0.3520026520681312,-0.32555472567542837,0
-0.38551454555907405,-1.2986257233988152,-0.7609685873711066,-1.6282162798399855,0.37397932128044414,0.8649680432187271,-0.788817358785513,-0.7551741344428138,-0.9964832899127074,-1.4301550921627928,0
2.59522426447644,0.6742696511892763,-0.14353662017253851,-0.7502940555759081,0.09134731268978842,1.6251914310331868,-0.9553697033237795,-0.8017536830254115,-0.9195067934135829,2.8266538436840203,0
0.1281038020268326,-0.28411775422076946,-0.036394712821036325,0.7545486931958949,-1.0741689285240894,-0.517256298262109,0.8142489573953031,-0.6783310373460991,1.7734344023636377,-0.9825437837784669,0
-1.1453025317117433,-0.7889317142981402,-0.6659425054629007,-0.24712320629689558,0.41760098177032035,-0.5413756491872779,0.2521347945786537,-0.6659624566490251,-0.3209798662984798,2.8266538436840203,0
-0.2853777434302214,-0.14205410487568773,0.05506789101561189,0.5102598295958176,-0.4761886659753708,-0.4073277180839351,0.02312532083853686,-0.07161267996090784,1.4388591400350172,-0.25814755597546796,0
-3.2786336537318417,-8.6195125998592,-1.8981932226075615,-4.391569876692475,0.7933834111987326,2.4958072326974583,-2.058778985889796,-0.7385949730829062,-2.2544755268623016,-1.4301550921627928,0
-0.8227785815217307,-0.9684090728218885,-0.14876305467748988,-0.9286220073795488,1.3900004968571427,-0.15894478692185865,-1.0178268325256294,-0.8108327475796466,-1.0005895630118087,-1.4301550921627928,0
0.6479806997457926,-0.12822729930965876,-0.2243087897945136,0.25488019321580835,0.9178869005135875,-1.1225592397495219,1.0224393880681366,-0.8135959411396312,-0.9693517891217857,0.11143764501643807,0
-2.417039918748172,-5.686874250687924,-2.249077030053612,-3.9365563302736923,1.3068467065483163,-0.845418620945898,-1.496664823073146,-0.8313593283109608,-1.4512369115291663,-1.4301550921627928,1
0.3417289799017183,2.473652171615436,-1.0624388322248899,0.28289898760721505,0.6052650003361417,-0.5378968966499938,-0.16424606676701303,-0.6749099405575467,-1.0227010911920489,0.24740621677423488,0
-0.2165336919666352,0.2009048959287558,-0.1927126175600351,0.3558645980015034,1.2709497151035223,-1.1227911565853408,0.48114426831877,-0.8045168765853961,-0.9340292409446982,-0.21220910813200192,0
2.59522426447644,1.5648785979423174,2.726251053455281,0.3503192116115375,0.6888731829417378,0.5291524649529132,0.3354109668477866,-0.6917522632088815,-0.1706709219405328,-0.6591278771016023,0
-0.9120672300866243,-0.25944639526961977,-0.33501417521757354,0.2615930293720829,0.3494421372548889,0.5326312174901974,-0.2891603251707131,-0.308326261599589,1.0853326748956222,0.4002265809570219,0
0.4727412960203005,0.5311215465056827,1.417741905579285,0.4340837323441805,0.8610878634173946,-1.0687545338395297,1.0224393880681366,-0.29306290669681695,0.8848777514609518,0.07034697307605124,0
2.59522426447644,2.473652171615436,-0.21076757312259423,-4.391569876692475,-1.3940611054498477,2.4958072326974583,-2.058778985889796,2.955926397262225,0.6450800019982414,-1.4301550921627928,0
-0.8382163385165954,-0.6888907093204013,-0.21076757312259423,-0.8801728420777413,-1.3940611054498477,-1.160593600823827,-0.6222650142472463,1.7989377795029566,0.3307781194206821,2.8266538436840203,0
0.0671872473984473,0.4606319495023977,0.03178650094810146,0.7501707565722376,-0.008164600302741404,2.4958072326974583,-1.101103004794763,2.5448684600530864,0.6245593859087526,-0.5321623177352385,0
0.08930079120190222,0.1203840870442343,1.9166288355973662,0.5919813132374205,-1.2977299385347045,-0.6631319879922173,0.08558245004038689,0.15299548227212661,0.9912108757968463,-0.29877653497270446,0
-0.5136062049488981,-0.26866426564697243,-0.3967811284579074,0.29720024724449556,0.19449436405647486,-0.7250537831558721,2.146667713701436,0.4504993222304692,0.5091860111112239,-0.15241987199402326,0
0.32044990944933704,0.10926841982448553,-0.12476896899566785,0.5738858418596371,-0.7297395675727759,0.3825810247153482,0.6893346989916035,1.7515687470460775,2.183320003258501,-0.47952932221609135,0
1.0731448721178793,-0.5292046607244983,2.726251053455281,-0.9420476796920979,-1.3745222366887575,2.4958072326974583,-1.496664823073146,0.10010006269527832,2.6478770831639142,2.2149106940097223,0
-0.20777172178036057,-1.5705528995307179,-0.21076757312259423,-3.73371193337757,-1.3940611054498477,-1.160593600823827,-1.3301124785348795,-0.288326003451129,-0.7783778417955118,-1.4301550921627928,0
0.1940271967616606,0.09300158974680442,-0.21076757312259423,0.43525118211048913,0.50757065653069,1.384461755453135,-1.101103004794763,-0.6121459725521821,1.258494856449092,-0.15334325788032407,0
-0.28704669013236894,-0.45844394988658543,-1.4259135955237776,-3.237837645137987,-0.6397698928124063,-1.1343869983762873,-1.9755028136206625,-0.8345172638080861,-0.9164862103223589,-1.4301550921627928,1
-0.7543517667336813,-0.42916365574675946,-1.116841264117338,0.13083865554551813,0.8356418947983001,0.12445758644887647,0.5227823544533367,-0.8107011669339331,0.051132321847057585,0.8060546779862354,0
-0.3212600975263936,0.36872435956349936,0.1812150147487553,0.5887708263800718,0.7243157820897619,-1.0620289456007805,-0.3932555405071296,0.4257621608363211,2.6478770831639142,-0.250298775941911,0
-0.054228625182786545,0.03091652161698818,0.10804493167943671,0.743166057974386,-0.8387937187974662,-0.29276080118938247,1.0432584311354198,0.06838912707831218,1.5440098297088665,-0.6538184082553724,0
-0.33794956454786906,-0.277339908355069,-0.21076757312259423,0.2545883307742312,-1.0987061125496447,-1.1144421504958593,2.146667713701436,-0.8135959411396312,2.6478770831639142,-0.13533723309745793,0
-0.22070605872200408,-0.19790355480905955,-0.21076757312259423,0.4904131835685712,-0.6279556930963982,-0.17680238327991635,-0.4973507558435463,2.073809748398568,0.19673302636886209,0.06688427600242301,1
-0.04421494496990127,-0.34186500099653744,-0.021665670125264404,0.2525452936831911,-0.9346704934158397,-0.5024136207696972,2.146667713701436,-0.3500373262907852,0.16508677505013242,-0.0748554575447538,0
-0.4055419059848446,-0.22718384894888555,-0.5329059907914123,0.6766214212947951,0.03273070640651741,0.005484249673764355,0.043944363905820204,1.7636741664517244,-0.3575600949797423,-0.33686620278261353,0
-0.0675801987999669,-0.09759143599669265,-0.04209627773552869,0.5076330676216232,-1.062809121104851,1.3601104876921473,-0.8512744879873629,2.1173629421297537,-0.08268703367837188,0.20493046600439677,0
-0.685507715270095,-0.5243246117011939,-0.4853929498373094,-0.3556960345635966,-0.30579155468679214,2.4958072326974583,-1.3925696077367296,-0.4716178429301079,2.3620718759416373,2.8266538436840203,0
0.12184525189377939,-0.2559219154194555,-0.21076757312259423,0.1804552706136342,-1.3940611054498477,-1.160593600823827,-1.2676553493330294,0.9515584211076775,2.4955902480985466,0.12898197685615392,0
0.7539588153321616,0.8019642672990731,-1.475802288525586,0.5697997676775569,-1.2391133322514336,-1.1455190064955962,-1.8505885552169625,-0.7970167797797235,2.2444303764741864,-0.7209947314837577,0
1.232946518848507,0.7043632868329863,1.6448542413398972,0.5371111742209157,1.6399162600803912,-0.5935569372465376,-0.16424606676701303,-0.7396476182486146,0.47507814581423713,-0.5654042096420683,0
0.08596289779760713,0.6810474970549768,-0.21076757312259423,0.2700570401778203,1.9361800375741336,-0.5121541278740923,0.7309727851261701,-0.8074116507910942,-0.975296210650066,0.028332915249363606,0
0.31836372607165275,-0.26161530594664395,-0.39606843284359583,0.2621767542552372,-0.24717494840352114,0.69056658268289,0.08558245004038689,-0.7525425215285428,-0.004130374494514549,0.13752329630443635,0
-0.5165268616776563,-0.3399672041541413,-0.1411609681248334,0.21401945139500683,0.4603138576666576,0.17292820513503337,-0.14342702369972968,0.2244437728945856,-0.8757997085419951,0.18761698063625626,0
1.9981585817831558,2.473652171615436,0.1474807556713422,0.5260204014409838,0.3071836536553214,1.0820422015452478,0.06476340697310355,0.29299728931134666,-0.20930428717134608,-0.3641060864284879,0
1.1027686760809983,0.5126858057509772,0.21257362177846326,0.5143459037778978,-0.4902748271752266,-0.26539461456274843,1.7511058954230532,0.07141548192972394,-0.5461046765458146,-0.29923822791585475,0
2.59522426447644,2.473652171615436,2.726251053455281,-0.3886764904618149,-0.8447008186554702,0.28424828632812077,-0.4973507558435463,0.3251029668654535,0.24935136882986123,2.8266538436840203,0
0.7485347385501823,0.17650465081223415,0.6278375997173232,0.5785556409248714,-0.9355792780093788,-0.7851202436329755,1.3971821632792363,-0.3280633584566219,2.6478770831639142,-0.5520151142907063,0
2.59522426447644,1.047593401472058,-0.2917773079493398,0.2636360664631229,-0.356683491924981,-0.7695818156331071,1.5845535508847863,-0.628067230683522,-0.23107183435899126,-0.09009132466871754,0
0.8849711314507438,0.9738504384532369,0.055305456220382396,-4.391569876692475,2.311053682409007,2.4958072326974583,-2.0379599428225124,0.6755022264006441,0.7924006114830203,-1.4301550921627928,0
1.6172214970179786,0.019529740562611402,-0.37254947757131485,0.21022523965450385,-0.9078613479064367,-0.5974995234554594,-0.9761887463910628,2.955926397262225,-0.8725103903003065,0.2711834033464812,0
-0.7535172933826074,-0.2838466403861415,-0.31981000211226057,0.21285200162869822,0.2094893098498697,0.43684956429697813,-0.2475222390361464,-0.7400423601857553,-0.3745334070830962,0.5334249950559161,0
-0.1931684381365696,0.0002806583040220561,0.7658629836889923,0.47027467509974746,-0.5529809641294234,-0.373004026382733,-0.33079841130527976,1.3797218422595778,-0.6226619462102141,0.12182573623732246,0
-0.42974163316598396,-0.24561958970359085,-0.3763505208476431,0.31033405711546747,-1.3663431753469057,0.14927268788150222,-1.4550267369385794,-0.8167538766367565,-0.5401387562054971,-0.7757053452470816,0
-0.2319714489615,-0.19763244097443153,-0.28773869946824104,0.24904294438426522,1.4558873798887264,0.07807421928509004,-0.22670319596886307,-0.7142525536258989,-0.5814487235349391,0.34620850660842345,0
-0.4802272709059472,-0.30390906414861485,-1.9687500884244042,-0.03844156056923087,-0.33987097694450785,-0.8407802842295193,-0.601445971179963,1.3873535197109639,-0.16844579489468456,0.8381423375351892,0
-0.34337364132984854,-0.5519782228332518,0.6829527272240826,0.04619854748814363,-0.4498339127627372,-0.8287206087669348,1.8135630246249033,-0.6576728759690713,-0.6444402428038779,1.355007587392077,0
0.08596289779760713,-0.0010749108691180081,-0.00931227947719762,0.5534554709492362,-0.6702141766959657,-0.17100446238444303,1.5637345078175031,0.2814181924885539,2.6478770831639142,-0.694678233724184,0
0.5386646907551285,-0.24968629722301114,0.31282613819162053,0.229488160798596,-0.7306483521663149,-0.5047327891278865,2.0217534552977363,-0.7872798119969208,-0.32794548139852614,0.35798167665875874,0
0.5791366482822065,0.31070599895310336,-0.7155936332599383,0.9489290792862792,-1.0328192295180612,-0.6925854261412216,0.14803957924223693,0.5253687096414806,0.026634425530690526,-0.5591713549095377,0
-0.4760549041505783,-0.16564100848832533,-1.2486899527649737,0.38300780506817866,0.5811822086073559,-0.8892509029156762,-0.08096989449787986,-0.40898545557045685,0.2165549310671425,0.13752329630443635,0
-3.2865611505670422,-2.330756091827682,-0.21076757312259423,-4.391569876692475,-0.589332347870987,-1.160593600823827,-0.8512744879873629,-0.8351751670366538,-0.9309549108233814,-1.4301550921627928,1
-0.30164997377615993,-0.2537530047424314,-0.010024975091509191,0.2864013369061409,-0.23081682571981743,0.3113825561189359,-0.3932555405071296,-0.5008287462785166,0.08440173347459434,0.7645023131026979,0
-2.39993321505116,-5.977779395243788,-1.4518082028437638,-1.6395989150614945,2.311053682409007,-0.9279810144974378,-0.8096364018527963,-0.7889903603911969,-1.382655701130561,-1.4301550921627928,1
-1.2270809201169732,-0.7542291434657538,-0.3746875644142495,0.07304989211324174,1.1891591016850047,-0.21669207904077264,0.7726108712607368,-0.6497780372262582,-0.5510816515324218,0.5915983058928681,0
0.891229681583797,0.7320168979650443,0.5073920408986722,0.25488019321580835,-1.1277872195428955,-1.126269909122625,1.8135630246249033,2.955926397262225,-0.8068960159628318,0.7116384711119758,0
0.34381516327940276,0.07266805214970302,-0.22050774651818536,0.3940985778481105,-0.9114964862805931,-1.0290967549144923,-1.0178268325256294,-0.35924797149073395,2.6478770831639142,-0.5714062179030236,0
-0.4134694028200454,-0.16265875630741713,0.13964110391391518,0.4982934694911542,-0.7738156203594215,-0.37926578094984426,-0.6430840573145298,0.4101040639964084,0.018056399527855514,-0.2964680702569524,0
-2.3022998329755286,-0.6845528879663529,0.4275701320957792,-2.01843636422864,-0.14357350474006525,0.5866678402360085,-1.1427410909293294,-0.24622019682279217,-1.0767061070294461,-1.4301550921627928,0
-0.5736882862262096,-0.5072444401196288,-0.21076757312259423,-0.5775114901622332,-0.5593424562841971,1.176432353723553,-1.6007600384095626,2.955926397262225,0.004985121809249971,2.554716700168427,0
-0.1297484634549629,0.24130085728833062,-0.2057787038224134,0.22978002324017313,-1.0191874606149747,0.29329304292505914,0.21049670844408697,-0.5828034885580599,-0.42947362124411076,-0.20782302517207288,0
-0.20318211834945488,0.02956095244384807,1.4376973827800084,0.16265166167742784,-0.8992278942678154,-0.22364958411534072,-1.3717505646694461,-0.8333330379966641,-0.5464271587263723,0.002708956904515665,0
-0.16813423760435642,-0.01463060260051894,0.8148014158717184,0.269473315294666,0.4848510416922129,-0.22040274841387567,1.16817268953912,-0.08648129292653924,-0.13738001150095888,-0.4968428075842318,0
-1.7502957112402282,-0.787576145125,-1.4358913341241393,-0.0915605249362728,1.2595899076842838,0.7791588139657222,0.043944363905820204,-0.4035906490962011,0.2474272251525336,-1.4301550921627928,0
-1.136540561525469,-0.7704959735434349,-0.21076757312259423,-4.391569876692475,-1.3940611054498477,-1.160593600823827,-1.9755028136206625,1.557618875264301,-0.6625422425391837,-1.4301550921627928,0
0.8778781079666169,-0.05529767779472173,2.0085665698435555,0.2674302782036259,0.044544906122525596,-1.0668991991529782,2.146667713701436,-0.7784639087341126,0.7058248954092947,0.7074832346236218,0
-0.7247279627705624,1.6472972036692353,-0.21076757312259423,-4.391569876692475,1.6217405682096098,-0.07475897551958621,-0.7263602295836629,-0.7514898763628343,-1.0730943066071998,-1.4301550921627928,1
0.05091501705250871,0.03362765996326836,-0.21076757312259423,0.547326359676116,-0.2644418556807637,-1.1589701829730943,-0.538988841978113,-0.39253787485626274,-0.24545453961186497,0.0777340601664577,0
-0.2812053766748525,-0.21715263706764887,-0.1288075774767666,0.5108435544789718,-1.0137347530537404,-0.5061242901428001,0.7517918281934535,-0.7282001020715355,1.8371138836177658,-0.7161469555806783,0
0.8749574512378587,0.40993366242695817,-1.4786530709828318,0.7904477735098848,-1.0741689285240894,-1.1014548076899993,0.2937728807132199,0.3429979346824966,-0.21890350674594708,-0.6540492547269477,0
-0.31249812734011895,-0.15560979660708865,-0.7692833695380747,0.2242346368502072,0.22811939401742112,-0.5184158824412035,1.9176582399613196,-0.6000405531465353,-0.306887395008108,0.040106085299699105,0
-0.13225188350818423,-0.10897821705106943,1.3716542558538052,0.210517102096081,0.1426936422247469,-0.29855872208485573,1.438820249413803,-0.5509609722953801,-0.6856427160731341,0.014251280483276004,0
-0.4873202943900742,-0.2662242411353202,-0.0710792327175315,0.15389578843011326,0.39760772071246053,0.5523441485348064,0.7101537420588868,-0.5543820690839325,-1.0462852879968358,0.6234551189702465,0
2.59522426447644,-0.16753880533072146,2.046577002606838,0.17666105887313122,2.311053682409007,2.4958072326974583,-0.9970077894583461,-0.8217539411738715,-0.25554823186332115,0.5440439327483755,0
0.29332952553943953,-0.10599596487016125,-0.33145069714601577,0.412194049225894,-0.9128596631709016,2.4958072326974583,-0.2891603251707131,1.7993325214400973,1.4844366215538394,-0.6485089394091427,0
0.562864417936268,-0.9797958538762652,0.28716909607640495,-0.4482164285435543,0.05272396746437736,0.26662260680588196,-0.7055411865163795,-0.37635345543349574,-1.0416522940028234,2.8266538436840203,0
-0.3867662555856847,-0.17133439901551373,-0.8339011052356547,0.26567910355416297,-1.1695913108456935,0.42061538578965313,1.7927439815576198,2.955926397262225,-0.6973058216033046,0.2254758019745902,0
0.17900667644233273,0.24563867864237893,0.7943708082614541,0.3579076350925435,-0.24172224084228658,0.31184638979057383,0.3562300099150699,-0.4912233591414272,-0.6854922243888739,-0.7179937273532799,0
-0.3300220677126682,0.10140611862027302,0.35867622271232985,0.5245610892330981,-0.6193222394577768,1.6314531856002983,0.10640149310767025,2.8527671710227995,-0.21638814573759696,-0.27453765545730763,0
0.9596564963718464,0.05314785605648572,-0.1542270543872117,0.22715326126597876,0.09816319714133183,2.4958072326974583,-0.8720935310546463,-0.8096485217682245,-1.0730513089831255,0.4570148129645226,0
-0.3817594154792421,0.13421089261026325,-1.4665372455395358,0.5730102545349056,1.9316361146064378,-0.7338666229169916,-1.184379177063896,-0.7900430055569053,2.6478770831639142,-0.4065818371983259,0
0.8524266707588667,0.3546264401628424,1.1041558352822056,0.364620471248818,1.0287586209253559,-1.054375690018756,0.3354109668477866,-0.7951746507397339,-0.7805814700293229,-0.07370122518687783,0
-0.7368278263611321,-0.23748617466475028,-0.7015772861784779,0.1290874808960552,-0.8778714563196469,0.20470081164222703,0.16885862230952028,0.23825974069450861,-0.4432436103539249,0.5234985967781821,0
-1.8016158223312653,-8.88954197914871,-0.21076757312259423,-1.0780555774670513,2.311053682409007,-1.160593600823827,-0.7263602295836629,-0.8109643282253601,-1.518925921228229,-1.4301550921627928,1
-0.609153403646845,-0.4619684297367497,-1.1983261293536245,-0.5039621548847906,-1.1232432965752002,0.42363030465529916,-1.121922047862046,-0.1755613900746144,-0.8741550494211507,1.6495676851220409,0
-0.843223178623038,-0.72874444301072,-0.38157695535259445,0.2639279289047001,-0.4080298214599393,-0.2698010344433083,0.21049670844408697,-0.6189881661292869,-0.5257130533285489,-0.8174885566021941,0
-0.29622589699418045,0.1255352499021667,0.5161819534751813,0.36753909566458953,0.37216175209336605,-0.9604493715120882,1.10571556033727,-0.7142525536258989,-0.6926083311731805,0.18600105533522995,0
-0.4668756972887668,-0.14096964953717564,-0.5129505135906892,0.2615930293720829,-0.5243542494329423,-0.05945246435553676,0.6060585267224701,-0.6464885210834194,2.6478770831639142,-0.12194813774609597,0
0.9488083428078874,0.392582377010765,-0.19983957370315053,0.3471087247541888,-0.40030515241485704,-0.9131383370050261,0.2937728807132199,0.8036617753256443,0.032761586961287,0.14121683984963956,0
0.10515578487230393,-0.2534818909078034,0.1505691033333589,0.22277532464232144,0.6502498377163266,-0.27420745432386795,0.8767060865971531,-0.6426726823577263,2.6478770831639142,-0.21405587990460354,0
0.9145949354138627,0.11631737952481405,0.49361325902198233,0.23444982230540756,-1.3940611054498477,-0.8210673531849101,2.0842105844995866,-0.6487253920605498,0.9290793090093947,-0.29600637731380186,0
1.656858981193983,0.2407586296190746,-0.3297877407126222,0.39497416517284195,-0.09222717520510694,-0.38807862071096355,2.146667713701436,-0.43161732663318786,0.23686055903625927,-0.6164212798601889,0
-1.8696254004437778,-0.3963588817567692,-0.21076757312259423,0.7341183222854942,0.22675621712711244,-1.1582744324656375,-0.7263602295836629,-0.5651716820324438,-0.6466868686617632,0.5885973017623906,0
0.19444443343719756,-0.07129339403777485,-0.16325453216849126,0.30187004630973,1.2046084397751688,-0.9838729719298005,1.3971821632792363,-0.613330198363604,-0.2795731543148702,-0.1662706602885357,0
