회사명,거래소코드,회계년도,[제조]총자본증가율(IFRS연결),[제조]유형자산증가율(IFRS연결),[제조]비유동자산증가율(IFRS연결),[제조]유동자산증가율(IFRS연결),[제조]재고자산증가율(IFRS연결),[제조]자기자본증가율(IFRS연결),[제조]순이익증가율(IFRS연결),[제조]매출액증가율(IFRS연결),[제조]매출액총이익률(IFRS연결),[제조]매출액순이익률(IFRS연결),[제조]총자본사업이익률(IFRS연결),[제조]총자본순이익률(IFRS연결),[제조]자기자본순이익률(IFRS연결),[제조]1주당순이익(IFRS연결),[제조]1주당매출액(IFRS연결),[제조]총자본회전률(IFRS연결),[제조]자기자본회전률(IFRS연결),[제조]유동자산회전률(IFRS연결),[제조]당좌자산회전률(IFRS연결),[제조]재고자산회전률(IFRS연결),[제조]1회전기간(IFRS연결),[제조]운전자본회전률(IFRS연결),[제조]순운전자본회전률(IFRS연결),[제조]유형자산회전율(IFRS연결),[제조]비유동자산회전률(IFRS연결),[제조]매출채권회전기간(IFRS연결),[제조]매출채권회전률(IFRS연결),[제조]재고자산회전기간(IFRS연결),[제조]매입채무회전기간(IFRS연결),[제조]매입채무회전률(IFRS연결),[제조]유동비율(IFRS연결),[제조]당좌비율(IFRS연결),[제조]현금비율(IFRS연결),[제조]자기자본배율(IFRS연결),[제조]순운전자본비율(IFRS연결),[제조]부채비율(IFRS연결),[제조]이자보상배율(이자비용)(IFRS연결),[제조]비유동비율(IFRS연결),[제조]유동자산구성비율(IFRS연결),[제조]자기자본구성비율(IFRS연결),[제조]부가가치(IFRS연결),[제조]총자본투자효율(IFRS연결),[제조]설비투자효율(IFRS연결),[제조]기계투자효율(IFRS연결),[제조]부가가치율(IFRS연결),[제조]노동소득분배율(IFRS연결),[제조]자본분배율(IFRS연결),[제조]이윤분배율(IFRS연결),상장일,상장폐지일,소속코드,산업명
(주)금빛,45890,Dec-11,-28.11,-3.53,-4,-42.51,-57.36,-25.96,0,-24.64,-11.19,-58.01,-21.38,-24.95,-59.57,-1366,2205.57,0.43,1.07,0.75,1.49,1.51,0,7.67,0.42,1.26,1.01,151.89,2.4,241.22,96.41,3.79,104.65,62.18,10.5,357.95,2.22,148.74,-7.72,124.22,50.06,40.2,-20171.84,-18.45,-46.14,-697.68,-35.89,0,0,0,2005-11-28,2021-12-20,4,    전구 및 조명장치 제조업
(주)금빛,45890,Dec-12,-10.15,-1.04,3.85,-24.12,-15.85,-10.1,0,27.92,27.73,-8.84,-3.81,-6.12,-14.7,-272,2821.38,0.69,1.69,1.49,2.6,3.52,0.01,1.11,0.73,1.65,1.29,71.23,5.12,103.81,47.16,7.74,83.68,46.03,10.22,321.8,-8.24,139.1,-1.49,138.02,42.28,41.82,7320.9,7.45,16.92,233.27,10.18,137.85,-37.85,-86.79,2005-11-28,2021-12-20,4,    전구 및 조명장치 제조업
(주)금빛,45890,Dec-13,5.84,-2.39,7.46,3.64,-14.98,5.71,0,22.98,28.99,3.27,5.48,2.86,6.85,116,3469.69,0.87,2.09,2.09,3.54,5.11,0.01,1.06,0.92,2.07,1.5,54.61,6.68,71.37,33.64,10.85,73.49,46.36,11.65,340.18,-14.93,139.4,1.83,140.3,41.4,41.77,22703.29,21.84,53.79,887.9,25.68,61.47,38.53,12.74,2005-11-28,2021-12-20,4,    전구 및 조명장치 제조업
(주)금빛,45890,Dec-14,5.01,0.15,3.77,6.78,27.64,4.33,-43.56,-6.51,30.81,1.97,5.48,1.53,3.68,65,3243.93,0.78,1.86,1.86,3.13,4.57,0.01,0.53,0.79,1.96,1.33,75.45,4.84,79.85,48.55,7.52,74.14,41.42,1.79,354.91,-14.68,141.45,2.26,139.82,42.09,41.42,23218.34,21.27,54.96,790.82,28.09,66.07,33.93,7.02,2005-11-28,2021-12-20,4,    전구 및 조명장치 제조업
(주)금빛,45890,Dec-15,1.56,-0.2,-0.8,4.8,0.3,7.47,88.01,2.58,29.44,3.62,3.95,2.79,6.54,123,3327.49,0.77,1.81,1.8,3.17,4.17,0.01,0.71,0.8,2.01,1.35,81.45,4.48,87.43,50.32,7.25,87.38,50.47,1.67,381.42,-6.28,128.17,1.82,129.07,43.43,43.83,23668.16,21.35,56.24,832.41,27.91,63.79,36.21,12.95,2005-11-28,2021-12-20,4,    전구 및 조명장치 제조업
(주)금빛,45890,Dec-16,-0.15,-2.69,4.94,-6.78,-13.78,8.9,-13.73,-10.77,30.9,3.5,3.84,2.39,5.21,105,2933.13,0.68,1.49,1.63,2.74,3.99,0.01,0,0.78,1.82,1.18,83.94,4.35,91.37,39.5,9.24,100.63,61.32,6.06,407.58,0.25,109.21,1.83,124.37,40.55,47.8,22485.48,20.31,54.94,963.82,29.72,63.14,36.86,11.76,2005-11-28,2021-12-20,4,    전구 및 조명장치 제조업
(주)금빛,45890,Dec-17,-0.97,-2.67,-14.92,19.48,16.97,-15.23,-304,-3.64,25.85,-7.4,0.09,-4.9,-11.04,-211,2796.91,0.66,1.49,1.48,2.41,3.83,0.01,2.77,0.8,1.8,1.2,89.67,4.07,95.25,48.4,7.54,135.38,83.6,9.98,340.41,12.78,144.41,0.03,124.84,48.92,40.91,16634.17,15.17,41.76,755.92,22.82,84.22,15.78,-32.44,2005-11-28,2021-12-20,4,    전구 및 조명장치 제조업
(주)금빛,45890,Dec-18,-6.41,37.83,3.67,-16.92,-22.62,11.08,0,-27.08,5.24,-12.5,-15.6,-6.26,-14.04,-256,1999.62,0.5,1.12,1.08,1.72,2.92,0.01,1.04,0.6,1.12,0.93,108.18,3.37,124.9,68.47,5.33,112.13,72.19,10.5,374.84,4.7,105.94,-8.83,116.5,43.43,48.56,10254.87,9.99,18.7,595.25,19.29,139.63,-39.63,-64.8,2005-11-28,2021-12-20,4,    전구 및 조명장치 제조업
(주)금빛,45890,Dec-19,0.23,2.58,12.85,-16.21,-23.16,-37.73,0,10.33,15.07,-62.78,-15.3,-35.84,-91.08,-1163,2033.25,0.57,1.45,1.43,2.18,4.18,0.01,0.99,0.62,1.05,0.95,58.78,6.21,87.34,38.91,9.38,55.42,37.32,6.13,162.26,-29.2,231.46,-4.07,211.13,36.3,30.17,-15590.79,-15.16,-27.96,-1381.64,-26.58,0,0,0,2005-11-28,2021-12-20,4,    전구 및 조명장치 제조업
(주)금빛,45890,Dec-20,19.45,8.74,19.44,19.47,-51.27,62.3,0,-30.22,6.56,-43.47,-16.68,-15.77,-43.72,-336,846.52,0.36,1.01,1,1.28,4.51,0.01,0.21,0.38,0.69,0.57,56.56,6.45,80.88,59.91,6.09,68.34,59.24,4.68,134.17,-16.82,143.95,-4.86,155.38,36.31,40.99,272.56,0.22,0.45,11.12,0.67,4117.38,-4017.38,-6527.69,2005-11-28,2021-12-20,4,    전구 및 조명장치 제조업
(주)맥스로텍,141070,Dec-12,,,,,,,,,,,,,,,,,,,,,,,,,,,,,,,,,,,,,,,,,,,,,,,,,2012-11-16,2021-09-16,4,    특수 목적용 기계 제조업
(주)맥스로텍,141070,Dec-13,,,,,,,,,,,,,,,,,,,,,,,,,,,,,,,,,,,,,,,,,,,,,,,,,2012-11-16,2021-09-16,4,    특수 목적용 기계 제조업
(주)맥스로텍,141070,Dec-14,,,,,,,,,,,,,,,,,,,,,,,,,,,,,,,,,,,,,,,,,,,,,,,,,2012-11-16,2021-09-16,4,    특수 목적용 기계 제조업
(주)맥스로텍,141070,Dec-15,,,,,,,,,,,,,,,,,,,,,,,,,,,,,,,,,,,,,,,,,,,,,,,,,2012-11-16,2021-09-16,4,    특수 목적용 기계 제조업
(주)맥스로텍,141070,Dec-16,,,,,,,,,,,,,,,,,,,,,,,,,,,,,,,,,,,,,,,,,,,,,,,,,2012-11-16,2021-09-16,4,    특수 목적용 기계 제조업
(주)맥스로텍,141070,Dec-17,,,,,,,,,,,,,,,,,,,,,,,,,,,,,,,,,,,,,,,,,,,,,,,,,2012-11-16,2021-09-16,4,    특수 목적용 기계 제조업
(주)맥스로텍,141070,Dec-18,,,,,,,,,,,,,,,,,,,,,,,,,,,,,,,,,,,,,,,,,,,,,,,,,2012-11-16,2021-09-16,4,    특수 목적용 기계 제조업
(주)맥스로텍,141070,Dec-19,,,,,,,,,,,,,,,,,,,,,,,,,,,,,,,,,,,,,,,,,,,,,,,,,2012-11-16,2021-09-16,4,    특수 목적용 기계 제조업
(주)맥스로텍,141070,Dec-20,,,,,,,,,,,,,,,,,,,,,,,,,,,,,,,,,,,,,,,,,,,,,,,,,2012-11-16,2021-09-16,4,    특수 목적용 기계 제조업
(주)미래SCI,28040,Dec-11,0,0,0,0,0,0,0,0,2.14,-20.5,-6.95,-10.18,-26.11,-835,3717.85,0.5,1.27,2.13,4.88,3.78,0.01,0,0.64,0.67,0.65,60.66,6.02,96.55,22.92,15.93,42.58,18.58,1.61,583.78,-31.44,156.43,-2.31,196.65,23.31,39,4018.59,6.78,10.86,47.08,13.65,167.3,-67.3,-150.16,1996-07-27,2021-04-13,4,    일반 목적용 기계 제조업
(주)미래SCI,28040,Dec-12,0,0,0,0,0,0,0,0,-14.79,-75.15,-14.84,-34.49,-226.43,-2015,2658.29,0.46,3.01,3.07,9.75,4.48,0.01,0,0.57,0.56,0.54,28.26,12.92,81.48,15.38,23.73,22.92,7.22,0.13,176.46,-50.26,556.59,-3.69,558.43,14.95,15.23,-6811.63,-14.85,-18.13,-93.3,-32.37,0,0,0,1996-07-27,2021-04-13,4,    일반 목적용 기계 제조업
(주)미래SCI,28040,Dec-13,-1.02,-0.88,0.15,-7.69,-6.39,112.73,0,-46.48,-23.34,-48.58,-11.81,-11.99,-50.1,-618,1143.09,0.25,1.03,1.71,5.51,2.48,0.01,0,0.33,0.3,0.29,48.09,7.59,147.38,24.73,14.76,25.64,7.82,0.12,174.79,-40.43,205.49,-3.28,262.9,13.94,32.73,1030.36,2.27,2.77,16.37,9.15,364.46,-264.46,-531.05,1996-07-27,2021-04-13,4,    일반 목적용 기계 제조업
(주)미래SCI,28040,Dec-14,-12.76,-13.65,-12.39,-15.08,-15.09,-24.36,0,-31.7,-30.49,-141.56,-11.65,-25.63,-83.46,-515,341.27,0.18,0.59,1.31,4.31,1.89,0,0,0.26,0.22,0.21,55.85,6.54,192.92,23.13,15.78,22.68,6.92,0.35,60.1,-46.26,252.35,-3.12,304.52,13.57,28.38,-5589.47,-14.12,-17.48,-116.26,-72.66,0,0,0,1996-07-27,2021-04-13,4,    일반 목적용 기계 제조업
(주)미래SCI,28040,Dec-15,10.73,-14.58,-14.7,172.65,-24.53,6.51,0,88.69,14.47,-29.61,1.24,-10.3,-37.04,-341,401.84,0.35,1.25,1.45,2.15,4.43,0.01,0.52,0.4,0.49,0.46,154.16,2.37,82.38,74.62,4.89,49.99,40.38,0,152.57,-33.44,266.3,0.37,243.88,33.42,27.3,1764.74,4.02,6.43,50.49,12.16,107.32,-7.32,-243.58,1996-07-27,2021-04-13,4,    일반 목적용 기계 제조업
(주)미래SCI,28040,Dec-16,3.59,-90.4,-73.43,157.04,-87.64,36.88,0,13.73,27.03,-44.17,4.72,-16.34,-51.43,-430,980.01,0.37,1.16,0.63,0.67,10.43,0.01,0.12,0.3,1.1,0.89,233.39,1.56,35,103.56,3.52,137.59,136.32,0.09,177.92,22.66,177.23,1.86,47.33,82.93,36.07,1549.92,3.41,58.81,42922.1,9.39,63.65,36.35,-470.45,1996-07-27,2021-04-13,4,    일반 목적용 기계 제조업
(주)미래SCI,28040,Dec-17,15.27,6.59,68.36,4.34,778.82,11.73,0,15.75,2.25,-34.88,-8.18,-13.63,-38.43,-354,1037.54,0.39,1.1,0.5,0.52,11.21,0.01,0.1,0.28,7.02,1.84,165.86,2.2,32.57,100.48,3.63,116.57,107.49,0.88,176.27,10.67,186.03,-2.2,71.33,75.06,34.96,-3147.67,-6.01,-112.05,-87168.88,-16.47,0,0,0,1996-07-27,2021-04-13,4,    기타 비금속 광물제품 제조업
(주)미래SCI,28040,Dec-18,26.36,7.69,3.4,33.99,-31.65,28,0,201.4,2.33,-37.06,-7.1,-36.02,-102.28,-791,1986.18,0.97,2.76,1.25,1.33,22.34,0.02,0.06,0.7,19.74,4.34,59.23,6.16,16.33,29.13,12.53,131.56,126.33,0.97,152.09,19.09,182.36,-1.59,57.62,79.59,35.42,-16422.6,-24.82,-551.53,-1364003.26,-28.51,0,0,0,1996-07-27,2021-04-13,4,    기타 비금속 광물제품 제조업
(주)미래SCI,28040,Dec-19,-17.77,-4.75,41.26,-32.9,-49.28,-27.8,0,-74.31,5.98,-139.33,-9.52,-34.2,-102.2,-582,424.42,0.25,0.73,0.34,0.35,9.38,0.01,0,0.18,5.01,0.91,141.14,2.59,38.9,30.14,12.11,100.57,97.55,0.97,75.22,0.37,221.59,-1.83,112.73,64.95,31.1,-15288.76,-28.1,-539.47,-1906329.02,-103.32,0,0,0,1996-07-27,2021-04-13,4,    기타 비금속 광물제품 제조업
(주)아이엠텍,226350,Dec-16,,,,,,,,,,,,,,,,,,,,,,,,,,,,,,,,,,,,,,,,,,,,,,,,,2016-02-03,2021-06-11,4,    전자부품 제조업
(주)아이엠텍,226350,Dec-17,0,0,0,0,0,0,0,0,5.37,-30.38,-13.69,-44.04,-92.73,-1216,3618.92,1.45,3.05,2.8,4.02,9.19,0.04,0.09,1.61,5.05,3.01,39.82,9.17,39.7,51.09,7.14,136.07,94.71,5.61,237.14,13.75,110.56,-28.34,101.37,51.86,47.49,-6019.92,-12.65,-49.19,-79.84,-8.72,0,0,0,2016-02-03,2021-06-11,4,    전자부품 제조업
(주)아이엠텍,226350,Dec-18,-30.51,-25.92,-32.28,-28.87,-89.78,-90.25,0,-82.96,29.93,-229.61,-11.58,-66.92,-204.95,-1327,577.85,0.29,1.01,0.56,0.69,2.84,0.01,0.27,0.29,0.99,0.61,122.09,2.99,128.39,169.92,2.15,84.2,80.53,25.46,20.75,-9.96,4345.68,-6.35,2085.82,53.08,2.25,6328.81,19.13,62.53,96.9,53.82,184.96,-84.96,-426.6,2016-02-03,2021-06-11,4,    전자부품 제조업
(주)아이엠텍,226350,Dec-19,64.07,122.97,138.53,-1.75,87.5,685.1,0,17.75,44.64,-9.06,-6.07,-2.87,-28.32,0,300.64,0.32,1.53,0.8,0.85,12.56,0.02,0.22,0.32,0.85,0.53,33.67,10.84,29.07,19.46,18.76,54.63,50.08,1.12,91.11,-26.4,213.55,-0.84,213.88,31.79,31.89,6309.22,11.62,42.59,65.48,45.57,117.15,-17.15,-19.87,2016-02-03,2021-06-11,4,    전자부품 제조업
(주)아이엠텍,226350,Dec-20,,,,,,,,,,,,,,,,,,,,,,,,,,,,,,,,,,,,,,,,,,,,,,,,,2016-02-03,2021-06-11,4,    전자부품 제조업
(주)에스제이케이,80440,Dec-11,0,0,0,0,0,0,0,0,10.65,-4.82,-0.77,-3.64,-8.29,0,7386.33,0.75,1.5,2.11,2.98,7.22,0.01,0.81,0.96,2.55,1.17,59.41,6.14,50.54,30.08,12.13,83.61,59.16,3.76,951.5,-7.01,98.7,-0.47,127.68,35.74,50.33,11598.26,9.38,31.73,2376.26,12.43,93.67,6.33,-38.78,2005-05-13,2021-09-13,4,    특수 목적용 기계 제조업
(주)에스제이케이,80440,Dec-12,0,0,0,0,0,0,0,0,6.29,-19.98,-6.47,-12.87,-28.47,0,5322.11,0.64,1.46,1.95,3.1,5.25,0.01,0.64,0.78,2.09,0.96,49.56,7.36,69.51,33.05,11.04,66.57,41.84,5.69,627.44,-16.59,126.77,-2.73,151.88,33.03,44.1,2344.04,1.98,6.41,274.34,3.07,480.24,-380.24,-651.11,2005-05-13,2021-09-13,4,    자동차 신품 부품 제조업
(주)에스제이케이,80440,Dec-13,-19.62,-24.48,-18.02,-22.87,-18.89,-43.71,0,1.12,4.06,-27.91,-8.11,-20.15,-52.34,-1317,4757.15,0.72,1.89,2.23,3.59,5.86,0.01,0.2,0.83,2.41,1.07,47.7,7.65,62.25,43.1,8.47,53.03,32.32,1.32,353.18,-28.07,225.74,-3.51,222.5,31.69,30.7,-6136.67,-6.44,-22.21,-781.54,-7.95,0,0,0,2005-05-13,2021-09-13,4,    자동차 신품 부품 제조업
(주)에스제이케이,80440,Dec-14,-17.17,-7.9,-17.1,-17.33,-21.29,-54.25,0,-28.45,3.98,-32.3,-8.96,-20.49,-78.09,-977,3311.02,0.63,2.67,2,3.24,5.24,0.03,0.13,0.65,2.08,0.93,54.2,6.73,69.62,85.62,4.26,43.14,27.1,1.47,154.65,-41.68,547.61,-3.45,442.76,31.63,15.44,-5380.88,-6.82,-21.15,-1018.28,-9.74,0,0,0,2005-05-13,2021-09-13,4,    자동차 신품 부품 제조업
(주)에스제이케이,80440,Dec-15,-17.29,-12.7,-8.97,-35.29,-46.9,22.3,0,-23.89,6.05,-9.35,-8.08,-5.45,-15.8,-127,2315.52,0.58,3.29,2.05,3.13,5.92,0.04,0.11,0.58,1.77,0.82,52.46,6.96,61.69,89.83,4.06,35.85,24.91,2.24,148.73,-44.29,387.23,-2.83,366.64,24.75,20.52,6188.7,9.48,27.87,2020.73,14.71,100.67,-0.67,-63.53,2005-05-13,2021-09-13,4,    자동차 신품 부품 제조업
(주)에스제이케이,80440,Dec-16,-26.35,-7.97,-15.45,-59.5,-67.19,-6.75,0,-69.31,8.54,-65.7,-10.63,-14.96,-47.39,-303,462.51,0.23,0.91,1.14,1.6,3.94,0.01,0.22,0.27,0.61,0.28,94.14,3.88,92.59,114.12,3.2,24.15,18.18,3.95,101.59,-42.75,222.21,-4.5,278.36,13.61,31.04,-929.69,-1.93,-4.55,-827.4,-7.2,0,0,0,2005-05-13,2021-09-13,4,    자동차 신품 부품 제조업
(주)에스제이케이,80440,Dec-17,-5.33,-0.46,3.16,-59.22,-46.39,-10.92,0,-32.05,18.85,-85.26,-10.37,-15.98,-52.88,-240,288.61,0.19,0.62,1.9,2.61,7.06,0.03,0.1,0.27,0.43,0.21,42.12,8.67,51.72,62.3,5.86,9.36,6.32,0.48,78.29,-56.78,242.54,-4.81,322.45,5.86,29.19,-2766.54,-6.08,-13.6,-2779.77,-31.54,0,0,0,2005-05-13,2021-09-13,4,    자동차 신품 부품 제조업
(주)에스제이케이,80440,Dec-18,30.97,8.43,13.42,312.76,45.37,-1.97,0,-28.42,3.02,-173.19,-15.38,-20.68,-82.41,0,174.76,0.12,0.48,0.92,1.09,5.9,0.02,0.14,0.15,0.3,0.14,60.09,6.07,61.87,79.62,4.58,27.42,24.28,1.63,341.84,-48.91,356.42,-3.62,372.08,18.48,21.91,-5260.57,-8.82,-23.85,-1512.93,-83.79,0,0,0,2005-05-13,2021-09-13,4,    자동차 신품 부품 제조업
(주)에스제이케이,80440,Dec-19,-7.18,7.85,1.28,-44.46,-30.15,1.66,0,-34.3,-0.63,-264.81,-9.41,-19,-82.93,-1087,445.12,0.07,0.31,0.48,0.55,3.85,0.26,0.17,0.09,0.18,0.08,89.21,4.09,94.77,180.12,2.03,17.48,14.97,0.8,199.31,-52.18,316.75,-1.58,370.67,11.06,24,2013.97,3.64,8.46,6763.26,48.83,126.41,-26.41,-542.37,2005-05-13,2021-09-13,4,    자동차 부품 및 내장품 판매업
(주)에이치디,102210,Dec-11,,,,,,,,,,,,,,,,,,,,,,,,,,,,,,,,,,,,,,,,,,,,,,,,,2009-05-21,2021-04-19,4,    선박 및 보트 건조업
(주)에이치디,102210,Dec-12,,,,,,,,,,,,,,,,,,,,,,,,,,,,,,,,,,,,,,,,,,,,,,,,,2009-05-21,2021-04-19,4,    선박 및 보트 건조업
(주)에이치디,102210,Dec-13,,,,,,,,,,,,,,,,,,,,,,,,,,,,,,,,,,,,,,,,,,,,,,,,,2009-05-21,2021-04-19,4,    선박 및 보트 건조업
(주)에이치디,102210,Dec-14,,,,,,,,,,,,,,,,,,,,,,,,,,,,,,,,,,,,,,,,,,,,,,,,,2009-05-21,2021-04-19,4,    선박 및 보트 건조업
(주)에이치디,102210,Dec-15,0,0,0,0,0,0,0,0,19.06,7.92,7.12,3.93,6.77,787,11945.44,0.5,1,0.79,1.03,3.33,0.01,2.84,0.47,1.88,1.34,63.52,5.75,109.74,41.85,8.72,151.05,115.27,17,2260.03,21.28,102.56,5.41,75,62.97,49.37,30122.61,12.3,48,461.42,24.79,55.31,44.69,31.95,2009-05-21,2021-04-19,4,    선박 및 보트 건조업
(주)에이치디,102210,Dec-16,-4.64,1.06,0.64,-7.74,-59.7,0.75,-77.88,-14.93,14.16,2.21,3.9,0.96,1.49,173,10162.31,0.43,0.85,0.7,0.84,4.03,0.01,1.66,0.42,1.59,1.14,52.29,6.98,90.49,35.05,10.41,157.51,141.21,12.8,2276.95,22.24,91.02,2.92,74.64,60.92,52.35,20762.19,8.89,33.93,371.05,20.08,73.02,26.98,11.02,2009-05-21,2021-04-19,4,    선박 및 보트 건조업
(주)에이치디,102210,Dec-17,-4.12,-2.76,-11.37,0.53,-43.79,-2.3,-203.28,-59.69,8.05,-4.82,0.59,-0.88,-1.55,-178,4096.76,0.18,0.34,0.29,0.32,3.62,0.01,0.47,0.18,0.65,0.48,54.36,6.71,100.71,44.42,8.22,153.03,144.18,12.62,2224.59,22.14,87.52,-0.67,67.74,63.88,53.33,7939.08,3.54,12.55,93.91,19.05,116.28,-16.28,-25.28,2009-05-21,2021-04-19,4,    선박 및 보트 건조업
(주)에이치디,102210,Dec-18,-3.28,-2.31,0.08,-5.18,58.89,10.69,0,-9.86,2.76,-20.34,-2.2,-3.47,-6.3,-119,2548.87,0.17,0.31,0.27,0.29,3.51,0.01,0.11,0.17,0.6,0.46,27,13.52,104.08,44.48,8.21,168.67,152.32,25.65,1699.64,25.5,72.93,-3.09,64.64,62.62,57.83,3510.83,1.62,5.67,45.32,9.35,268.37,-168.37,-217.67,2009-05-21,2021-04-19,4,    선박 및 보트 건조업
(주)에이치디,102210,Dec-19,-32.22,-29.8,-31.54,-32.62,-32.27,-10.76,0,0.56,7.22,-35.51,-0.28,-7.38,-11.32,-188,512.62,0.21,0.32,0.33,0.37,3.43,0.01,0.05,0.22,0.72,0.55,15.07,24.22,106.55,44.05,8.29,262.85,237.24,7.94,1516.76,38.57,31.35,-2.69,49.58,62.25,76.13,899.49,0.61,2.07,14.49,2.38,619.28,-519.28,-1491.52,2009-05-21,2021-04-19,4,    선박 및 보트 건조업
(주)에이치디,102210,Dec-20,-12.87,-15.06,-20.37,-8.32,-0.77,-16.06,0,-8.7,7.64,-52.11,-0.24,-13.08,-17.48,-252,468.03,0.25,0.34,0.39,0.44,3.89,0.01,0.06,0.28,0.86,0.69,15.12,24.14,93.89,35.82,10.19,250.2,223.81,5.21,1273.1,39.32,36.35,-3.65,47.04,65.5,73.34,-9415,-7.36,-25.48,-212.64,-27.3,0,0,0,2009-05-21,2021-04-19,4,    선박 및 보트 건조업
(주)에이팸,73070,Dec-11,0,0,0,0,0,0,0,0,7.01,2.18,4.83,3.15,4.66,127,5822.81,1.44,2.14,3.28,8.54,5.31,0.02,0.09,2.03,4.46,2.58,23.35,15.63,68.68,37.9,9.63,163.94,62.87,11.51,544.59,17.18,48.2,14.6,82.92,44.04,67.48,18213.91,31.13,96.75,399.76,21.57,78.64,21.36,10.11,2004-01-28,2021-06-04,4,    자동차 신품 부품 제조업
(주)에이팸,73070,Dec-12,0,0,0,0,0,0,0,0,6.9,6.51,2.46,8.46,11.15,299,4600.48,1.3,1.71,2.55,3.95,7.16,0.02,0.25,1.83,3.42,2.66,33.61,10.86,50.98,25.97,14.05,255.8,164.84,19.44,536.92,31.09,31.85,7.38,64.54,51.05,75.84,21160.45,41.23,109.58,475.4,31.72,67.59,32.41,20.52,2004-01-28,2021-06-04,4,    자동차 신품 부품 제조업
(주)에이팸,73070,Dec-13,2.98,-3.54,-3.92,9.59,15.82,3.09,-53.16,-11.39,9.99,3.44,4.1,3.9,5.14,140,4076.27,1.13,1.5,2.15,3.4,5.88,0.01,0.29,1.56,3.08,2.4,45.26,8.06,62.09,34.92,10.45,265.16,165.51,19.55,553.5,33.84,31.71,22.54,60.15,54.33,75.93,16614.86,31.44,89.98,425.02,28.11,77.02,22.98,12.24,2004-01-28,2021-06-04,4,    자동차 신품 부품 제조업
(주)에이팸,73070,Dec-14,17.63,-0.44,-16.79,46.57,57.52,6.63,204.2,21.84,11.98,8.59,6.45,10.76,14.92,427,4966.51,1.25,1.74,2.03,3.35,5.18,0.01,0.39,1.44,3.83,3.26,62.55,5.84,70.42,43.31,8.43,231.06,137.74,31.94,590.17,38.4,45.3,61.42,46.94,67.7,68.82,23599.57,37.96,129.34,577.88,32.77,62.13,37.87,26.21,2004-01-28,2021-06-04,4,    자동차 신품 부품 제조업
(주)에이팸,73070,Dec-15,-2.55,-4.42,-1.01,-3.28,-21.25,5.7,-42.1,29.68,12.07,3.84,7.62,5.84,8.14,247,6440.74,1.52,2.12,2.26,3.56,6.15,0.01,0.42,1.62,5.09,4.67,63.42,5.76,59.37,38.34,9.52,281.97,189.24,38.38,623.82,43.36,33.96,118.88,43.96,67.19,74.65,24489.59,40.42,136.74,618.54,26.22,74.4,25.6,14.63,2004-01-28,2021-06-04,4,    자동차 신품 부품 제조업
(주)에이팸,73070,Dec-16,11.05,-7.32,-4.6,18.7,-18.47,7.67,47.31,-12.53,14.87,6.46,8.37,8.25,11.24,364,5633.53,1.28,1.74,1.84,2.52,6.72,0.01,0.38,1.35,4.73,4.21,72.84,5.01,54.29,40.07,9.11,275.34,213.15,52.24,671.64,45.73,38.17,1292.27,38.95,71.81,72.37,24284.7,36.09,146.31,737.23,29.73,68.11,31.89,21.73,2004-01-28,2021-06-04,4,    자동차 신품 부품 제조업
(주)에이팸,73070,Dec-17,82.23,-2.62,-0.08,114.54,5.73,55.51,49.87,0.78,19.55,9.61,8.46,8.33,12.71,98,5677.69,0.87,1.32,1.08,1.27,7.33,0.01,0.43,0.77,5.02,4.34,82.29,4.44,49.77,38.57,9.46,228.47,203.04,90.48,865.32,47.54,61.92,19.28,25.03,84.54,61.76,29252.01,23.86,180.99,1043.79,35.53,62.86,37.14,27.03,2004-01-28,2021-06-04,4,    자동차 신품 부품 제조업
(주)에이팸,73070,Dec-18,13.96,20.92,210.02,-21.89,8.33,2.91,-104.17,-7.44,20.65,-1.57,0.8,-0.91,-0.43,-4,870.81,0.58,0.99,0.83,0.95,6.34,0.01,0.75,0.53,4.27,1.96,75.67,4.82,57.57,37.14,9.83,141.9,120,46.78,890.5,17.11,78.44,-0.43,75.03,57.95,56.04,20724.5,14.83,117.91,835.1,27.2,85.63,14.37,-5.77,2004-01-28,2021-06-04,4,    자동차 신품 부품 제조업
(주)에이팸,73070,Dec-19,-14.37,3.93,15.34,-35.93,-25.62,-41.98,0,-33.61,13.97,-113.97,-5.86,-44.46,-92.9,-647,577.04,0.39,0.82,0.76,0.91,4.64,0.01,0.64,0.39,2.54,0.8,78.34,4.66,78.63,47.21,7.73,73.86,60.63,12.06,450.44,-15.34,165.44,-3.12,150.35,43.36,37.67,-39307.97,-32.85,-226.93,-1398,-77.7,0,0,0,2004-01-28,2021-06-04,4,    자동차 신품 부품 제조업
(주)에이팸,73070,Dec-20,-13.89,-6.97,19.34,-57.29,-1.47,44.96,0,-63.54,-19.93,-48.45,-8.81,-8.03,-13.88,-315,146.75,0.17,0.34,0.5,0.66,2,0,0.91,0.2,0.94,0.25,184.12,1.98,182.63,126.41,2.89,60.7,35.61,6.21,456.54,-13.92,60.61,-5.18,126.07,21.5,62.26,5409.13,5.25,33.48,225.74,29.33,166.23,-66.23,-165.2,2004-01-28,2021-06-04,4,    자동차 신품 부품 제조업
(주)이매진아시아,36260,Dec-11,0,0,0,0,0,0,0,0,12.46,-11.71,11.39,-16.95,-33.5,-104,810.62,1.45,2.85,2.92,2.92,0,0.02,0.11,1.66,120.83,2.87,40.38,9.04,0,0,0,132.1,132.1,20.34,56.65,12.05,97.01,4.97,99.29,49.6,50.76,-1816.32,-12.29,-1025.17,-2762.38,-8.48,0,0,0,1999-12-10,2021-02-15,4,    기타 사업지원 서비스업
(주)이매진아시아,36260,Dec-12,0,0,0,0,0,0,0,0,4.26,-35.12,-5.76,-29.22,-47.45,-168,463.11,0.83,1.35,1.18,1.19,162.5,0.02,0.01,0.76,98.32,2.84,41.18,8.86,2.25,0,0,183.93,182.59,5.6,59.54,32.24,62.38,-6.53,47.64,70.66,61.58,-4110.82,-24.99,-2953.25,-17125.58,-30.04,0,0,0,1999-12-10,2021-02-15,4,    기타 사업지원 서비스업
(주)이매진아시아,36260,Dec-13,36.7,138.54,84.71,16.76,-42.78,-13.01,0,11.04,27.14,-36.36,-9.3,-28.38,-58.31,-636,940.28,0.78,1.61,1.21,1.21,229.52,0.03,0,0.67,64.5,2.21,34.72,10.51,1.59,0,0,100.17,99.82,8.6,163.05,0.1,155.75,-9.32,101.39,60.35,39.1,-3631.08,-16.15,-1093.59,-1797.27,-23.89,0,0,0,1999-12-10,2021-02-15,4,    기타 사업지원 서비스업
(주)이매진아시아,36260,Dec-14,51.91,-20.75,19.54,73.17,-75.84,22.16,0,164.94,14.12,-6.96,1.74,-9.9,-28.55,-239,3042.61,1.42,4.14,2.17,2.18,1345.65,0.05,0,1.09,135.29,4.11,21.7,16.82,0.27,0,0,101.08,101.03,15.44,162.7,0.73,220.38,0.39,99.95,68.8,31.21,1574.73,4.61,598.44,1472.15,3.91,184.16,-84.16,-177.97,1999-12-10,2021-02-15,4,    기타 사업지원 서비스업
(주)이매진아시아,36260,Dec-15,48.57,2358.81,112.05,19.78,-16.5,71.67,0,13.86,11.39,-6.59,1.09,-7.12,-21.75,-206,2706.55,1.08,3.07,1.77,1.78,4290.38,0.03,0,0.91,13.62,2.76,29.3,12.46,0.09,0,0,111.22,111.18,22.97,217.87,5.59,164.18,0.2,117.63,55.47,37.85,997.47,1.97,15.42,254.38,2.18,247.17,-147.17,-302.94,1999-12-10,2021-02-15,4,    기타 사업지원 서비스업
(주)이매진아시아,36260,Dec-16,-18.72,-91.09,-31.4,-8.53,0,83.7,0,-29.97,7.6,-8.17,-7.45,-5.7,-11.66,-175,1892.49,0.7,1.21,1.19,1.19,6602.77,0.04,0,0.75,9.11,1.69,27.88,13.09,0.06,0,0,376.69,376.69,10.93,272.55,45.85,21.88,-9.66,45.8,62.42,82.05,1090.21,2.64,189.06,594.62,3.4,241.29,-141.29,-240.53,1999-12-10,2021-02-15,4,"    영화, 비디오물, 방송프로그램 제작 및 배급업"
(주)이매진아시아,36260,Dec-17,32.53,1204.7,115.05,-17.15,0,6.6,0,-5.89,7.99,-49.94,-9.82,-31.46,-43.1,-499,1003.88,0.63,0.85,1.28,1.34,29.03,0.02,0.06,0.87,7.46,1.24,47.94,7.61,12.57,17.67,20.66,136.03,122.76,7.82,206.04,10.34,45.27,-6.21,88.58,39.03,68.84,-1415.88,-2.59,-18.82,-103.14,-4.69,0,0,0,1999-12-10,2021-02-15,4,"    영화, 비디오물, 방송프로그램 제작 및 배급업"
(주)이매진아시아,36260,Dec-18,-41.59,-94.47,-91.14,35.82,-97.12,-29.5,0,-13.32,4.85,-44.3,-8.5,-26.79,-38.34,-333,735.79,0.6,0.83,1.04,1.09,24.46,0.02,0.07,0.72,6.6,1.44,53.31,6.85,14.92,20.39,17.9,434,433.1,150.29,143,69.84,26.44,-45.2,11.7,90.75,79.09,627.14,1.96,150.7,341.36,2.39,665.18,-565.18,-1849.78,1999-12-10,2021-02-15,4,"    영화, 비디오물, 방송프로그램 제작 및 배급업"
(주)이매진아시아,36260,Dec-19,-43.86,197.76,57.95,-54.24,0,-52.24,0,-51.54,0.66,-156.38,-13.96,-79.62,-102.33,-519,355.7,0.51,0.68,0.6,0.6,423.03,0.05,0,0.47,15.33,3.33,18.12,20.14,0.86,0,793181.5,240.73,240.73,58.54,55.66,43.24,50.44,-4.53,39.15,73.97,66.47,-17156.01,-95.71,-1384.47,-10133.08,-135.18,0,0,0,1999-12-10,2021-02-15,4,"    영화, 비디오물, 방송프로그램 제작 및 배급업"
(주)이엠네트웍스,87730,Dec-11,,,,,,,,,,,,,,,,,,,,,,,,,,,,,,,,,,,,,,,,,,,,,,,,,2008-04-04,2021-10-08,4,    합성고무 및 플라스틱 물질 제조업
(주)이엠네트웍스,87730,Dec-12,,,,,,,,,,,,,,,,,,,,,,,,,,,,,,,,,,,,,,,,,,,,,,,,,2008-04-04,2021-10-08,4,    합성고무 및 플라스틱 물질 제조업
(주)이엠네트웍스,87730,Dec-13,,,,,,,,,,,,,,,,,,,,,,,,,,,,,,,,,,,,,,,,,,,,,,,,,2008-04-04,2021-10-08,4,    합성고무 및 플라스틱 물질 제조업
(주)이엠네트웍스,87730,Dec-14,,,,,,,,,,,,,,,,,,,,,,,,,,,,,,,,,,,,,,,,,,,,,,,,,2008-04-04,2021-10-08,4,    합성고무 및 플라스틱 물질 제조업
(주)이엠네트웍스,87730,Dec-15,,,,,,,,,,,,,,,,,,,,,,,,,,,,,,,,,,,,,,,,,,,,,,,,,2008-04-04,2021-10-08,4,    합성고무 및 플라스틱 물질 제조업
(주)이엠네트웍스,87730,Dec-16,,,,,,,,,,,,,,,,,,,,,,,,,,,,,,,,,,,,,,,,,,,,,,,,,2008-04-04,2021-10-08,4,    합성고무 및 플라스틱 물질 제조업
(주)이엠네트웍스,87730,Dec-17,,,,,,,,,,,,,,,,,,,,,,,,,,,,,,,,,,,,,,,,,,,,,,,,,2008-04-04,2021-10-08,4,    합성고무 및 플라스틱 물질 제조업
(주)이엠네트웍스,87730,Dec-18,,,,,,,,,,,,,,,,,,,,,,,,,,,,,,,,,,,,,,,,,,,,,,,,,2008-04-04,2021-10-08,4,    합성고무 및 플라스틱 물질 제조업
(주)이엠네트웍스,87730,Dec-19,0,0,0,0,0,0,0,0,-0.8,-723.92,-14.05,-159.83,-3342.12,-5174,266.35,0.22,2.57,0.33,0.48,1.04,0,0,0.15,0.78,0.67,54.52,6.7,352.44,23.63,15.45,82.74,56.49,4.54,57.06,-14.02,1064.29,-0.8,381.87,67.2,8.59,-75711.3,-128.67,-457.36,-4847.06,-582.78,0,0,0,2008-04-04,2021-10-08,4,    합성고무 및 플라스틱 물질 제조업
(주)이엠네트웍스,87730,Dec-20,-37.2,-37.3,-18.97,-46.1,-35.56,-317.51,0,36.91,-8.5,-99.81,-18.12,-37.07,0,-5439,364.17,0.37,0,0.58,0.88,1.72,0,0,0.24,1.31,1.02,35.53,10.27,211.65,14.16,25.77,53.07,32.94,3.1,-123.94,-51.01,0,-1.6,0,57.68,0,-4884.06,-13.22,-48.08,-484.94,-27.46,0,0,0,2008-04-04,2021-10-08,4,    합성고무 및 플라스틱 물질 제조업
(주)제낙스,65620,Dec-11,-4.07,-5.07,0.07,-8.92,-30.97,-13.73,0,6.55,-0.87,-16.81,-5.66,-9.81,-31.67,-282,1536.86,0.58,1.88,1.3,2.84,2.39,0,0,0.54,1.14,1.06,87.01,4.19,152.87,25.22,14.47,68.94,36.84,2.97,150.99,-19.72,241.57,-1.23,192.07,43.77,29.28,2060.11,4.46,9.35,27.91,7.49,106.61,-6.61,-224.28,2002-06-27,2021-08-09,4,    1차 철강 제조업
(주)제낙스,65620,Dec-12,-3.61,-13.93,-9.01,3.34,3.4,2.78,0,-25.52,-0.99,-23.28,-6.54,-10.52,-34.79,-283,1109.22,0.45,1.49,1,1.87,2.14,0,0,0.43,0.93,0.83,131.03,2.79,170.49,22.51,16.22,81.82,43.7,4.23,150.39,-10.43,220.42,-1.32,170.07,46.92,31.21,1624.12,3.65,8.26,29.08,7.93,116.61,-16.61,-293.43,2002-06-27,2021-08-09,4,    1차 철강 제조업
(주)제낙스,65620,Dec-13,14.86,-2.16,67.8,-45.02,-60.61,62.27,0,-20.21,-33.3,-56.81,-16.7,-19.42,-50.97,-529,776.39,0.34,0.9,1.01,1.74,2.41,0,0,0.4,0.81,0.52,150.05,2.43,151.4,16.03,22.77,48.85,32.55,3.48,214.06,-23.51,126.86,-4.18,175.91,22.46,44.08,-2906.07,-5.69,-15.62,-63.03,-17.79,0,0,0,2002-06-27,2021-08-09,4,    1차 철강 제조업
(주)제낙스,65620,Dec-14,-10.27,-7.17,1.71,-51.64,-62.88,-35.54,0,-36.06,-33.84,-76.87,-13.86,-16.57,-43.35,-405,496.44,0.22,0.56,1.23,1.77,3.98,0,0,0.31,0.55,0.26,158.81,2.3,91.76,8.3,43.99,20.83,15.49,1.46,137.98,-46.02,215.88,-3.71,277.64,12.11,31.66,-1200.62,-2.62,-6.52,-28.18,-11.49,0,0,0,2002-06-27,2021-08-09,4,    1차 철강 제조업
(주)제낙스,65620,Dec-15,16.34,-5.54,20.48,-13.71,-9.96,85.99,0,2.15,16.65,-22.82,-0.81,-4.91,-11.72,-120,496.63,0.22,0.51,2.06,2.79,7.9,0.01,0,0.35,0.6,0.24,94.12,3.88,46.21,3.8,96.05,19.78,14.49,0.88,251.32,-36.42,97.57,-0.23,179.83,8.98,50.62,2188.22,4.1,12.57,59.69,20.51,97.89,2.11,-111.27,2002-06-27,2021-08-09,4,    1차 철강 제조업
(주)제낙스,65620,Dec-16,5.13,-5.55,7.74,-21.34,-28.9,10.92,0,-42.92,-25.06,-97.62,-7.18,-10.87,-20.87,-285,283.47,0.11,0.21,1.42,1.91,5.56,0.01,0,0.24,0.36,0.12,140.98,2.59,65.63,8.62,42.37,21.59,16.37,1.37,278.77,-24.4,87.26,-2.72,174.68,6.72,53.4,-1362.95,-2.43,-8.29,-42.8,-22.38,0,0,0,2002-06-27,2021-08-09,4,    1차 철강 제조업
(주)제낙스,65620,Dec-17,27.64,-5.23,15.77,192.4,-3.66,69.39,0,1.97,-22.36,-73.28,-6.24,-7.13,-11.28,-214,289.07,0.1,0.15,0.84,0.96,6.95,0.01,0,0.27,0.39,0.11,132.02,2.76,52.51,3.99,91.49,79.8,73.44,10.52,451.21,-3.9,41.08,-3.14,119.37,15.39,70.88,-1329.88,-1.86,-8.54,-47.06,-21.41,0,0,0,2002-06-27,2021-08-09,4,    1차 철강 제조업
(주)제낙스,65620,Dec-18,-61.1,-25.53,-59.92,-67.59,-21.47,-81.86,0,-16.73,-15.06,-176.47,-16.03,-18.36,-30.45,-406,230,0.1,0.17,0.71,0.79,6.61,0,0,0.25,0.38,0.12,152.2,2.4,55.24,2.57,142.13,26.6,21.47,2.45,81.84,-35.39,202.79,-6.31,263.96,12.82,33.03,-3710.25,-13.33,-31.98,-147.18,-71.74,0,0,0,2002-06-27,2021-08-09,4,    1차 철강 제조업
(주)제낙스,65620,Dec-19,-10.98,7.15,-15.95,22.8,4.37,-83.81,0,-30.38,-22.57,-297.22,-32.45,-40.68,-200.15,-476,160.12,0.14,0.67,0.91,1.1,5.12,0,0,0.17,0.3,0.16,153.25,2.38,71.33,2.49,146.41,20.16,16.85,9.77,13.25,-70.07,1575.77,-4.24,1379.32,17.69,5.97,-2941.1,-11.87,-23.66,-270.41,-81.68,0,0,0,2002-06-27,2021-08-09,4,    1차 철강 제조업
(주)제낙스,65620,Dec-20,,,,,,,,,,,,,,,,,,,,,,,,,,,,,,,,,,,,,,,,,,,,,,,,,2002-06-27,2021-08-09,4,    1차 철강 제조업
(주)지유온,111820,Dec-11,,,,,,,,,,,,,,,,,,,,,,,,,,,,,,,,,,,,,,,,,,,,,,,,,2010-06-18,2021-09-30,4,    기타 정보 서비스업
(주)지유온,111820,Dec-12,,,,,,,,,,,,,,,,,,,,,,,,,,,,,,,,,,,,,,,,,,,,,,,,,2010-06-18,2021-09-30,4,    기타 정보 서비스업
(주)지유온,111820,Dec-13,,,,,,,,,,,,,,,,,,,,,,,,,,,,,,,,,,,,,,,,,,,,,,,,,2010-06-18,2021-09-30,4,    기타 정보 서비스업
(주)지유온,111820,Dec-14,0,0,0,0,0,0,0,0,23.11,1.21,1.57,1.03,1.5,91,7153.99,0.85,1.24,1.04,1.06,65.63,0.01,0,0.97,15.96,4.6,129.22,2.82,5.56,1.17,311.89,1314.39,1293.58,256.54,1152.83,75.38,46.41,0.7,26.96,81.59,68.3,6129.56,10.66,200.61,2532.12,12.57,36.42,63.58,9.64,2010-06-18,2021-09-30,4,    기타 정보 서비스업
(주)지유온,111820,Dec-15,5.96,-4.13,1.12,7.05,64.48,31.14,0,-10.75,19.25,-0.95,2.82,-0.7,-0.91,-48,4210.72,0.73,0.96,0.9,0.91,44.3,0.01,0,0.79,14.54,4.09,131.16,2.78,8.24,1.82,200.22,538.52,525.43,185.71,997.03,67.12,18.29,2.03,20.79,82.43,84.54,4976.23,8.17,169.88,2700.76,11.44,59.87,40.13,-8.31,2010-06-18,2021-09-30,4,    기타 정보 서비스업
(주)지유온,111820,Dec-16,44.42,0.96,23.37,48.91,17.29,55.02,0,-2.52,26.88,0.69,2.27,0.39,0.44,16,3362.83,0.57,0.65,0.68,0.69,31.95,0.01,0,0.6,14.41,3.55,133.15,2.74,11.42,1.97,184.88,933.02,915.15,79.42,828.64,75.88,10.2,9.11,16.54,84.99,90.74,7712.07,8.76,260.77,4015.15,18.18,51.39,48.61,3.77,2010-06-18,2021-09-30,4,    기타 정보 서비스업
(주)지유온,111820,Dec-17,2.87,-5.66,7.76,2.01,9.12,2.39,198.09,-35.05,43.22,3.15,1.95,0.97,1.07,45,1428.71,0.31,0.34,0.36,0.37,18.39,0,0,0.33,9.59,2.01,208.89,1.75,19.85,3.04,119.92,1017.42,996.56,112.82,821.6,75.99,10.72,3.06,17.41,84.28,90.32,9086.74,10.04,325.7,6247.03,32.98,45.05,54.95,9.54,2010-06-18,2021-09-30,4,    기타 정보 서비스업
(주)지유온,111820,Dec-18,-60.09,128.67,-32.96,-65.15,0,-89.02,-6919.68,-48.58,50.69,-417.49,-13.84,-93.39,-130.35,-2925,698.23,0.22,0.31,0.28,0.28,18.12,0,0,0.23,3.09,1.19,274.8,1.33,20.15,4.11,88.82,174.79,174.79,5.84,87.37,31.49,302.31,-29.43,106.25,73.59,24.86,-13175.3,-36.47,-206.52,-11312.38,-93.01,0,0,0,2010-06-18,2021-09-30,4,    기타 정보 서비스업
(주)지유온,111820,Dec-19,,,,,,,,,,,,,,,,,,,,,,,,,,,,,,,,,,,,,,,,,,,,,,,,,2010-06-18,2021-09-30,4,    기타 정보 서비스업
(주)지유온,111820,Dec-20,,,,,,,,,,,,,,,,,,,,,,,,,,,,,,,,,,,,,,,,,,,,,,,,,2010-06-18,2021-09-30,4,    기타 정보 서비스업
(주)코너스톤네트웍스,33110,Dec-11,-10.99,-13.1,-14.38,-6.96,11.9,-21,0,-32.51,24.49,-43.29,-8.98,-18.14,-31.51,0,1029.22,0.42,0.74,0.9,1.25,3.18,0.01,1.02,0.59,1.33,0.78,95.79,3.81,114.66,60.68,6.02,179.47,123.88,32.4,241.78,21.1,88.85,-6.23,98.86,47.65,52.95,-3444.66,-9.28,-29.86,-1652.41,-20.86,0,0,0,1997-08-18,2021-10-08,4,"    측정, 시험, 항해, 제어 및 기타 정밀기기 제조업; 광학기기 제외"
(주)코너스톤네트웍스,33110,Dec-12,-4.12,-1.2,2.88,-11.81,-7.36,18.99,0,-16.28,32.04,-7.17,-5.29,-2.73,-4.19,0,663.61,0.38,0.64,0.83,1.22,2.62,0.01,0.54,0.58,1.21,0.7,48.65,7.5,139.32,44.22,8.25,323.13,217.99,106.26,221.56,30.26,51.93,-3.48,85.34,43.83,65.82,2454.13,6.89,21.53,2066.86,17.75,103.81,-3.81,-40.39,1997-08-18,2021-10-08,4,"    측정, 시험, 항해, 제어 및 기타 정밀기기 제조업; 광학기기 제외"
(주)코너스톤네트웍스,33110,Dec-13,16.23,-30.32,-4.94,43.38,-11.72,27.73,0,38.88,39.21,1.37,2.51,0.68,1.45,12,804.4,0.5,0.72,1.01,1.35,4.02,0.01,1.71,0.74,1.99,0.98,74.04,4.93,90.83,43.63,8.37,254.71,203.68,80.7,247,32.84,39.06,1.59,63.88,54.06,71.91,2913.02,7.04,36.67,596.09,15.17,78.05,21.95,9.05,1997-08-18,2021-10-08,4,"    측정, 시험, 항해, 제어 및 기타 정밀기기 제조업; 광학기기 제외"
(주)코너스톤네트웍스,33110,Dec-14,-9.91,-3.14,-10.33,-9.56,8.75,-20.68,0,-49.55,31.2,-82.01,-10.42,-20.2,-29.47,-330,385.54,0.25,0.36,0.45,0.58,2.07,0,0,0.34,1.24,0.54,273.64,1.33,176.23,103.6,3.52,380.91,289.16,49.97,186.15,40.03,56.6,-17.58,71.61,54.27,63.86,-4803.67,-12.89,-62.44,-1348.36,-49.59,0,0,0,1997-08-18,2021-10-08,4,"    측정, 시험, 항해, 제어 및 기타 정밀기기 제조업; 광학기기 제외"
(주)코너스톤네트웍스,33110,Dec-15,-12.15,-2.24,-2.68,-20.14,-24.27,-33.26,0,-7.24,17.16,-101.23,-16.74,-25.98,-44.82,-359,353.92,0.26,0.46,0.49,0.65,2.1,0,0,0.35,1.18,0.53,277.52,1.32,173.94,67.98,5.37,171.25,132.13,20.82,122.96,20.53,109,-23,105.87,49.34,47.85,-6284,-19.19,-83.55,-2753.6,-69.94,0,0,0,1997-08-18,2021-10-08,4,"    측정, 시험, 항해, 제어 및 기타 정밀기기 제조업; 광학기기 제외"
(주)코너스톤네트웍스,33110,Dec-16,222.2,-53.3,209.28,235.45,-16.12,18.73,0,288.37,26.37,-30.55,-9.49,-15.42,-30.25,-183,1212.23,0.5,1.29,0.99,1.1,10.28,0.01,0,0.49,6.32,1.03,117.98,3.09,35.49,25.83,14.13,85.01,80.15,17.14,113.13,-9.06,175.41,-1.39,133.92,51.37,36.31,214.92,0.2,6.12,1954.55,0.62,3134.67,-3034.67,-4960.27,1997-08-18,2021-10-08,4,"    측정, 시험, 항해, 제어 및 기타 정밀기기 제조업; 광학기기 제외"
(주)코너스톤네트웍스,33110,Dec-17,-60.59,-81.9,-86.3,-36.24,-17.47,10.41,0,-88.67,14.88,-1354.12,-8.08,-72.81,-266.81,-1286,89.73,0.05,0.13,0.09,0.1,1.4,0,4,0.05,1.91,0.14,812.4,0.45,260.81,228.31,1.6,167.69,155.29,2.07,75.44,33.54,103.22,-1.66,34.34,83.1,49.21,-43451.07,-104.51,-6834.54,-449106.69,-1098.98,0,0,0,1997-08-18,2021-10-08,4,"    측정, 시험, 항해, 제어 및 기타 정밀기기 제조업; 광학기기 제외"
(주)코너스톤네트웍스,33110,Dec-18,30.18,225.45,164.22,2.92,97.15,24.28,0,124.82,15.65,-77.64,-9.45,-14.42,-26.38,0,146.72,0.19,0.37,0.25,0.28,2.34,0.01,6.45,0.16,6.57,0.69,105.25,3.47,155.86,64.55,5.65,179.26,153.87,5.31,57.2,29.05,95.57,-1.83,67.08,65.7,51.13,1626.06,3,78.59,1463.93,18.29,188.73,-88.73,-424.42,1997-08-18,2021-10-08,4,"    측정, 시험, 항해, 제어 및 기타 정밀기기 제조업; 광학기기 제외"
(주)코너스톤네트웍스,33110,Dec-19,47.28,230.52,143.14,-2.76,-19.27,41.54,0,52.83,-1.62,-383.08,-15.06,-77.76,-162.33,-454,123.59,0.2,0.42,0.39,0.45,2.98,0.01,0.72,0.22,3.05,0.43,168.39,2.17,122.29,97.01,3.76,95.58,84.34,6.09,57.5,-2,117.82,-4.02,123.34,43.37,45.91,-38642.79,-48.48,-565.07,-1948.78,-284.46,0,0,0,1997-08-18,2021-10-08,4,"    측정, 시험, 항해, 제어 및 기타 정밀기기 제조업; 광학기기 제외"
(주)코너스톤네트웍스,33110,Dec-20,-50.57,-94.57,-92.49,4.16,-92.87,-96.93,0,-61.32,66.07,-712.56,-5.92,-62.86,-199.01,-286,40.49,0.09,0.28,0.15,0.16,2.41,0,0.52,0.07,1.46,0.22,369.68,0.99,151.3,244.84,1.49,94.62,93.86,0.17,1.7,-5.19,3229.9,-1.4,286.41,91.4,3,-26465.07,-67.17,-7127.96,-39848.04,-503.67,0,0,0,1997-08-18,2021-10-08,4,    종합 소매업
(주)팍스넷,38160,Dec-16,,,,,,,,,,,,,,,,,,,,,,,,,,,,,,,,,,,,,,,,,,,,,,,,,2016-08-01,2021-08-23,4,    기타 정보 서비스업
(주)팍스넷,38160,Dec-17,,,,,,,,,,,,,,,,,,,,,,,,,,,,,,,,,,,,,,,,,,,,,,,,,2016-08-01,2021-08-23,4,    기타 정보 서비스업
(주)팍스넷,38160,Dec-18,0,0,0,0,0,0,0,0,0,-11.02,0.98,-3.14,-4.68,-178,1614.22,0.28,0.42,0.43,0.43,0,0.04,0.07,0.29,2.27,0.84,24.46,14.92,0,0,0,205.92,205.92,35.27,759.97,33.89,47.7,-0.16,50.37,65.89,67.7,4048.28,6.45,51.37,947.48,22.64,125.5,-25.5,-48.66,2016-08-01,2021-08-23,4,    기타 정보 서비스업
(주)팍스넷,38160,Dec-19,25.79,64.14,25.38,26.01,0,-69.15,0,-40.28,0,-280.63,-20.16,-42.3,-108.24,0,964.07,0.15,0.38,0.23,0.23,0,0.02,0.12,0.12,1.03,0.44,42.15,8.66,0,0,0,90.31,90.31,4.8,226.4,-7.08,496.87,-4.52,202.9,66.01,16.75,-14075.53,-17.83,-209.51,-529.47,-131.8,0,0,0,2016-08-01,2021-08-23,4,    기타 정보 서비스업
(주)팍스넷,38160,Dec-20,-58.23,-55.28,-43.21,-65.96,0,-218.82,0,-3.9,78.2,-252.63,-12.47,-46.33,0,0,838.42,0.18,0,0.29,0.3,44.24,0.02,0.24,0.12,1.1,0.49,50.01,7.3,8.25,7.71,47.34,38.49,37.48,1.04,-252.14,-85.97,0,-1.36,0,53.79,0,-13849.66,-41.99,-239.45,-936.72,-134.95,0,0,0,2016-08-01,2021-08-23,4,    기타 정보 서비스업
(주)퓨전,195440,Dec-16,,,,,,,,,,,,,,,,,,,,,,,,,,,,,,,,,,,,,,,,,,,,,,,,,2016-12-21,2021-06-10,4,    소프트웨어 개발 및 공급업
(주)퓨전,195440,Dec-17,,,,,,,,,,,,,,,,,,,,,,,,,,,,,,,,,,,,,,,,,,,,,,,,,2016-12-21,2021-06-10,4,    소프트웨어 개발 및 공급업
(주)퓨전,195440,Dec-18,,,,,,,,,,,,,,,,,,,,,,,,,,,,,,,,,,,,,,,,,,,,,,,,,2016-12-21,2021-06-10,4,    소프트웨어 개발 및 공급업
(주)퓨전,195440,Dec-19,0,0,0,0,0,0,0,0,9.91,-84.3,-18.18,-24.67,-31.86,-5004,4242,0.29,0.53,0.64,0.69,8.81,0.03,0.09,0.34,6.38,0.54,40.96,8.91,41.41,53,6.89,109.77,101.78,24.5,1616,4.06,79.35,-7.01,97.48,45.65,55.76,-4959.78,-8.91,-194.27,-671.05,-30.45,0,0,0,2016-12-21,2021-06-10,4,    소프트웨어 개발 및 공급업
(주)퓨전,195440,Dec-20,-67.67,-51.03,-67.13,-68.32,-10.24,-85.16,0,-14.55,56.7,-180.78,-12.03,-68.34,-141.23,-6145,3389.22,0.38,0.78,0.83,0.93,7.94,0.08,0.07,0.4,7.32,0.69,31.09,11.74,45.98,64.05,5.7,63.43,50.36,4.01,222.73,-25.79,290.59,-2.17,215.85,44.74,25.6,-19205.9,-106.75,-1536.25,-5199.83,-137.98,0,0,0,2016-12-21,2021-06-10,4,    소프트웨어 개발 및 공급업
(주)행남사,8800,Dec-11,-0.8,-10.23,-8.6,3.64,-2.73,-6.4,0,7.88,12.18,-5.92,-1.27,-4.29,-7.73,-385,8885.55,0.73,1.65,1.11,2.39,2.08,0,0,0.64,2.54,2.08,86.45,4.22,175.16,31.37,11.63,140.32,67.76,0.88,91.26,19.15,136.68,-0.73,78.98,66.63,42.25,12902.94,17.51,64.6,1126.77,24.05,91.37,8.63,-24.62,1993-09-03,2021-06-07,4,"    내화, 비내화 요업제품 제조업"
(주)행남사,8800,Dec-12,-16.59,-19.93,-15.92,-16.93,-6.65,2.21,0,-14.11,12.82,1.45,-4.03,0.99,3.42,167,7631.83,0.68,1.47,1.03,2.26,1.88,0,0,0.61,2.56,2.04,101.34,3.6,194.42,34.65,10.53,152.77,63.99,1.51,93.27,22.92,95.01,-1.57,65.6,66.36,51.28,17360.91,28.24,122.38,2252.28,37.67,80.78,19.22,3.84,1993-09-03,2021-06-07,4,"    내화, 비내화 요업제품 제조업"
(주)행남사,8800,Dec-13,3.96,-6.44,-4.01,8,17.3,3.12,-36.6,-4.85,18.63,1.63,2.4,1.14,2.11,105.65,7261.52,0.7,1.36,1.03,2.63,1.7,0,0,0.63,2.83,2.16,96.04,3.8,214.38,30.51,11.96,158.77,58.57,1.43,96.18,25.52,92.6,1.09,59.83,68.94,51.92,13953.58,21.83,93.25,1133.21,31.82,80.3,19.7,5.12,1993-09-03,2021-06-07,4,"    내화, 비내화 요업제품 제조업"
(주)행남사,8800,Dec-14,-8.11,-6.16,-6.92,-8.65,-11.63,-12.91,0,-3.37,8.55,-10.13,-3.91,-7,-12.54,-595.33,7016.54,0.69,1.39,1.01,2.65,1.62,0,0,0.6,2.92,2.21,101.6,3.59,225.59,32.23,11.32,139.75,54.43,1.03,83.76,19.49,112.16,-1.99,66.76,68.54,47.13,7169.36,12.21,51.06,630.52,16.92,130.23,-30.23,-59.87,1993-09-03,2021-06-07,4,"    내화, 비내화 요업제품 제조업"
(주)행남사,8800,Dec-15,32.47,31.1,92.2,5.05,2.38,12.13,0,-2.37,14.96,0.79,0.48,0.48,1.68,77.38,6807.2,0.61,1.33,1,2.52,1.66,0,0,0.58,2.55,1.53,106.79,3.42,219.38,32.84,11.12,132.59,53.7,1.99,91.03,13.36,125.79,0.24,103.08,54.35,44.29,9730.5,12.51,53.29,533.2,23.52,81.75,18.25,3.34,1993-09-03,2021-06-07,4,"    내화, 비내화 요업제품 제조업"
(주)행남사,8800,Dec-16,-36.85,-52.9,-53.87,-22.56,-48.96,-46.06,-5320.5,-32.44,8.67,-83.46,-6.07,-36.76,-107.63,-352.49,419.36,0.44,1.12,0.75,1.51,1.47,0,0,0.44,2.06,1.08,160.35,2.28,248.11,40.2,9.08,158.79,96.52,1.32,44.44,24.68,221.11,-3.52,107.08,66.65,31.14,-19326.17,-39.34,-337.17,-5374.65,-69.14,0,0,0,1993-09-03,2021-06-07,4,"    내화, 비내화 요업제품 제조업"
(주)행남사,8800,Dec-17,-5.77,50.62,-0.29,-8.51,-17.67,72.54,0,-45.2,-8.63,-121.51,-17.76,-39.01,-89.28,-217.33,186.43,0.32,0.73,0.49,0.78,1.31,0,0,0.3,1.41,0.94,225.99,1.62,278.96,43.66,8.36,169.92,109.95,3.62,46.36,26.63,75.38,-5.24,61.88,64.71,57.02,-13782.43,-29.77,-140.14,-3685.25,-89.98,0,0,0,1993-09-03,2021-06-07,4,"    내화, 비내화 요업제품 제조업"
(주)행남사,8800,Dec-18,129.27,70.1,207.68,86.52,-81.73,124.82,0,-43.37,-95.79,-126.2,-19.66,-14.36,-25.53,-660,231.32,0.11,0.2,0.2,0.24,1.39,0,0,0.12,0.49,0.26,173.73,2.1,263.08,30.96,11.79,134.36,129.71,81.93,372.26,13.46,75.26,-3.59,82.99,52.65,57.06,-3664.28,-3.45,-16.49,-309.97,-42.25,0,0,0,1993-09-03,2021-06-07,4,"    내화, 비내화 요업제품 제조업"
(주)행남사,8800,Dec-19,-58.39,-16.42,-38.91,-75.91,-78.44,-48.38,0,-11.38,9.9,-469.23,-5.88,-48,-81,0,238.4,0.1,0.17,0.22,0.23,6.55,0.01,0,0.12,0.38,0.19,72.05,5.07,55.74,26.07,14,104.18,100.96,38.56,134.28,1.22,44.16,-6.4,100.22,30.48,69.37,3477.7,7.88,18.73,306.14,45.24,77.89,22.11,-1037.15,1993-09-03,2021-06-07,4,    기타 식품 제조업
(주)행남사,8800,Dec-20,-27.54,-26.8,-22.81,-38.35,-24.8,-37.43,0,5.21,21.49,-53.62,-7.63,-11.39,-17.41,-95,177.25,0.21,0.32,0.74,0.77,22.17,0.02,0.07,0.35,0.5,0.3,64.01,5.7,16.46,26.18,13.94,73.75,70.97,52.78,84.02,-9.23,66.93,-3.98,123.64,25.93,59.91,-435.53,-1.36,-3.2,0,-5.39,0,0,0,1993-09-03,2021-06-07,4,    기타 식품 제조업
(주)화신테크,86250,Dec-11,,,,,,,,,,,,,,,,,,,,,,,,,,,,,,,,,,,,,,,,,,,,,,,,,2006-11-10,2021-08-31,4,    특수 목적용 기계 제조업
(주)화신테크,86250,Dec-12,,,,,,,,,,,,,,,,,,,,,,,,,,,,,,,,,,,,,,,,,,,,,,,,,2006-11-10,2021-08-31,4,    특수 목적용 기계 제조업
(주)화신테크,86250,Dec-13,,,,,,,,,,,,,,,,,,,,,,,,,,,,,,,,,,,,,,,,,,,,,,,,,2006-11-10,2021-08-31,4,    특수 목적용 기계 제조업
(주)화신테크,86250,Dec-14,0,0,0,0,0,0,0,0,7.2,-2.46,-2.05,-1.29,2,89,4965.92,0.52,0.84,1.76,1.76,771.71,0,0,0.95,0.77,0.74,45.68,7.99,0.47,57.91,6.3,117.94,117.67,10.89,832.61,4.52,60.64,-4.61,112.88,29.73,62.25,10944.51,11.89,18.16,37.79,22.72,88.31,11.69,-10.82,2006-11-10,2021-08-31,4,    특수 목적용 기계 제조업
(주)화신테크,86250,Dec-15,3.45,-4.82,-3.81,20.62,-4.25,-9.9,0,7.9,-3.05,-15.14,-7.72,-8.4,-9.14,-362,5358,0.55,0.98,1.72,1.72,850.74,0,0,0.91,0.85,0.82,42.69,8.55,0.43,54.7,6.67,108.64,108.44,8.27,750.21,2.76,94.56,-9.58,127.12,34.66,51.4,8469.59,8.89,14.31,29.84,16.3,140.37,-40.37,-92.91,2006-11-10,2021-08-31,4,    특수 목적용 기계 제조업
(주)화신테크,86250,Dec-16,-11.59,-18.34,-19.7,3.7,-63.02,-21.67,0,-30.63,-16.4,-38.45,-13.51,-15.45,-24.14,-807,3716.99,0.4,0.86,1.07,1.07,880.84,2.71,0,0.55,0.67,0.64,60.78,6,0.41,60.83,6,105.77,105.7,13.73,587.61,2.22,139.45,-9.96,142.09,40.66,41.76,2875.28,3.41,5.96,11.31,7.97,408.51,-308.51,-482.17,2006-11-10,2021-08-31,4,    특수 목적용 기계 제조업
(주)화신테크,86250,Dec-17,-6.97,-0.44,-0.44,-16.51,-77.21,-4.59,0,-6.99,16.63,-9.31,-0.35,-3.84,-4.54,-140,3457.18,0.41,1,1.07,1.07,2471.4,0,0,0.53,0.69,0.67,44.22,8.25,0.15,55.37,6.59,89.91,89.89,9.2,560.66,-4.1,144.44,-0.31,155.24,36.49,40.91,10393.16,13.27,21.55,40.59,30.99,76.44,23.56,-30.02,2006-11-10,2021-08-31,4,    특수 목적용 기계 제조업
(주)화신테크,86250,Dec-18,,,,,,,,,,,,,,,,,,,,,,,,,,,,,,,,,,,,,,,,,,,,,,,,,2006-11-10,2021-08-31,4,    특수 목적용 기계 제조업
(주)화신테크,86250,Dec-20,0,0,0,0,0,0,0,0,5.08,-142.33,-30.19,-33.25,-74.98,-281,182.57,0.23,0.53,1.16,1.17,244.82,0,0,0.31,0.33,0.29,15.45,23.63,1.49,29.83,12.23,36.32,36.15,11.41,141.17,-35.22,127.31,-1.75,181.65,20.09,43.99,326.07,0.68,0.94,4.86,5.8,906.17,-806.17,-2455.32,2006-11-10,2021-08-31,4,    특수 목적용 기계 제조업
디에스티(주),33430,Dec-11,0,0,0,0,0,0,0,0,21.54,-32.08,1.73,-8.94,-20.95,-102,291.97,0.28,0.65,0.91,0.98,12.86,0.01,0.23,0.51,67.13,0.4,92.11,3.96,28.37,29.36,12.43,127.42,118.41,1.46,89.41,6.6,134.24,0.53,162.45,30.65,42.69,-53.53,-0.15,-35.4,-486645,-0.53,0,0,0,1998-05-25,2021-09-02,4,    특수 목적용 기계 제조업
디에스티(주),33430,Dec-12,,,,,,,,,,,,,,,,,,,,,,,,,,,,,,,,,,,,,,,,,,,,,,,,,1998-05-25,2021-09-02,4,    특수 목적용 기계 제조업
디에스티(주),33430,Dec-13,0,0,0,0,0,0,0,0,8.79,-66.61,-3.01,-10.4,-25.85,-104,119.4,0.16,0.39,0.36,0.37,55.51,0,0.02,0.15,536.1,0.27,54.03,6.76,6.58,62.97,5.8,73.11,72.64,1.96,61.54,-15.81,148.52,-0.89,141.69,42.99,40.24,-1993.75,-4.58,-15721.73,0,-29.33,0,0,0,1998-05-25,2021-09-02,4,    기타 전문 도매업
디에스티(주),33430,Dec-14,0,0,0,0,0,0,0,0,-3.68,-55.56,-2.9,-10.62,-48.58,-182,306.15,0.19,0.88,1.22,1.3,20.27,0,0.01,0.46,0.92,0.23,5.58,65.38,18.01,41.17,8.87,60.05,56.44,1.1,66.27,-10.43,359.53,-2.04,387.48,15.68,21.76,-17228.22,-9.51,-45.96,0,-49.77,0,0,0,1998-05-25,2021-09-02,4,    기타 전문 도매업
디에스티(주),33430,Dec-15,-3.77,-11.24,-28.37,128.59,-74.7,-39.61,0,-15.85,-23.5,-74.94,-5.18,-12.28,-65.4,-160,222.43,0.16,0.78,0.62,0.64,27.23,0,0.02,0.24,0.82,0.22,9.87,36.98,13.41,49.02,7.45,60.49,60.09,0.35,33.4,-24.32,387.99,-2.5,306.26,37.24,20.49,-18268.7,-10.48,-55.24,-1423.03,-62.71,0,0,0,1998-05-25,2021-09-02,4,    기타 전문 도매업
디에스티(주),33430,Dec-16,-54.89,-61.78,-69.32,-30.56,1288.81,-39.98,0,7.18,30.58,-148.14,0.25,-36.57,-122.08,-176,265.18,0.25,1.33,0.57,0.6,9.71,0.02,0.12,0.22,1.36,0.44,71.22,5.12,37.6,55.83,6.54,72.51,62.86,9.34,30.67,-21.74,594.58,-0.01,296.42,57.32,14.4,-33754.77,-42.93,-268.07,-1433.02,-108.11,0,0,0,1998-05-25,2021-09-02,4,    기타 전문 도매업
디에스티(주),33430,Dec-17,-24.02,-17.93,-11.47,-33.37,14.6,13.47,0,6.2,41.34,9.73,5.77,4.66,11.05,350,1131.02,0.48,4.96,0.88,1.07,5.15,0.01,1.31,0.34,2.86,1.05,103.29,3.53,70.87,46.09,7.92,52.62,40.57,1.78,348.05,-45.27,2828.51,0.85,1456.28,50.27,3.41,10997.08,18.41,105.38,925.4,33.17,34,66,29.35,1998-05-25,2021-09-02,4,    기타 전문 도매업
디에스티(주),33430,Dec-18,-4.57,-67.28,-34.63,25.17,12.52,9.58,-198.38,-16.76,45.52,-6.1,3.42,-2.89,-9.76,0,2768.94,0.47,2.82,0.82,1.04,3.78,0.01,0,0.34,3.99,1.12,116.33,3.14,96.63,35.77,10.2,96.62,76.74,4.4,338.14,-2.31,224.81,0.26,110.64,65.94,30.79,2211.07,3.88,64.76,229.56,8.01,197.12,-97.12,-76.18,1998-05-25,2021-09-02,4,    특수 목적용 기계 제조업
디에스티(주),33430,Dec-19,-4.36,339.47,58.49,-36.84,-98.24,-76.57,0,-24.6,43.91,-86.4,-4.03,-32.24,-164.98,0,324.18,0.37,1.94,0.68,0.78,5.29,0.01,0,0.28,2.26,0.83,115.22,3.17,69.04,36.12,10.11,48.4,48.13,2.11,64.37,-46.42,1312.06,-0.64,797.13,43.55,7.08,-7526.7,-13.8,-50.16,-1842.49,-36.17,0,0,0,1998-05-25,2021-09-02,4,    특수 목적용 기계 제조업
디에스티(주),33430,Dec-20,2.56,-1.51,-1.92,8.37,-9.74,-17.45,0,-13.09,37.66,-14.71,-1.97,-4.82,-70.01,0,270.24,0.33,5.18,0.73,0.73,139.94,0.02,0.01,0.25,1.21,0.59,87.93,4.15,2.61,47.53,7.68,52.63,52.38,0.53,50.97,-41.42,1692.1,-0.33,967.46,46.02,5.58,10401.2,18.6,70.38,3177.97,57.51,45.93,54.07,-25.58,1998-05-25,2021-09-02,4,    특수 목적용 기계 제조업
럭슬(주),33600,Dec-11,-10.77,-2.09,-7.25,-23.03,16.54,-12.88,0,15.42,3.8,-0.44,1.31,-0.36,-0.75,-34,6520.34,0.8,1.69,3.84,4.3,35.5,0.06,0.03,1.59,1.21,1.01,38.5,9.48,10.28,30.99,11.78,58.52,50.69,9.47,719.49,-13.65,113.35,0.15,172.26,19.26,46.87,12065.01,13.67,20.71,63.88,16.09,72.84,27.16,-2.76,2000-11-21,2021-08-11,4,    자동차 신품 부품 제조업
럭슬(주),33600,Dec-12,-10.68,-6.33,-5.08,-34.13,-43.65,-12.99,0,-16.63,-0.16,-5.93,-3.21,-4.44,-9.58,-378,5435.73,0.75,1.62,4.43,5.07,35.17,0.05,0.03,1.58,1.05,0.9,43.52,8.39,10.38,33.19,11,51.32,45.44,6.33,626.03,-13.47,119.03,-1.77,187.92,14.2,45.66,7824.08,9.92,14.47,44.9,12.52,107.42,-7.42,-47.37,2000-11-21,2021-08-11,4,    자동차 신품 부품 제조업
럭슬(주),33600,Dec-13,-9.8,-14.68,-17.05,34.03,19.41,-22.85,0,-22.58,0.02,-11.89,-3,-7.68,-18.05,-586,4208.35,0.65,1.52,3.69,4.14,34.43,0.05,0.03,1.3,0.91,0.78,54.19,6.74,10.6,44.53,8.2,56.47,50.72,0.33,483,-16.26,156.07,-1.86,202.03,21.1,39.05,8051.06,11.32,16.72,57.82,16.64,97.51,2.49,-71.49,2000-11-21,2021-08-11,4,    자동차 신품 부품 제조업
럭슬(주),33600,Dec-14,3.17,-3.63,-1.04,18.93,123.01,-1.66,0,29.76,4.9,-3.11,1.06,-2.7,-7,0,5460.7,0.87,2.17,3.82,4.5,25.42,0.05,0.04,1.31,1.31,1.13,47.19,7.74,14.36,40.95,8.91,48.53,39.26,2.02,474.96,-25.79,142.87,0.47,183.79,24.32,41.18,11446.41,15.6,24.28,84.1,18.23,67.62,32.38,-17.05,2000-11-21,2021-08-11,4,    자동차 신품 부품 제조업
럭슬(주),33600,Dec-15,,,,,,,,,,,,,,,,,,,,,,,,,,,,,,,,,,,,,,,,,,,,,,,,,2000-11-21,2021-08-11,4,    자동차 신품 부품 제조업
럭슬(주),33600,Dec-16,,,,,,,,,,,,,,,,,,,,,,,,,,,,,,,,,,,,,,,,,,,,,,,,,2000-11-21,2021-08-11,4,    자동차 신품 부품 제조업
럭슬(주),33600,Dec-17,,,,,,,,,,,,,,,,,,,,,,,,,,,,,,,,,,,,,,,,,,,,,,,,,2000-11-21,2021-08-11,4,    자동차 신품 부품 제조업
럭슬(주),33600,Dec-18,,,,,,,,,,,,,,,,,,,,,,,,,,,,,,,,,,,,,,,,,,,,,,,,,2000-11-21,2021-08-11,4,    자동차 신품 부품 제조업
에스앤씨엔진그룹리미티드,900080,Dec-11,8.95,28.17,22.85,-6.19,14.39,29.27,39.59,27.3,31.07,20.22,25.45,16.63,19.23,1029,5091.25,0.82,0.95,1.85,2.03,20.98,0.02,0.18,1.42,2.43,1.48,42.87,8.51,17.39,15.19,24.03,631.39,569.97,368.61,3749.55,34.69,6.98,5.33,62.89,41.21,93.47,64284.02,24.89,98.33,141.87,31.57,0,0,64.07,2009-12-04,2021-06-14,4,    회사 본부 및 경영 컨설팅 서비스업
에스앤씨엔진그룹리미티드,900080,Dec-12,19.53,12.16,-0.23,47.72,5.06,11.2,-11.61,-2.8,28.13,18.39,17.63,12.84,14.28,893,4948.59,0.7,0.78,1.5,1.63,18.64,0.01,1.52,1.32,1.98,1.3,68.4,5.34,19.58,15.65,23.32,778.16,724.33,503.34,4297.53,44.39,15,19.17,56.43,50.93,86.96,68521.16,22.19,75.31,159.55,34.62,13.41,86.59,53.13,2009-12-04,2021-06-14,4,    회사 본부 및 경영 컨설팅 서비스업
에스앤씨엔진그룹리미티드,900080,Dec-13,12.15,-2.61,-2.16,25.94,0.32,10.87,-27.7,0.41,29.33,13.24,13.05,8.04,9.3,641,4811.91,0.61,0.7,1.12,1.19,18.24,0.01,0.58,0.94,1.9,1.33,85.36,4.28,20.01,17.55,20.8,407.34,384.89,279.41,4704.08,43.15,16.33,6.62,49.8,57.19,85.96,63415.96,18.31,72.95,160.44,31.91,14.06,85.94,41.5,2009-12-04,2021-06-14,4,    회사 본부 및 경영 컨설팅 서비스업
에스앤씨엔진그룹리미티드,900080,Dec-14,2.63,-3,16.68,-7.88,-9.01,9.53,-43.34,-12.1,28.8,8.54,9.25,4.25,4.78,357,4229.85,0.5,0.56,0.92,0.97,16.76,0.01,0.17,0.76,1.72,1.09,96.58,3.78,21.78,24.96,14.62,621.11,587.3,437.22,438.09,43.07,9.01,11.21,53.05,51.34,91.73,48742.88,13.71,58.97,130.25,27.9,20.09,79.91,30.59,2009-12-04,2021-06-14,4,    회사 본부 및 경영 컨설팅 서비스업
에스앤씨엔진그룹리미티드,900080,Dec-15,17.23,4.59,2.91,30.82,30.18,14.71,97.7,12.97,29.16,14.94,11.78,7.64,8.42,322,1081.64,0.51,0.56,0.94,0.99,17.27,0.01,0.1,0.8,1.93,1.12,87.72,4.16,21.14,32.95,11.08,559.34,529.03,380.18,429.03,47.04,11.41,410.6,47.59,57.28,89.76,63492.73,15.24,65.71,143.36,32.17,19.82,80.18,46.43,2009-12-04,2021-06-14,4,    회사 본부 및 경영 컨설팅 서비스업
에스앤씨엔진그룹리미티드,900080,Dec-16,0.25,21.83,-7.03,5.69,-17.45,6.44,-5.23,-15.07,27.86,16.67,8.31,6.7,7.24,298,918.63,0.4,0.43,0.68,0.72,14.2,0.01,0.15,0.61,1.45,0.98,104.85,3.48,25.7,32.56,11.21,1284.27,1229.93,993.5,428.05,55.68,4.93,369.09,41.57,60.39,95.3,58047.16,13.9,51.37,107.68,34.63,21.27,78.73,48.13,2009-12-04,2021-06-14,4,    회사 본부 및 경영 컨설팅 서비스업
에스앤씨엔진그룹리미티드,900080,Dec-17,0.3,30.42,21.46,-13.57,-12.4,2.38,-28.44,-6.18,27.24,12.71,6.9,4.78,4.96,181,1631.64,0.38,0.39,0.67,0.7,15.71,0.01,0,0.63,1.07,0.86,98.3,3.71,23.24,15.53,23.5,1903.6,1821.96,1126.3,405.14,49.3,2.81,291.46,49.31,52.03,97.27,53403.29,12.75,32.4,55.23,33.96,19.25,80.75,37.44,2009-12-04,2021-06-14,4,    회사 본부 및 경영 컨설팅 서비스업
에스앤씨엔진그룹리미티드,900080,Dec-18,9.69,-3.79,-2.92,21.31,-20.14,6.77,-12.97,-19.13,27.52,13.68,5.33,3.96,4.13,151,1103.53,0.29,0.3,0.53,0.55,15.12,0.01,0.74,0.5,0.78,0.64,110.97,3.29,24.13,21.39,17.06,1369.7,1331.04,963.22,425.41,53.35,5.62,193.41,44.84,57.55,94.68,53118.51,11.56,33.46,56.73,41.77,23.34,76.66,32.76,2009-12-04,2021-06-14,4,    회사 본부 및 경영 컨설팅 서비스업
에스앤씨엔진그룹리미티드,900080,Dec-19,-0.73,35.49,12.13,-10.22,-0.31,1.08,-68.28,-15.38,27.81,5.13,3.48,1.21,1.26,46,933.82,0.24,0.25,0.43,0.44,14.43,0.01,0.2,0.4,0.57,0.52,103.39,3.53,25.29,28.07,13.01,1659.54,1607.51,969.37,413.19,48.91,3.73,81.38,49.74,52.05,96.41,40293.56,8.83,19.08,34.91,37.44,25.84,74.16,13.7,2009-12-04,2021-06-14,4,    회사 본부 및 경영 컨설팅 서비스업
에이아이비트(주),39230,Dec-11,,,,,,,,,,,,,,,,,,,,,,,,,,,,,,,,,,,,,,,,,,,,,,,,,2000-06-22,2021-10-06,4,"    측정, 시험, 항해, 제어 및 기타 정밀기기 제조업; 광학기기 제외"
에이아이비트(주),39230,Dec-12,0,0,0,0,0,0,0,0,10.21,-30.53,-6.23,-19.37,-47.74,-456,1493.23,0.63,1.56,3.1,3.2,98.37,0.02,0.01,0.88,1.17,0.8,97.91,3.73,3.71,36.81,9.92,39.35,38.1,2.86,191.01,-31.52,146.42,-2.31,196.03,20.45,40.58,-2933.72,-3.42,-6.31,-92.42,-5.39,0,0,0,2000-06-22,2021-10-06,4,"    측정, 시험, 항해, 제어 및 기타 정밀기기 제조업; 광학기기 제외"
에이아이비트(주),39230,Dec-13,5.5,0.13,-0.78,29.95,89.06,1.31,0,-11.21,24.14,0.55,1.91,0.3,0.76,7,1325.84,0.55,1.38,2.4,2.5,60.43,0.01,0.02,0.72,1.04,0.71,126.19,2.89,6.04,54.54,6.69,45.4,43.31,1.36,193.51,-30.29,156.62,0.9,191.98,25.19,38.97,12696.11,14.04,27.38,384.63,26.29,73.82,26.18,2.09,2000-06-22,2021-10-06,4,"    측정, 시험, 항해, 제어 및 기타 정밀기기 제조업; 광학기기 제외"
에이아이비트(주),39230,Dec-14,6.78,-1.06,-1.72,32.01,303.4,1.43,90.17,46.27,20.81,0.71,1.92,0.54,1.42,14,1939.26,0.76,1.99,2.67,2.97,26.85,0.02,0.04,0.89,1.53,1.05,96.97,3.76,13.6,55.16,6.62,54.13,46.54,6.04,196.28,-26.39,170.14,1.18,186.02,31.14,37.02,14134.37,14.64,30.75,436.14,20.01,76.52,23.48,3.57,2000-06-22,2021-10-06,4,"    측정, 시험, 항해, 제어 및 기타 정밀기기 제조업; 광학기기 제외"
에이아이비트(주),39230,Dec-15,9.18,0.71,0.61,28.15,89.16,2.77,0,-5.47,16.79,-0.24,-0.34,-0.16,-1.27,-13,1833.21,0.66,1.85,1.95,2.37,10.95,0.02,0.1,0.71,1.44,1,116.37,3.14,33.33,88.03,4.15,60.7,48.14,6.76,201.71,-23.66,188.26,-0.27,182.9,36.55,34.69,13521.18,12.82,29.19,326.67,20.25,80.71,19.29,-1.18,2000-06-22,2021-10-06,4,"    측정, 시험, 항해, 제어 및 기타 정밀기기 제조업; 광학기기 제외"
에이아이비트(주),39230,Dec-16,-63.14,-98.29,-94.07,-9.45,-36.87,-60.84,0,-47.18,1.77,-66.93,-17.19,-32.72,-87.44,-614,968.25,0.49,1.38,0.96,1.17,5.42,0.01,0.21,0.45,1.5,1,187.29,1.95,67.33,143.19,2.55,161.56,138.25,71.28,78.99,34.21,170.13,-8.14,27.59,89.79,37.02,-21257.3,-54.69,-2844.46,-3366.34,-60.27,0,0,0,2000-06-22,2021-10-06,4,"    측정, 시험, 항해, 제어 및 기타 정밀기기 제조업; 광학기기 제외"
에이아이비트(주),39230,Dec-17,37.93,2.98,29.25,38.91,-86.09,21.59,0,52.75,21.12,-9.9,6,-11.53,-33.45,-138,1459.59,1.17,3.38,1.29,1.39,18.78,0.01,0.07,0.76,66.94,11.84,91.59,3.99,19.43,44.27,8.24,134.85,132.9,13.91,83.79,23.37,206.41,2.43,29.32,90.43,32.64,3031.29,5.65,371.18,528.94,5.63,207.98,-107.98,-175.94,2000-06-22,2021-10-06,4,"    측정, 시험, 항해, 제어 및 기타 정밀기기 제조업; 광학기기 제외"
에이아이비트(주),39230,Dec-18,39.19,1.46,123.07,30.31,128.76,63.76,0,-29.9,33.43,-24.64,4.38,-14.52,-40.21,-185,779.85,0.59,1.64,0.68,0.69,32.79,0.01,0.04,0.39,45.91,4.56,142.97,2.55,11.13,53.8,6.78,137.54,134.05,16.28,100.28,23.11,160.34,0.48,39.93,84.66,38.41,3487.66,4.67,420.93,620.2,9.23,198.3,-98.3,-266.82,2000-06-22,2021-10-06,4,"    측정, 시험, 항해, 제어 및 기타 정밀기기 제조업; 광학기기 제외"
에이아이비트(주),39230,Dec-19,-8.8,999.24,47.25,-18.96,117.44,76.11,0,-0.97,38.57,-29.9,4.68,-15.68,-28.25,-138,472.82,0.52,0.95,0.65,0.68,14.7,0.01,0.1,0.42,7.53,2.64,159.29,2.29,24.83,53.54,6.82,299.46,279.07,28.87,96.68,50.11,34.87,1.28,33.4,75.24,74.15,-1814.07,-2.67,-298.4,-441.3,-4.85,0,0,0,2000-06-22,2021-10-06,4,"    측정, 시험, 항해, 제어 및 기타 정밀기기 제조업; 광학기기 제외"
에이아이비트(주),39230,Dec-20,-14.6,-0.96,32.33,-30.04,-40.92,-10.29,0,-21.9,33.63,-26.9,-5.67,-12.46,-16.41,-74,279.91,0.46,0.61,0.67,0.72,10.54,0.01,0.17,0.5,3.22,1.49,211.38,1.73,34.64,55.77,6.55,301.18,283.86,20.03,82.01,41.17,28.41,-4.17,49.27,61.63,77.87,964.73,1.66,185.41,264.54,3.3,650.67,-550.67,-814.52,2000-06-22,2021-10-06,4,"    측정, 시험, 항해, 제어 및 기타 정밀기기 제조업; 광학기기 제외"
