회사명,거래소코드,회계년도,[제조]영업이익(손실),[제조]영업이익(손실)(연결)
(주)CMG제약,58820,Dec-11,698484,623816
(주)CMG제약,58820,Dec-12,-4045140,-4205503
(주)CMG제약,58820,Dec-13,822547,791250
(주)CMG제약,58820,Dec-14,446018,442322
(주)CMG제약,58820,Dec-15,-2570878,-2572168
(주)CMG제약,58820,Dec-16,1730753,1730753
(주)CMG제약,58820,Dec-17,1558607,1558607
(주)CMG제약,58820,Dec-18,2567820,2567820
(주)CMG제약,58820,Dec-19,2603774,2603774
(주)CMG제약,58820,Dec-20,1822365,1822365
(주)금화피에스시,36190,Dec-11,15670906,15670906
(주)금화피에스시,36190,Dec-12,20453131,20453131
(주)금화피에스시,36190,Dec-13,25744446,27103680
(주)금화피에스시,36190,Dec-14,23011531,23448696
(주)금화피에스시,36190,Dec-15,26233196,27682715
(주)금화피에스시,36190,Dec-16,28240507,29816098
(주)금화피에스시,36190,Dec-17,33131391,33863833
(주)금화피에스시,36190,Dec-18,39495034,41384787
(주)금화피에스시,36190,Dec-19,30433094,34327291
(주)금화피에스시,36190,Dec-20,24209918,26993690
(주)나스미디어,89600,Dec-11,7809344,7809344
(주)나스미디어,89600,Dec-12,7613038,7613038
(주)나스미디어,89600,Dec-13,6058109,6058109
(주)나스미디어,89600,Dec-14,8601869,8601869
(주)나스미디어,89600,Dec-15,11693294,11693294
(주)나스미디어,89600,Dec-16,14615304,15433276
(주)나스미디어,89600,Dec-17,25654209,34298134
(주)나스미디어,89600,Dec-18,19351123,24946232
(주)나스미디어,89600,Dec-19,23389051,30558603
(주)나스미디어,89600,Dec-20,27301482,26967943
(주)나이스디앤비,130580,Dec-11,2848366,2848366
(주)나이스디앤비,130580,Dec-12,3200317,3200317
(주)나이스디앤비,130580,Dec-13,3312852,3312852
(주)나이스디앤비,130580,Dec-14,4103059,4103059
(주)나이스디앤비,130580,Dec-15,4929356,4943229
(주)나이스디앤비,130580,Dec-16,4752171,6465327
(주)나이스디앤비,130580,Dec-17,6644056,8454239
(주)나이스디앤비,130580,Dec-18,8817160,10423254
(주)나이스디앤비,130580,Dec-19,10084114,12798062
(주)나이스디앤비,130580,Dec-20,11861568,14088152
(주)내츄럴엔도텍,168330,Dec-12,5118742,5118742
(주)내츄럴엔도텍,168330,Dec-13,24103694,24103694
(주)내츄럴엔도텍,168330,Dec-14,25886542,25886542
(주)내츄럴엔도텍,168330,Dec-15,-10595159,-10890671
(주)내츄럴엔도텍,168330,Dec-16,-9347254,-9391306
(주)내츄럴엔도텍,168330,Dec-17,-5337960,-5391216
(주)내츄럴엔도텍,168330,Dec-18,-9689426,-13587338
(주)내츄럴엔도텍,168330,Dec-19,-8440259,-11129701
(주)내츄럴엔도텍,168330,Dec-20,1244551,-315913
(주)네오팜,92730,Dec-11,1199197,1199197
(주)네오팜,92730,Dec-12,209147,209147
(주)네오팜,92730,Dec-13,2147648,2147648
(주)네오팜,92730,Dec-14,5002662,5002662
(주)네오팜,92730,Dec-15,6258403,6258403
(주)네오팜,92730,Dec-16,10034988,9552938
(주)네오팜,92730,Dec-17,14632436,14037876
(주)네오팜,92730,Dec-18,19588203,19161762
(주)네오팜,92730,Dec-19,23347953,22960501
(주)네오팜,92730,Dec-20,21391242,21902092
(주)네이블커뮤니케이션즈,153460,Dec-11,3859395,3859395
(주)네이블커뮤니케이션즈,153460,Dec-12,5101595,5101595
(주)네이블커뮤니케이션즈,153460,Dec-13,38631,38631
(주)네이블커뮤니케이션즈,153460,Dec-14,554440,132220
(주)네이블커뮤니케이션즈,153460,Dec-15,254292,254292
(주)네이블커뮤니케이션즈,153460,Dec-16,194621,194621
(주)네이블커뮤니케이션즈,153460,Dec-17,-6481007,-6481007
(주)네이블커뮤니케이션즈,153460,Dec-18,-2389050,-2389050
(주)네이블커뮤니케이션즈,153460,Dec-19,-484726,-484726
(주)네이블커뮤니케이션즈,153460,Dec-20,399554,399554
(주)넥스지,81970,Dec-11,3167722,3167722
(주)넥스지,81970,Dec-12,2474759,2474759
(주)넥스지,81970,Dec-13,1710564,1227029
(주)넥스지,81970,Dec-14,865562,865562
(주)넥스지,81970,Dec-15,312489,312489
(주)넥스지,81970,Dec-16,-409428,-409428
(주)넥스지,81970,Dec-17,-126992,-598029
(주)넥스턴바이오사이언스,89140,Dec-11,4349627,4349627
(주)넥스턴바이오사이언스,89140,Dec-12,3358160,3358160
(주)넥스턴바이오사이언스,89140,Dec-13,3465175,3465175
(주)넥스턴바이오사이언스,89140,Dec-14,4053988,4053988
(주)넥스턴바이오사이언스,89140,Dec-15,1606617,1606617
(주)넥스턴바이오사이언스,89140,Dec-16,19292470,19292470
(주)넥스턴바이오사이언스,89140,Dec-17,10076522,10076522
(주)넥스턴바이오사이언스,89140,Dec-18,4102995,4102995
(주)넥스턴바이오사이언스,89140,Dec-19,2997381,2997381
(주)넥스턴바이오사이언스,89140,Dec-20,-3017727,-3017727
(주)넥스트아이,137940,Dec-11,5007759,5007759
(주)넥스트아이,137940,Dec-12,7106314,6881417
(주)넥스트아이,137940,Dec-13,5299518,5310652
(주)넥스트아이,137940,Dec-14,3954680,3774180
(주)넥스트아이,137940,Dec-15,1909488,2741035
(주)넥스트아이,137940,Dec-16,660358,3696037
(주)넥스트아이,137940,Dec-17,-1018815,1290427
(주)넥스트아이,137940,Dec-18,1787403,8381537
(주)넥스트아이,137940,Dec-19,-4134866,3690399
(주)넥스트아이,137940,Dec-20,-8039377,-10354834
(주)노바렉스,194700,Dec-11,1992651,1992651
(주)노바렉스,194700,Dec-12,3077503,3077503
(주)노바렉스,194700,Dec-13,3132824,3132824
(주)노바렉스,194700,Dec-14,5914373,5914373
(주)노바렉스,194700,Dec-15,11215035,11215035
(주)노바렉스,194700,Dec-16,10283870,10273527
(주)노바렉스,194700,Dec-17,10514470,9897600
(주)노바렉스,194700,Dec-18,12406850,11334721
(주)노바렉스,194700,Dec-19,17190631,16305801
(주)노바렉스,194700,Dec-20,27490880,26992725
(주)노바텍,285490,Dec-17,5532623,5516770
(주)노바텍,285490,Dec-18,6648162,6672041
(주)노바텍,285490,Dec-19,4407343,5524953
(주)노바텍,285490,Dec-20,3640414,29335292
(주)대유,290380,Dec-11,-230980,-230980
(주)대유,290380,Dec-12,1238034,1238034
(주)대유,290380,Dec-13,1578893,1578893
(주)대유,290380,Dec-14,4084920,4084920
(주)대유,290380,Dec-15,4958602,4958602
(주)대유,290380,Dec-16,5654952,5654952
(주)대유,290380,Dec-17,6873411,6873411
(주)대유,290380,Dec-18,7042121,7042121
(주)대유,290380,Dec-19,5332720,5332720
(주)대유,290380,Dec-20,4604224,4604224
(주)동방선기,99410,Dec-11,565120,3899448
(주)동방선기,99410,Dec-12,-4401650,-3983755
(주)동방선기,99410,Dec-13,1910868,-8003707
(주)동방선기,99410,Dec-14,1242233,-1778523
(주)동방선기,99410,Dec-15,2094878,1340753
(주)동방선기,99410,Dec-16,1792413,1796851
(주)동방선기,99410,Dec-17,-667105,-667105
(주)동방선기,99410,Dec-18,-2825982,-2825982
(주)동방선기,99410,Dec-19,-1255400,-1255400
(주)동방선기,99410,Dec-20,-1359095,-1359095
(주)동원개발,13120,Dec-11,25891707,25891707
(주)동원개발,13120,Dec-12,41847489,41847489
(주)동원개발,13120,Dec-13,44296221,44296221
(주)동원개발,13120,Dec-14,77191364,77191364
(주)동원개발,13120,Dec-15,117122111,117122111
(주)동원개발,13120,Dec-16,131149315,131149315
(주)동원개발,13120,Dec-17,143040410,143040410
(주)동원개발,13120,Dec-18,160073926,160073926
(주)동원개발,13120,Dec-19,106108775,106108775
(주)동원개발,13120,Dec-20,187555578,187555578
(주)동일기연,32960,Dec-11,7765133,6995799
(주)동일기연,32960,Dec-12,4498479,3728736
(주)동일기연,32960,Dec-13,4401007,3125707
(주)동일기연,32960,Dec-14,3709561,3124221
(주)동일기연,32960,Dec-15,2894824,1784953
(주)동일기연,32960,Dec-16,1638298,1082478
(주)동일기연,32960,Dec-17,3062006,2387315
(주)동일기연,32960,Dec-18,235596,-1363334
(주)동일기연,32960,Dec-19,1975944,919141
(주)동일기연,32960,Dec-20,1593523,190941
(주)듀오백,73190,Dec-11,1961053,1130697
(주)듀오백,73190,Dec-12,-497766,-1423334
(주)듀오백,73190,Dec-13,889636,90256
(주)듀오백,73190,Dec-14,-2354475,-3451103
(주)듀오백,73190,Dec-15,-3436253,-3883835
(주)듀오백,73190,Dec-16,-4979221,-5073348
(주)듀오백,73190,Dec-17,719444,580033
(주)듀오백,73190,Dec-18,-2608607,-2880725
(주)듀오백,73190,Dec-19,-2197997,-2468694
(주)듀오백,73190,Dec-20,702483,679200
(주)드래곤플라이,30350,Dec-11,9974587,8350352
(주)드래곤플라이,30350,Dec-12,4070563,4128508
(주)드래곤플라이,30350,Dec-13,504300,228926
(주)드래곤플라이,30350,Dec-14,2609913,2765733
(주)드래곤플라이,30350,Dec-15,3744014,3702334
(주)드래곤플라이,30350,Dec-16,1575388,1572232
(주)드래곤플라이,30350,Dec-17,-5496502,-5496502
(주)드래곤플라이,30350,Dec-18,-5899804,-5899804
(주)드래곤플라이,30350,Dec-19,-4330423,-4509707
(주)드래곤플라이,30350,Dec-20,98737,-3474081
(주)디아크,78590,Dec-11,1233074,1233074
(주)디아크,78590,Dec-12,492333,492333
(주)디아크,78590,Dec-13,424989,424989
(주)디아크,78590,Dec-14,573479,573479
(주)디아크,78590,Dec-15,1419070,1419070
(주)디아크,78590,Dec-16,2088625,2088625
(주)디아크,78590,Dec-17,2285974,2285974
(주)디아크,78590,Dec-18,1867371,2404127
(주)디아크,78590,Dec-19,948690,1888369
(주)디아크,78590,Dec-20,-10765064,-10062639
(주)디앤씨미디어,263720,Dec-16,3693827,3693827
(주)디앤씨미디어,263720,Dec-17,5432589,5432589
(주)디앤씨미디어,263720,Dec-18,6423382,5801456
(주)디앤씨미디어,263720,Dec-19,8089184,7913752
(주)디앤씨미디어,263720,Dec-20,12687332,13147012
(주)디에이테크놀로지,196490,Dec-11,2587074,2587074
(주)디에이테크놀로지,196490,Dec-12,2074372,2074372
(주)디에이테크놀로지,196490,Dec-13,2734018,2734018
(주)디에이테크놀로지,196490,Dec-14,4937332,4869325
(주)디에이테크놀로지,196490,Dec-15,3169082,3205730
(주)디에이테크놀로지,196490,Dec-16,3040085,3021043
(주)디에이테크놀로지,196490,Dec-17,4200287,4641627
(주)디에이테크놀로지,196490,Dec-18,1325616,2109559
(주)디에이테크놀로지,196490,Dec-19,634515,650130
(주)디에이테크놀로지,196490,Dec-20,-12884799,-14188468
(주)디지털대성,68930,Dec-11,2108352,2108352
(주)디지털대성,68930,Dec-12,4049529,4049529
(주)디지털대성,68930,Dec-13,6010400,6010400
(주)디지털대성,68930,Dec-14,5612111,5612111
(주)디지털대성,68930,Dec-15,5599342,5973446
(주)디지털대성,68930,Dec-16,5292385,7898180
(주)디지털대성,68930,Dec-17,5410123,10007834
(주)디지털대성,68930,Dec-18,1006438,12604179
(주)디지털대성,68930,Dec-19,9525683,21090277
(주)디지털대성,68930,Dec-20,7213155,14211309
(주)디지틀조선일보,33130,Dec-11,3508444,3921258
(주)디지틀조선일보,33130,Dec-12,5456120,5529331
(주)디지틀조선일보,33130,Dec-13,3929920,4090797
(주)디지틀조선일보,33130,Dec-14,3264424,3391383
(주)디지틀조선일보,33130,Dec-15,3443737,3716900
(주)디지틀조선일보,33130,Dec-16,4545266,4637268
(주)디지틀조선일보,33130,Dec-17,5357706,5435360
(주)디지틀조선일보,33130,Dec-18,6431880,6363294
(주)디지틀조선일보,33130,Dec-19,2738391,2936471
(주)디지틀조선일보,33130,Dec-20,1544320,1459673
(주)레고켐바이오사이언스,141080,Dec-11,-3061501,-3061501
(주)레고켐바이오사이언스,141080,Dec-12,-3251665,-3251665
(주)레고켐바이오사이언스,141080,Dec-13,-6259744,-6259744
(주)레고켐바이오사이언스,141080,Dec-14,-8457032,-8457032
(주)레고켐바이오사이언스,141080,Dec-15,-8048858,-8048860
(주)레고켐바이오사이언스,141080,Dec-16,-9277175,-10172813
(주)레고켐바이오사이언스,141080,Dec-17,-8099206,-9842081
(주)레고켐바이오사이언스,141080,Dec-18,-13941025,-15977964
(주)레고켐바이오사이언스,141080,Dec-19,11811719,8416842
(주)레고켐바이오사이언스,141080,Dec-20,-29761761,-29761761
(주)로지시스,67730,Dec-11,1799045,1799045
(주)로지시스,67730,Dec-12,1580259,1580259
(주)로지시스,67730,Dec-13,1843162,1843162
(주)로지시스,67730,Dec-14,1914417,1914417
(주)로지시스,67730,Dec-15,501515,501515
(주)로지시스,67730,Dec-16,511870,511870
(주)로지시스,67730,Dec-17,627402,627402
(주)로지시스,67730,Dec-18,724996,724996
(주)로지시스,67730,Dec-19,435804,435804
(주)로지시스,67730,Dec-20,407999,407999
(주)리노스,39980,Dec-11,7616009,7616009
(주)리노스,39980,Dec-12,7806403,7806403
(주)리노스,39980,Dec-13,4340611,4340611
(주)리노스,39980,Dec-14,6588006,8628174
(주)리노스,39980,Dec-15,7137162,7137162
(주)리노스,39980,Dec-16,4307168,4112642
(주)리노스,39980,Dec-17,3540541,3840326
(주)리노스,39980,Dec-18,1634796,1617419
(주)리노스,39980,Dec-19,61305,-320792
(주)리노스,39980,Dec-20,-5808406,-6189068
(주)리드코프,12700,Dec-11,44901496,44760209
(주)리드코프,12700,Dec-12,34787083,36877889
(주)리드코프,12700,Dec-13,39839308,45280593
(주)리드코프,12700,Dec-14,43293226,49937803
(주)리드코프,12700,Dec-15,44234941,53062309
(주)리드코프,12700,Dec-16,41679166,51092878
(주)리드코프,12700,Dec-17,38735375,47314285
(주)리드코프,12700,Dec-18,34413942,44888465
(주)리드코프,12700,Dec-19,40506195,53883905
(주)리드코프,12700,Dec-20,41088749,60086162
(주)멀티캠퍼스,67280,Dec-11,4082389,4082389
(주)멀티캠퍼스,67280,Dec-12,4725109,4660787
(주)멀티캠퍼스,67280,Dec-13,5340304,6061501
(주)멀티캠퍼스,67280,Dec-14,11789322,11729238
(주)멀티캠퍼스,67280,Dec-15,11132875,11941341
(주)멀티캠퍼스,67280,Dec-16,17170075,17830239
(주)멀티캠퍼스,67280,Dec-17,14176577,15107677
(주)멀티캠퍼스,67280,Dec-18,20700882,21830440
(주)멀티캠퍼스,67280,Dec-19,22516356,24178088
(주)멀티캠퍼스,67280,Dec-20,13903405,13721746
(주)메디프론디비티,65650,Dec-11,681143,681143
(주)메디프론디비티,65650,Dec-12,-2184762,-2184762
(주)메디프론디비티,65650,Dec-13,-1641837,-1641837
(주)메디프론디비티,65650,Dec-14,-2631219,-2631219
(주)메디프론디비티,65650,Dec-15,252734,252734
(주)메디프론디비티,65650,Dec-16,-495966,-495966
(주)메디프론디비티,65650,Dec-17,480995,480995
(주)메디프론디비티,65650,Dec-18,-1570272,-1570272
(주)메디프론디비티,65650,Dec-19,-2161742,-2161742
(주)메디프론디비티,65650,Dec-20,-2164891,-2164891
(주)메지온,140410,Dec-11,2924533,2924533
(주)메지온,140410,Dec-12,1680498,1680498
(주)메지온,140410,Dec-13,-2472531,-2472531
(주)메지온,140410,Dec-14,-4916395,-4916395
(주)메지온,140410,Dec-15,-2733007,-2733007
(주)메지온,140410,Dec-16,3283997,-7220099
(주)메지온,140410,Dec-17,-3256843,-16846232
(주)메지온,140410,Dec-18,-5437285,-21925916
(주)메지온,140410,Dec-19,-5578085,-24658888
(주)메지온,140410,Dec-20,448120,-7530525
(주)메카로,241770,Dec-11,2159561,2159561
(주)메카로,241770,Dec-12,1862378,1862378
(주)메카로,241770,Dec-13,1017652,1017652
(주)메카로,241770,Dec-14,629858,629858
(주)메카로,241770,Dec-15,5593829,5593829
(주)메카로,241770,Dec-16,3098844,3098844
(주)메카로,241770,Dec-17,43388489,43388489
(주)메카로,241770,Dec-18,33741806,33825845
(주)메카로,241770,Dec-19,9772810,8560966
(주)메카로,241770,Dec-20,6114552,146870
(주)모린스,110310,Dec-11,-19033338,-19033338
(주)모린스,110310,Dec-12,-18103785,-18103785
(주)모린스,110310,Dec-13,-22495899,-22495899
(주)모바일리더,100030,Dec-11,817698,817698
(주)모바일리더,100030,Dec-12,1369847,1369847
(주)모바일리더,100030,Dec-13,2914314,3094157
(주)모바일리더,100030,Dec-14,99285,99367
(주)모바일리더,100030,Dec-15,-553387,-890492
(주)모바일리더,100030,Dec-16,659612,826320
(주)모바일리더,100030,Dec-17,580239,582066
(주)모바일리더,100030,Dec-18,-85832,3439916
(주)모바일리더,100030,Dec-19,-72790,4967887
(주)모바일리더,100030,Dec-20,-396756,4498560
(주)미성포리테크,94700,Dec-11,-13191797,-11248589
(주)바이오솔루션,86820,Dec-13,478129,478129
(주)바이오솔루션,86820,Dec-14,-2735163,-2735163
(주)바이오솔루션,86820,Dec-15,-3259477,-3259477
(주)바이오솔루션,86820,Dec-16,-3128089,-3128089
(주)바이오솔루션,86820,Dec-17,-1814728,-1814728
(주)바이오솔루션,86820,Dec-18,1083139,1083139
(주)바이오솔루션,86820,Dec-19,-1867679,-1867679
(주)바이오솔루션,86820,Dec-20,-3329875,-3329875
(주)버킷스튜디오,66410,Dec-11,731084,731084
(주)버킷스튜디오,66410,Dec-12,-6349534,-6349534
(주)버킷스튜디오,66410,Dec-13,601707,601707
(주)버킷스튜디오,66410,Dec-14,1134038,1134038
(주)버킷스튜디오,66410,Dec-15,1010238,1010238
(주)버킷스튜디오,66410,Dec-16,-4493653,-4493653
(주)버킷스튜디오,66410,Dec-17,682469,682469
(주)버킷스튜디오,66410,Dec-18,-1911376,-1911376
(주)버킷스튜디오,66410,Dec-19,831136,831136
(주)버킷스튜디오,66410,Dec-20,357443,357443
(주)부-스타,8470,Dec-11,3370670,3370670
(주)부-스타,8470,Dec-12,3345678,3345678
(주)부-스타,8470,Dec-13,3889009,3889009
(주)부-스타,8470,Dec-14,3274174,3274174
(주)부-스타,8470,Dec-15,4726903,4726903
(주)부-스타,8470,Dec-16,6492052,6492052
(주)부-스타,8470,Dec-17,3306113,3306113
(주)부-스타,8470,Dec-18,1995494,1995494
(주)부-스타,8470,Dec-19,3262120,3262120
(주)부-스타,8470,Dec-20,5883219,5883219
(주)뷰웍스,100120,Dec-11,8248593,7537269
(주)뷰웍스,100120,Dec-12,8914938,7506155
(주)뷰웍스,100120,Dec-13,13311751,12820596
(주)뷰웍스,100120,Dec-14,13465681,13256808
(주)뷰웍스,100120,Dec-15,18895686,18374748
(주)뷰웍스,100120,Dec-16,30432466,30465391
(주)뷰웍스,100120,Dec-17,28955219,28634930
(주)뷰웍스,100120,Dec-18,22660977,22559421
(주)뷰웍스,100120,Dec-19,26326144,26425918
(주)뷰웍스,100120,Dec-20,27862297,29065623
(주)브리지텍,64480,Dec-11,1169448,1169448
(주)브리지텍,64480,Dec-12,5674687,5674687
(주)브리지텍,64480,Dec-13,6456992,6456992
(주)브리지텍,64480,Dec-14,3042876,3042876
(주)브리지텍,64480,Dec-15,6232679,6232679
(주)브리지텍,64480,Dec-16,8155169,8155169
(주)브리지텍,64480,Dec-17,-4746507,-4746507
(주)브리지텍,64480,Dec-18,730230,730230
(주)브리지텍,64480,Dec-19,-3932394,-3932394
(주)브리지텍,64480,Dec-20,1717241,1717241
(주)블루젬디앤씨,53040,Dec-11,809869,1116321
(주)블루콤,33560,Dec-11,2961679,127086
(주)블루콤,33560,Dec-12,7135257,6289265
(주)블루콤,33560,Dec-13,9850503,13566289
(주)블루콤,33560,Dec-14,29571536,33536987
(주)블루콤,33560,Dec-15,32555711,32341535
(주)블루콤,33560,Dec-16,30840626,27001366
(주)블루콤,33560,Dec-17,13475658,11613925
(주)블루콤,33560,Dec-18,599479,82675
(주)블루콤,33560,Dec-19,-6853388,-12101384
(주)블루콤,33560,Dec-20,-1362684,-4186660
(주)비아트론,141000,Dec-11,10620892,10620892
(주)비아트론,141000,Dec-12,10448877,10448877
(주)비아트론,141000,Dec-13,3991619,3991619
(주)비아트론,141000,Dec-14,832740,832740
(주)비아트론,141000,Dec-15,8329362,8329362
(주)비아트론,141000,Dec-16,13940345,14020478
(주)비아트론,141000,Dec-17,21546871,20821518
(주)비아트론,141000,Dec-18,29792405,29219694
(주)비아트론,141000,Dec-19,4031823,3785365
(주)비아트론,141000,Dec-20,17080955,16717496
(주)비즈니스온커뮤니케이션,138580,Dec-13,4322509,4322509
(주)비즈니스온커뮤니케이션,138580,Dec-14,3795319,3795319
(주)비즈니스온커뮤니케이션,138580,Dec-17,5703959,5703959
(주)비즈니스온커뮤니케이션,138580,Dec-18,5676148,5676148
(주)비즈니스온커뮤니케이션,138580,Dec-19,6196229,6196229
(주)비즈니스온커뮤니케이션,138580,Dec-20,5016757,5476512
(주)비트컴퓨터,32850,Dec-11,1707692,1477513
(주)비트컴퓨터,32850,Dec-12,1643930,1329390
(주)비트컴퓨터,32850,Dec-13,1327570,1326134
(주)비트컴퓨터,32850,Dec-14,2532601,2552968
(주)비트컴퓨터,32850,Dec-15,4971646,4999964
(주)비트컴퓨터,32850,Dec-16,3610535,3493598
(주)비트컴퓨터,32850,Dec-17,4784170,4346891
(주)비트컴퓨터,32850,Dec-18,-2082239,-2169694
(주)비트컴퓨터,32850,Dec-19,6123923,6072520
(주)비트컴퓨터,32850,Dec-20,5549953,5458066
(주)삼우이엠씨,26250,Dec-11,-4435052,-3961599
(주)삼우이엠씨,26250,Dec-12,-60920875,-60809865
(주)삼일기업공사,2290,Dec-11,1425490,1425490
(주)삼일기업공사,2290,Dec-12,2553189,2553189
(주)삼일기업공사,2290,Dec-13,606778,606778
(주)삼일기업공사,2290,Dec-14,959655,959655
(주)삼일기업공사,2290,Dec-15,3242345,3242345
(주)삼일기업공사,2290,Dec-16,62897,62897
(주)삼일기업공사,2290,Dec-17,2597068,2597068
(주)삼일기업공사,2290,Dec-18,3042024,3042024
(주)삼일기업공사,2290,Dec-19,3633753,3633753
(주)삼일기업공사,2290,Dec-20,2586075,2586075
(주)삼화네트웍스,46390,Dec-11,3848478,3862071
(주)삼화네트웍스,46390,Dec-12,55443,-714981
(주)삼화네트웍스,46390,Dec-13,3417202,2865515
(주)삼화네트웍스,46390,Dec-14,-2338052,-2501196
(주)삼화네트웍스,46390,Dec-15,-2130554,-2553616
(주)삼화네트웍스,46390,Dec-16,7352057,7017526
(주)삼화네트웍스,46390,Dec-17,95811,-178463
(주)삼화네트웍스,46390,Dec-18,-3367273,-3752501
(주)삼화네트웍스,46390,Dec-19,937843,173531
(주)삼화네트웍스,46390,Dec-20,376046,-206717
(주)서부티엔디,6730,Dec-11,3237687,3237520
(주)서부티엔디,6730,Dec-12,3922185,3921823
(주)서부티엔디,6730,Dec-13,9574744,9573915
(주)서부티엔디,6730,Dec-14,10528627,10527958
(주)서부티엔디,6730,Dec-15,12125185,12125185
(주)서부티엔디,6730,Dec-16,13112723,13112723
(주)서부티엔디,6730,Dec-17,-14009032,-14009032
(주)서부티엔디,6730,Dec-18,-15420,-15420
(주)서부티엔디,6730,Dec-19,14439054,14439054
(주)서부티엔디,6730,Dec-20,-6472848,-22674450
(주)서산,79650,Dec-11,706792,7816916
(주)서산,79650,Dec-12,4603775,14052424
(주)서산,79650,Dec-13,2807346,13006633
(주)서산,79650,Dec-14,1203915,15611943
(주)서산,79650,Dec-15,1430880,21268484
(주)서산,79650,Dec-16,2872049,21964440
(주)서산,79650,Dec-17,1845512,7325835
(주)서산,79650,Dec-18,-874187,-2519429
(주)서산,79650,Dec-19,-526687,-4878862
(주)서산,79650,Dec-20,-1174767,-8391146
(주)서울리거,43710,Dec-11,556381,289273
(주)서울리거,43710,Dec-12,1404901,1142248
(주)서울리거,43710,Dec-13,-6242562,-6526329
(주)서울리거,43710,Dec-14,-6889367,-7012689
(주)서울리거,43710,Dec-15,-6899090,-6914961
(주)서울리거,43710,Dec-16,225009,-259557
(주)서울리거,43710,Dec-17,-1217813,-1514798
(주)서울리거,43710,Dec-18,1358151,-217603
(주)서울리거,43710,Dec-19,-3569981,-8741445
(주)서울리거,43710,Dec-20,-14454053,-30106553
(주)세진티에스,67770,Dec-11,750340,1814848
(주)세진티에스,67770,Dec-12,-3449912,-1303435
(주)세진티에스,67770,Dec-13,-2988071,-4887299
(주)세진티에스,67770,Dec-14,115510,374765
(주)세진티에스,67770,Dec-15,-3062867,-3580360
(주)세진티에스,67770,Dec-16,175970,-723245
(주)세진티에스,67770,Dec-17,-1924867,-2428928
(주)세진티에스,67770,Dec-18,-1555888,-1435741
(주)세진티에스,67770,Dec-19,-557312,-252119
(주)세진티에스,67770,Dec-20,1936157,4629442
(주)셀바스에이아이,108860,Dec-11,-257719,-55901
(주)셀바스에이아이,108860,Dec-12,2073430,2073430
(주)셀바스에이아이,108860,Dec-13,6460323,6460323
(주)셀바스에이아이,108860,Dec-14,561195,-135206
(주)셀바스에이아이,108860,Dec-15,-2134268,-671123
(주)셀바스에이아이,108860,Dec-16,-1156225,-8415579
(주)셀바스에이아이,108860,Dec-17,917804,561995
(주)셀바스에이아이,108860,Dec-18,-3328286,-17058781
(주)셀바스에이아이,108860,Dec-19,-2159214,-6175156
(주)셀바스에이아이,108860,Dec-20,-2677907,-1530056
(주)쇼박스,86980,Dec-11,-5508908,-7662418
(주)쇼박스,86980,Dec-12,9683527,9711757
(주)쇼박스,86980,Dec-13,5414915,6333254
(주)쇼박스,86980,Dec-14,1811446,1768992
(주)쇼박스,86980,Dec-15,14430843,14059518
(주)쇼박스,86980,Dec-16,15652435,15295422
(주)쇼박스,86980,Dec-17,10711351,10397090
(주)쇼박스,86980,Dec-18,5477932,5242483
(주)쇼박스,86980,Dec-19,2314658,1942204
(주)쇼박스,86980,Dec-20,-1602935,-1951899
(주)수산아이앤티,50960,Dec-11,6672784,6672784
(주)수산아이앤티,50960,Dec-12,6635951,6635951
(주)수산아이앤티,50960,Dec-13,7111164,7111164
(주)수산아이앤티,50960,Dec-14,5978819,5978819
(주)수산아이앤티,50960,Dec-15,4414222,4414222
(주)수산아이앤티,50960,Dec-16,5602614,5602614
(주)수산아이앤티,50960,Dec-17,4366499,4366499
(주)수산아이앤티,50960,Dec-18,2650138,2650138
(주)수산아이앤티,50960,Dec-19,2789717,2789717
(주)수산아이앤티,50960,Dec-20,4555559,2961938
(주)슈프리마,236200,Dec-15,0,0
(주)슈프리마,236200,Dec-16,10811513,10776647
(주)슈프리마,236200,Dec-17,12501744,12407697
(주)슈프리마,236200,Dec-18,12039104,12186036
(주)슈프리마,236200,Dec-19,25152401,24565178
(주)슈프리마,236200,Dec-20,11227752,10635728
(주)슈프리마에이치큐,94840,Dec-11,5627834,5513673
(주)슈프리마에이치큐,94840,Dec-12,16239307,17408864
(주)슈프리마에이치큐,94840,Dec-13,15231041,15408473
(주)슈프리마에이치큐,94840,Dec-14,17329935,17676413
(주)슈프리마에이치큐,94840,Dec-15,-153311,349544
(주)슈프리마에이치큐,94840,Dec-16,1841208,3635326
(주)슈프리마에이치큐,94840,Dec-17,1442462,3709397
(주)슈프리마에이치큐,94840,Dec-18,2108650,7256728
(주)슈프리마에이치큐,94840,Dec-19,1693500,2017918
(주)슈프리마에이치큐,94840,Dec-20,4687299,4315134
(주)스마트솔루션즈,136510,Dec-11,4251707,4251707
(주)스마트솔루션즈,136510,Dec-12,-1839468,-1839468
(주)스마트솔루션즈,136510,Dec-13,1602387,1602387
(주)스마트솔루션즈,136510,Dec-14,-778304,-792910
(주)스마트솔루션즈,136510,Dec-15,406549,327550
(주)스마트솔루션즈,136510,Dec-16,1434541,1025104
(주)스마트솔루션즈,136510,Dec-17,3572891,3346492
(주)스마트솔루션즈,136510,Dec-18,-463218,-669275
(주)스마트솔루션즈,136510,Dec-19,-7500268,-7782689
(주)스마트솔루션즈,136510,Dec-20,-7094632,-7365694
(주)스카이문스테크놀로지,33790,Dec-11,-1203299,-1203299
(주)스카이문스테크놀로지,33790,Dec-12,-3008997,-3008997
(주)스카이문스테크놀로지,33790,Dec-13,-1751577,-1751577
(주)스카이문스테크놀로지,33790,Dec-14,874710,874710
(주)스카이문스테크놀로지,33790,Dec-15,-342391,-342391
(주)스카이문스테크놀로지,33790,Dec-16,-2233925,-2233925
(주)스카이문스테크놀로지,33790,Dec-17,-3667686,-4294142
(주)스카이문스테크놀로지,33790,Dec-18,-2632302,-5414744
(주)스카이문스테크놀로지,33790,Dec-19,-10511246,-10511246
(주)스카이문스테크놀로지,33790,Dec-20,-1460760,-1460760
(주)승일,49830,Dec-11,4206803,4206803
(주)승일,49830,Dec-12,5891425,5891425
(주)승일,49830,Dec-13,7740194,7740194
(주)승일,49830,Dec-14,8391366,8391366
(주)승일,49830,Dec-15,7476622,7476622
(주)승일,49830,Dec-16,5733722,5733722
(주)승일,49830,Dec-17,3746791,3746791
(주)승일,49830,Dec-18,2222744,2222744
(주)승일,49830,Dec-19,-1379747,-1379747
(주)승일,49830,Dec-20,320444,320444
(주)시공테크,20710,Dec-11,10517108,11223687
(주)시공테크,20710,Dec-12,4214616,5196677
(주)시공테크,20710,Dec-13,-13706,36200
(주)시공테크,20710,Dec-14,3312919,4079333
(주)시공테크,20710,Dec-15,-195428,-123115
(주)시공테크,20710,Dec-16,-6978687,-8558204
(주)시공테크,20710,Dec-17,14939085,14857097
(주)시공테크,20710,Dec-18,-5387972,-4720704
(주)시공테크,20710,Dec-19,7189829,8014565
(주)시공테크,20710,Dec-20,4425693,4827477
(주)시큐브,131090,Dec-11,3371919,3371919
(주)시큐브,131090,Dec-12,3465967,3465967
(주)시큐브,131090,Dec-13,1353104,1353104
(주)시큐브,131090,Dec-14,-413316,-413316
(주)시큐브,131090,Dec-15,1643589,1643589
(주)시큐브,131090,Dec-16,2269659,2212139
(주)시큐브,131090,Dec-17,2873124,2785786
(주)시큐브,131090,Dec-18,2316342,2301011
(주)시큐브,131090,Dec-19,5090925,5050031
(주)시큐브,131090,Dec-20,4231244,4213641
(주)쎄니트,37760,Dec-11,-1899480,-2505496
(주)쎄니트,37760,Dec-12,1491877,2354937
(주)쎄니트,37760,Dec-13,1352705,4091186
(주)쎄니트,37760,Dec-14,2317834,6460810
(주)쎄니트,37760,Dec-15,3851158,9424702
(주)쎄니트,37760,Dec-16,3726865,10439339
(주)쎄니트,37760,Dec-17,1995551,8561114
(주)쎄니트,37760,Dec-18,2653503,6216501
(주)쎄니트,37760,Dec-19,4526005,5748267
(주)쎄니트,37760,Dec-20,-1841531,-1016696
(주)쎌바이오텍,49960,Dec-11,5611044,5740373
(주)쎌바이오텍,49960,Dec-12,6545160,6534906
(주)쎌바이오텍,49960,Dec-13,10505019,9391588
(주)쎌바이오텍,49960,Dec-14,14616720,12905528
(주)쎌바이오텍,49960,Dec-15,19214527,18758808
(주)쎌바이오텍,49960,Dec-16,21126351,21561008
(주)쎌바이오텍,49960,Dec-17,23753054,22632703
(주)쎌바이오텍,49960,Dec-18,22816116,21674844
(주)쎌바이오텍,49960,Dec-19,7295863,5794687
(주)쎌바이오텍,49960,Dec-20,3564939,3667167
(주)씨에스,65770,Dec-11,-6813358,-5129161
(주)씨에스,65770,Dec-12,-6137960,-644080
(주)씨에스,65770,Dec-13,-8884053,-13575650
(주)씨에스,65770,Dec-14,6155158,2218533
(주)씨에스,65770,Dec-15,-8365944,-9895441
(주)씨에스,65770,Dec-16,-306858,-328333
(주)씨에스,65770,Dec-17,1885747,1863534
(주)씨에스,65770,Dec-18,2280067,2284328
(주)씨에스,65770,Dec-19,-720657,-917978
(주)씨에스,65770,Dec-20,413260,364597
(주)씨티앤티,50470,Dec-11,-18460610,-18460610
(주)씨티케이,260930,Dec-16,26705519,26705519
(주)씨티케이,260930,Dec-17,24808902,24443199
(주)씨티케이,260930,Dec-18,8207466,5225073
(주)씨티케이,260930,Dec-19,9421030,3950194
(주)씨티케이,260930,Dec-20,8155820,527502
(주)아나패스,123860,Dec-11,18327372,18327372
(주)아나패스,123860,Dec-12,18026047,18026047
(주)아나패스,123860,Dec-13,12355246,12355246
(주)아나패스,123860,Dec-14,23196897,23196897
(주)아나패스,123860,Dec-15,10401909,10401909
(주)아나패스,123860,Dec-16,7192156,7192156
(주)아나패스,123860,Dec-17,4982208,4982208
(주)아나패스,123860,Dec-18,-8017869,-8017869
(주)아나패스,123860,Dec-19,-23615808,-23615808
(주)아나패스,123860,Dec-20,-22426677,-22426677
(주)아바코,83930,Dec-11,10155869,9975072
(주)아바코,83930,Dec-12,-1030849,-909687
(주)아바코,83930,Dec-13,9611751,9493325
(주)아바코,83930,Dec-14,8857328,8881229
(주)아바코,83930,Dec-15,8894685,9563140
(주)아바코,83930,Dec-16,12854915,12174690
(주)아바코,83930,Dec-17,3077211,1796827
(주)아바코,83930,Dec-18,21760733,22867315
(주)아바코,83930,Dec-19,23390716,23336512
(주)아바코,83930,Dec-20,23607321,23075492
(주)아바텍,149950,Dec-11,4568909,6317818
(주)아바텍,149950,Dec-12,18689394,19804201
(주)아바텍,149950,Dec-13,17050516,18408008
(주)아바텍,149950,Dec-14,28067898,29692063
(주)아바텍,149950,Dec-15,10375105,9809339
(주)아바텍,149950,Dec-16,11714288,10662936
(주)아바텍,149950,Dec-17,16033013,15889073
(주)아바텍,149950,Dec-18,5564954,5564954
(주)아바텍,149950,Dec-19,5431636,5431636
(주)아바텍,149950,Dec-20,3699320,3699320
(주)아이디스,143160,Dec-11,14181485,13773259
(주)아이디스,143160,Dec-12,32603009,31852417
(주)아이디스,143160,Dec-13,20052297,19615726
(주)아이디스,143160,Dec-14,10449159,9263553
(주)아이디스,143160,Dec-15,16881690,13557769
(주)아이디스,143160,Dec-16,5010814,-1201336
(주)아이디스,143160,Dec-17,-5883889,-4927418
(주)아이디스,143160,Dec-18,1392547,262504
(주)아이디스,143160,Dec-19,3922661,3305340
(주)아이디스,143160,Dec-20,17502288,14296105
(주)아이앤씨테크놀로지,52860,Dec-11,9834428,9834428
(주)아이앤씨테크놀로지,52860,Dec-12,-1516145,-2858096
(주)아이앤씨테크놀로지,52860,Dec-13,-6101621,-9163126
(주)아이앤씨테크놀로지,52860,Dec-14,-9645078,-11653285
(주)아이앤씨테크놀로지,52860,Dec-15,-6219516,-7330264
(주)아이앤씨테크놀로지,52860,Dec-16,988964,479753
(주)아이앤씨테크놀로지,52860,Dec-17,6001155,6933939
(주)아이앤씨테크놀로지,52860,Dec-18,2045920,1828941
(주)아이앤씨테크놀로지,52860,Dec-19,3342861,4303605
(주)아이앤씨테크놀로지,52860,Dec-20,-6337561,-5603390
(주)아이엠비씨,52220,Dec-11,4724478,4724478
(주)아이엠비씨,52220,Dec-12,2601938,2601938
(주)아이엠비씨,52220,Dec-13,3553876,3553876
(주)아이엠비씨,52220,Dec-14,1192708,1146515
(주)아이엠비씨,52220,Dec-15,1673522,536471
(주)아이엠비씨,52220,Dec-16,2589484,1909834
(주)아이엠비씨,52220,Dec-17,194195,143550
(주)아이엠비씨,52220,Dec-18,894631,937817
(주)아이엠비씨,52220,Dec-19,1544521,1726916
(주)아이엠비씨,52220,Dec-20,700121,1118515
(주)아프리카티비,67160,Dec-11,3611652,3567026
(주)아프리카티비,67160,Dec-12,1019746,1019746
(주)아프리카티비,67160,Dec-13,5031604,4435772
(주)아프리카티비,67160,Dec-14,7002323,5561600
(주)아프리카티비,67160,Dec-15,10950305,7634442
(주)아프리카티비,67160,Dec-16,19296962,16020097
(주)아프리카티비,67160,Dec-17,20893080,18322967
(주)아프리카티비,67160,Dec-18,31036176,27123250
(주)아프리카티비,67160,Dec-19,42024821,36725813
(주)아프리카티비,67160,Dec-20,57077737,50413528
(주)안랩,53800,Dec-11,10258030,7983693
(주)안랩,53800,Dec-12,13291083,12828939
(주)안랩,53800,Dec-13,5431159,3943941
(주)안랩,53800,Dec-14,11071399,9019567
(주)안랩,53800,Dec-15,12170117,11961814
(주)안랩,53800,Dec-16,15106992,15243902
(주)안랩,53800,Dec-17,16939039,16742127
(주)안랩,53800,Dec-18,17818507,17701123
(주)안랩,53800,Dec-19,18036355,18423513
(주)안랩,53800,Dec-20,19832099,19977449
(주)안트로젠,65660,Dec-14,-1585661,-1585661
(주)안트로젠,65660,Dec-15,-120728,-120728
(주)안트로젠,65660,Dec-16,120715,120715
(주)안트로젠,65660,Dec-17,195957,195957
(주)안트로젠,65660,Dec-18,-2443212,-2443212
(주)안트로젠,65660,Dec-19,-2907881,-2907881
(주)안트로젠,65660,Dec-20,-3713709,-3713709
(주)액션스퀘어,205500,Dec-14,,
(주)액션스퀘어,205500,Dec-15,-2476847,-2476847
(주)액션스퀘어,205500,Dec-16,-11423453,-11423453
(주)액션스퀘어,205500,Dec-17,-10773996,-10796217
(주)액션스퀘어,205500,Dec-18,-10630730,-10852419
(주)액션스퀘어,205500,Dec-19,-2339273,-8228878
(주)액션스퀘어,205500,Dec-20,1251540,-1851301
(주)액토즈소프트,52790,Dec-11,19460903,16089503
(주)액토즈소프트,52790,Dec-12,21809218,14818596
(주)액토즈소프트,52790,Dec-13,20022464,23199605
(주)액토즈소프트,52790,Dec-14,110396,-13368056
(주)액토즈소프트,52790,Dec-15,16871224,5082913
(주)액토즈소프트,52790,Dec-16,13685602,10882396
(주)액토즈소프트,52790,Dec-17,9427815,6643079
(주)액토즈소프트,52790,Dec-18,339028,-1075482
(주)액토즈소프트,52790,Dec-19,28374658,25654108
(주)액토즈소프트,52790,Dec-20,19177304,17854204
(주)얼라인드제네틱스,238120,Dec-15,-351041,-357402
(주)얼라인드제네틱스,238120,Dec-16,-1321554,-1596922
(주)얼라인드제네틱스,238120,Dec-17,-905677,-1541047
(주)얼라인드제네틱스,238120,Dec-18,-1516744,-1923886
(주)얼라인드제네틱스,238120,Dec-19,-666068,-398924
(주)얼라인드제네틱스,238120,Dec-20,-267849,-253476
(주)에너토크,19990,Dec-11,3873917,3873917
(주)에너토크,19990,Dec-12,4657660,4657660
(주)에너토크,19990,Dec-13,3453186,3453186
(주)에너토크,19990,Dec-14,3622448,3622448
(주)에너토크,19990,Dec-15,2831818,2831818
(주)에너토크,19990,Dec-16,2123485,2092001
(주)에너토크,19990,Dec-17,487820,300591
(주)에너토크,19990,Dec-18,1872446,1449910
(주)에너토크,19990,Dec-19,895871,220375
(주)에너토크,19990,Dec-20,853835,373055
(주)에스디시스템,121890,Dec-11,-2792487,-2792487
(주)에스디시스템,121890,Dec-12,532650,532650
(주)에스디시스템,121890,Dec-13,-4453622,-4453622
(주)에스디시스템,121890,Dec-14,2223146,2223146
(주)에스디시스템,121890,Dec-15,2816491,2816491
(주)에스디시스템,121890,Dec-16,-7320516,-7320516
(주)에스디시스템,121890,Dec-17,-7518695,-7518695
(주)에스디시스템,121890,Dec-18,-4614725,-4614725
(주)에스디시스템,121890,Dec-19,-4293482,-4293482
(주)에스디시스템,121890,Dec-20,-916924,-916924
(주)에스비에스콘텐츠허브,46140,Dec-11,30840302,30704347
(주)에스비에스콘텐츠허브,46140,Dec-12,27923129,27817473
(주)에스비에스콘텐츠허브,46140,Dec-13,28187830,28199263
(주)에스비에스콘텐츠허브,46140,Dec-14,13353464,13206743
(주)에스비에스콘텐츠허브,46140,Dec-15,11538764,11282617
(주)에스비에스콘텐츠허브,46140,Dec-16,14415784,14307966
(주)에스비에스콘텐츠허브,46140,Dec-17,595453,134745
(주)에스비에스콘텐츠허브,46140,Dec-18,4412530,3223754
(주)에스비에스콘텐츠허브,46140,Dec-19,1359112,1924267
(주)에스비에스콘텐츠허브,46140,Dec-20,6700114,7236537
(주)에스씨디,42110,Dec-11,654158,654158
(주)에스씨디,42110,Dec-12,1517352,1517352
(주)에스씨디,42110,Dec-13,6180471,6180471
(주)에스씨디,42110,Dec-14,9632770,9632770
(주)에스씨디,42110,Dec-15,11559924,11288504
(주)에스씨디,42110,Dec-16,8381498,9765189
(주)에스씨디,42110,Dec-17,6275263,7676352
(주)에스씨디,42110,Dec-18,2075550,4937507
(주)에스씨디,42110,Dec-19,930636,3477841
(주)에스씨디,42110,Dec-20,3682002,5214626
(주)에스앤더블류,103230,Dec-11,1105655,1105655
(주)에스앤더블류,103230,Dec-12,510059,510059
(주)에스앤더블류,103230,Dec-13,-769687,-769687
(주)에스앤더블류,103230,Dec-14,72465,72465
(주)에스앤더블류,103230,Dec-15,104946,104946
(주)에스앤더블류,103230,Dec-16,-2065391,-2065391
(주)에스앤더블류,103230,Dec-17,-4625048,-4625048
(주)에스앤더블류,103230,Dec-18,-8324956,-8324956
(주)에스앤더블류,103230,Dec-19,-2208123,-2208123
(주)에스앤더블류,103230,Dec-20,-858249,-858249
(주)에스에스컴텍,36500,Dec-11,1258659,9008782
(주)에스에스컴텍,36500,Dec-12,-1448180,10527571
(주)에스에스컴텍,36500,Dec-13,-9903811,7582225
(주)에스에스컴텍,36500,Dec-14,-7194052,-776771
(주)에스에스컴텍,36500,Dec-15,-1852195,-5114326
(주)에스에스컴텍,36500,Dec-16,-15851259,-13212371
(주)에스에프에이,56190,Dec-11,94685534,108491971
(주)에스에프에이,56190,Dec-12,64472600,70027978
(주)에스에프에이,56190,Dec-13,57995098,64585752
(주)에스에프에이,56190,Dec-14,38746750,45749802
(주)에스에프에이,56190,Dec-15,51288792,58009392
(주)에스에프에이,56190,Dec-16,104677932,120809125
(주)에스에프에이,56190,Dec-17,192000827,236087843
(주)에스에프에이,56190,Dec-18,177216844,234357264
(주)에스에프에이,56190,Dec-19,155928931,214205322
(주)에스에프에이,56190,Dec-20,105731890,167333325
(주)에이스침대,3800,Dec-11,42716184,42751075
(주)에이스침대,3800,Dec-12,37759016,37184352
(주)에이스침대,3800,Dec-13,29764670,29183079
(주)에이스침대,3800,Dec-14,27616674,27231747
(주)에이스침대,3800,Dec-15,34881993,34367891
(주)에이스침대,3800,Dec-16,36368423,35793776
(주)에이스침대,3800,Dec-17,32369274,31438354
(주)에이스침대,3800,Dec-18,40257678,40257678
(주)에이스침대,3800,Dec-19,49912426,49912426
(주)에이스침대,3800,Dec-20,50354816,49322757
(주)에이치엘사이언스,239610,Dec-13,1836857,1836857
(주)에이치엘사이언스,239610,Dec-14,2640511,2640511
(주)에이치엘사이언스,239610,Dec-15,2975679,2975679
(주)에이치엘사이언스,239610,Dec-16,6834131,6834131
(주)에이치엘사이언스,239610,Dec-17,5332778,5332778
(주)에이치엘사이언스,239610,Dec-18,12248794,12248794
(주)에이치엘사이언스,239610,Dec-19,23683938,23683938
(주)에이치엘사이언스,239610,Dec-20,23629399,23629399
(주)에이텍티앤,224110,Dec-15,974347,974347
(주)에이텍티앤,224110,Dec-16,718009,718009
(주)에이텍티앤,224110,Dec-17,2267050,3706055
(주)에이텍티앤,224110,Dec-18,1153583,7800341
(주)에이텍티앤,224110,Dec-19,265182,5153387
(주)에이텍티앤,224110,Dec-20,1657343,4747070
(주)에코마케팅,230360,Dec-13,4677739,4677739
(주)에코마케팅,230360,Dec-14,7338271,7338271
(주)에코마케팅,230360,Dec-15,10230592,10216670
(주)에코마케팅,230360,Dec-16,6833751,6829861
(주)에코마케팅,230360,Dec-17,7742483,7886231
(주)에코마케팅,230360,Dec-18,15131833,16864197
(주)에코마케팅,230360,Dec-19,23560902,37837722
(주)에코마케팅,230360,Dec-20,34493158,58860908
(주)에프알텍,73540,Dec-11,-1668104,-1668104
(주)에프알텍,73540,Dec-12,10332164,10332164
(주)에프알텍,73540,Dec-13,9287754,9287754
(주)에프알텍,73540,Dec-14,2785787,2274811
(주)에프알텍,73540,Dec-15,453261,-458688
(주)에프알텍,73540,Dec-16,-4049904,-5082182
(주)에프알텍,73540,Dec-17,-4345944,-5821635
(주)에프알텍,73540,Dec-18,-1392683,-2923569
(주)에프알텍,73540,Dec-19,567556,-1151108
(주)에프알텍,73540,Dec-20,38622,-1267978
(주)에피밸리,68630,Dec-11,-26875879,-26875879
(주)엔에이치엔벅스,104200,Dec-11,1848090,1773829
(주)엔에이치엔벅스,104200,Dec-12,-3673377,-3674693
(주)엔에이치엔벅스,104200,Dec-13,3852652,3852652
(주)엔에이치엔벅스,104200,Dec-14,9216946,9216946
(주)엔에이치엔벅스,104200,Dec-15,7148659,7148659
(주)엔에이치엔벅스,104200,Dec-16,-3524430,-4154115
(주)엔에이치엔벅스,104200,Dec-17,-5119866,-5964434
(주)엔에이치엔벅스,104200,Dec-18,6627620,5942234
(주)엔에이치엔벅스,104200,Dec-19,8469954,7026142
(주)엔에이치엔벅스,104200,Dec-20,4090234,1462570
(주)엔이능률,53290,Dec-11,4752882,4538544
(주)엔이능률,53290,Dec-12,1551243,1695299
(주)엔이능률,53290,Dec-13,6346573,6422396
(주)엔이능률,53290,Dec-14,8578557,8516430
(주)엔이능률,53290,Dec-15,9616334,9234805
(주)엔이능률,53290,Dec-16,7761481,7673050
(주)엔이능률,53290,Dec-17,2629103,2693662
(주)엔이능률,53290,Dec-18,-2218942,-2218942
(주)엔이능률,53290,Dec-19,2940371,2940371
(주)엔이능률,53290,Dec-20,2537197,2537197
(주)엔케이맥스,182400,Dec-12,446669,446669
(주)엔케이맥스,182400,Dec-13,-2814909,-2814909
(주)엔케이맥스,182400,Dec-14,-3292487,-5066416
(주)엔케이맥스,182400,Dec-15,-4296536,-6377731
(주)엔케이맥스,182400,Dec-16,-5752244,-7910436
(주)엔케이맥스,182400,Dec-17,-13655428,-15980480
(주)엔케이맥스,182400,Dec-18,-11550384,-14433628
(주)엔케이맥스,182400,Dec-19,-14458922,-24085960
(주)엔케이맥스,182400,Dec-20,-19841702,-41196828
(주)엔텔스,69410,Dec-11,6748496,6748496
(주)엔텔스,69410,Dec-12,7078142,7093157
(주)엔텔스,69410,Dec-13,7501379,7601264
(주)엔텔스,69410,Dec-14,3726392,3978867
(주)엔텔스,69410,Dec-15,-3322527,-3503243
(주)엔텔스,69410,Dec-16,264402,255834
(주)엔텔스,69410,Dec-17,-1877853,-1765585
(주)엔텔스,69410,Dec-18,1450429,1694294
(주)엔텔스,69410,Dec-19,2755294,2783299
(주)엔텔스,69410,Dec-20,4237499,4272903
(주)엘디티,96870,Dec-11,2970343,2970343
(주)엘디티,96870,Dec-12,806558,806558
(주)엘디티,96870,Dec-13,-3101706,-3101706
(주)엘디티,96870,Dec-14,-3409290,-3409290
(주)엘디티,96870,Dec-15,240850,240850
(주)엘디티,96870,Dec-16,-1449436,-1449436
(주)엘디티,96870,Dec-17,-989016,-989016
(주)엘디티,96870,Dec-18,270171,270171
(주)엘디티,96870,Dec-19,-1334886,-1334886
(주)엘디티,96870,Dec-20,1553260,1553260
(주)엘엑스세미콘,108320,Dec-11,25252668,24823199
(주)엘엑스세미콘,108320,Dec-12,44302154,43554849
(주)엘엑스세미콘,108320,Dec-13,34189134,33239538
(주)엘엑스세미콘,108320,Dec-14,36064626,35687872
(주)엘엑스세미콘,108320,Dec-15,55781281,55883068
(주)엘엑스세미콘,108320,Dec-16,50500043,50617456
(주)엘엑스세미콘,108320,Dec-17,44713714,45521509
(주)엘엑스세미콘,108320,Dec-18,55686047,55797059
(주)엘엑스세미콘,108320,Dec-19,46810862,47254628
(주)엘엑스세미콘,108320,Dec-20,93723261,94226639
(주)엘오티베큠,83310,Dec-11,4848424,4721623
(주)엘오티베큠,83310,Dec-12,4098056,4937143
(주)엘오티베큠,83310,Dec-13,2878607,3641745
(주)엘오티베큠,83310,Dec-14,4630154,5699051
(주)엘오티베큠,83310,Dec-15,13727947,10278633
(주)엘오티베큠,83310,Dec-16,5943507,8579382
(주)엘오티베큠,83310,Dec-17,24655479,27651455
(주)엘오티베큠,83310,Dec-18,12710502,18952177
(주)엘오티베큠,83310,Dec-19,-252393,-1029203
(주)엘오티베큠,83310,Dec-20,3145643,4160560
(주)엠투아이코퍼레이션,347890,Dec-11,2646684,2646684
(주)엠투아이코퍼레이션,347890,Dec-12,2859110,2859110
(주)엠투아이코퍼레이션,347890,Dec-13,2969422,2969422
(주)엠투아이코퍼레이션,347890,Dec-14,2861657,2861657
(주)엠투아이코퍼레이션,347890,Dec-15,3143151,3143151
(주)엠투아이코퍼레이션,347890,Dec-16,3098714,3098714
(주)엠투아이코퍼레이션,347890,Dec-17,6073070,6073070
(주)엠투아이코퍼레이션,347890,Dec-18,5187737,5187737
(주)엠투아이코퍼레이션,347890,Dec-19,6669529,6669529
(주)엠투아이코퍼레이션,347890,Dec-20,10825034,10825034
(주)오리콤,10470,Dec-11,8129115,8632183
(주)오리콤,10470,Dec-12,7682586,7832603
(주)오리콤,10470,Dec-13,3910759,3995356
(주)오리콤,10470,Dec-14,2971639,3188981
(주)오리콤,10470,Dec-15,2615622,2978608
(주)오리콤,10470,Dec-16,3407646,6153856
(주)오리콤,10470,Dec-17,3977229,6435322
(주)오리콤,10470,Dec-18,7656835,10734188
(주)오리콤,10470,Dec-19,4874917,7955798
(주)오리콤,10470,Dec-20,-143196,1032713
(주)옵투스제약,131030,Dec-11,,
(주)옵투스제약,131030,Dec-12,,
(주)옵투스제약,131030,Dec-13,6791862,6791862
(주)옵투스제약,131030,Dec-14,9138495,9138495
(주)옵투스제약,131030,Dec-15,10318708,10318708
(주)옵투스제약,131030,Dec-16,11380746,11380746
(주)옵투스제약,131030,Dec-17,12615805,12615805
(주)옵투스제약,131030,Dec-18,10715330,10715330
(주)옵투스제약,131030,Dec-19,15188582,15188582
(주)옵투스제약,131030,Dec-20,15507639,15507639
(주)와이즈파워,40670,Dec-11,-2691732,-3561637
(주)와이즈파워,40670,Dec-12,-4398426,-14387100
(주)와이즈파워,40670,Dec-13,-3151637,-3988139
(주)와이즈파워,40670,Dec-14,242415,-145242
(주)와이지-원,19210,Dec-11,35010715,44063871
(주)와이지-원,19210,Dec-12,34620442,35527654
(주)와이지-원,19210,Dec-13,15533506,22365509
(주)와이지-원,19210,Dec-14,31123029,31710774
(주)와이지-원,19210,Dec-15,34382788,39378654
(주)와이지-원,19210,Dec-16,36611841,41758471
(주)와이지-원,19210,Dec-17,51287311,59328729
(주)와이지-원,19210,Dec-18,39848022,45703193
(주)와이지-원,19210,Dec-19,23287035,13166691
(주)와이지-원,19210,Dec-20,5821661,-15829096
(주)와이지엔터테인먼트,122870,Dec-11,15403257,17756089
(주)와이지엔터테인먼트,122870,Dec-12,18544673,21465923
(주)와이지엔터테인먼트,122870,Dec-13,18536695,22161534
(주)와이지엔터테인먼트,122870,Dec-14,17945214,21905156
(주)와이지엔터테인먼트,122870,Dec-15,23261074,21811699
(주)와이지엔터테인먼트,122870,Dec-16,29279883,31919019
(주)와이지엔터테인먼트,122870,Dec-17,25840672,24157603
(주)와이지엔터테인먼트,122870,Dec-18,8889259,9597333
(주)와이지엔터테인먼트,122870,Dec-19,7588999,883957
(주)와이지엔터테인먼트,122870,Dec-20,7739747,5993838
(주)우전,52270,Dec-11,19971390,33550352
(주)우전,52270,Dec-12,11310607,22533834
(주)우전,52270,Dec-13,5451392,20899284
(주)우전,52270,Dec-14,-19305076,-48885134
(주)우전,52270,Dec-15,-4874409,-48682164
(주)우전,52270,Dec-16,-6618449,-37811078
(주)원익피앤이,131390,Dec-11,6382797,6382797
(주)원익피앤이,131390,Dec-12,5003397,5003397
(주)원익피앤이,131390,Dec-13,870082,870082
(주)원익피앤이,131390,Dec-14,-907833,-1330260
(주)원익피앤이,131390,Dec-15,2253073,1951190
(주)원익피앤이,131390,Dec-16,3629387,3964944
(주)원익피앤이,131390,Dec-17,8152508,8777556
(주)원익피앤이,131390,Dec-18,11239526,11750088
(주)원익피앤이,131390,Dec-19,16951548,17764701
(주)원익피앤이,131390,Dec-20,20141057,20622864
(주)위메이드,112040,Dec-11,23593113,20432282
(주)위메이드,112040,Dec-12,11161422,-1973155
(주)위메이드,112040,Dec-13,15153829,12342019
(주)위메이드,112040,Dec-14,-13496152,-31458638
(주)위메이드,112040,Dec-15,2159368,-11658667
(주)위메이드,112040,Dec-16,13850316,4130726
(주)위메이드,112040,Dec-17,14600084,5975220
(주)위메이드,112040,Dec-18,3128725,-36162085
(주)위메이드,112040,Dec-19,765905,-9330257
(주)위메이드,112040,Dec-20,-9080992,-12838601
(주)위메이드맥스,101730,Dec-11,1167325,3937903
(주)위메이드맥스,101730,Dec-12,-5768727,-1621833
(주)위메이드맥스,101730,Dec-13,-8137280,18103737
(주)위메이드맥스,101730,Dec-14,-5326130,-4712556
(주)위메이드맥스,101730,Dec-15,-9243764,-7888979
(주)위메이드맥스,101730,Dec-16,1828899,-4050354
(주)위메이드맥스,101730,Dec-17,298528,-8332096
(주)위메이드맥스,101730,Dec-18,-4960132,-13202501
(주)위메이드맥스,101730,Dec-19,-7217615,-10955552
(주)위메이드맥스,101730,Dec-20,-6658915,-5176976
(주)위메이드플레이,123420,Dec-11,,
(주)위메이드플레이,123420,Dec-12,,
(주)위메이드플레이,123420,Dec-13,17323331,17323331
(주)위메이드플레이,123420,Dec-14,61166423,60991089
(주)위메이드플레이,123420,Dec-15,24940406,25510448
(주)위메이드플레이,123420,Dec-16,15613799,17423046
(주)위메이드플레이,123420,Dec-17,11003602,12520686
(주)위메이드플레이,123420,Dec-18,7924651,8557119
(주)위메이드플레이,123420,Dec-19,892081,2762398
(주)위메이드플레이,123420,Dec-20,8619029,12984964
(주)윈스,136540,Dec-11,7963169,7963169
(주)윈스,136540,Dec-12,16202429,16202429
(주)윈스,136540,Dec-13,12431366,12431366
(주)윈스,136540,Dec-14,6268706,6268706
(주)윈스,136540,Dec-15,8017668,8017668
(주)윈스,136540,Dec-16,8455188,8455188
(주)윈스,136540,Dec-17,8092240,7460711
(주)윈스,136540,Dec-18,10560359,10922393
(주)윈스,136540,Dec-19,13470386,15393560
(주)윈스,136540,Dec-20,18290829,18725372
(주)유라테크,48430,Dec-11,1538391,1538391
(주)유라테크,48430,Dec-12,10706016,11148661
(주)유라테크,48430,Dec-13,5709482,9495818
(주)유라테크,48430,Dec-14,2597618,8463637
(주)유라테크,48430,Dec-15,3106236,8247025
(주)유라테크,48430,Dec-16,6413832,9002102
(주)유라테크,48430,Dec-17,197472,1372164
(주)유라테크,48430,Dec-18,-984402,434304
(주)유라테크,48430,Dec-19,1231586,2232743
(주)유라테크,48430,Dec-20,-1716979,-2052450
(주)유비케어,32620,Dec-11,2272626,3174065
(주)유비케어,32620,Dec-12,1786596,559920
(주)유비케어,32620,Dec-13,1982915,362888
(주)유비케어,32620,Dec-14,4913345,4656454
(주)유비케어,32620,Dec-15,4460847,4533537
(주)유비케어,32620,Dec-16,6339603,6339603
(주)유비케어,32620,Dec-17,7723433,7507284
(주)유비케어,32620,Dec-18,8171913,9158210
(주)유비케어,32620,Dec-19,9969188,12354231
(주)유비케어,32620,Dec-20,10762588,13409069
(주)유비쿼스,264450,Dec-17,13791450,13791450
(주)유비쿼스,264450,Dec-18,16690313,16690313
(주)유비쿼스,264450,Dec-19,12218124,12218124
(주)유비쿼스,264450,Dec-20,18961066,18961066
(주)유비쿼스홀딩스,78070,Dec-11,14335096,13455205
(주)유비쿼스홀딩스,78070,Dec-12,13584530,12272973
(주)유비쿼스홀딩스,78070,Dec-13,21309167,20619369
(주)유비쿼스홀딩스,78070,Dec-14,20992764,21391943
(주)유비쿼스홀딩스,78070,Dec-15,28730938,29506190
(주)유비쿼스홀딩스,78070,Dec-16,21341690,24293236
(주)유비쿼스홀딩스,78070,Dec-17,2311415,1566269
(주)유비쿼스홀딩스,78070,Dec-18,2149931,17421754
(주)유비쿼스홀딩스,78070,Dec-19,1471304,13687851
(주)유비쿼스홀딩스,78070,Dec-20,1427875,21631888
(주)유진테크,84370,Dec-11,37899063,37788145
(주)유진테크,84370,Dec-12,53562556,52816726
(주)유진테크,84370,Dec-13,31353850,30479188
(주)유진테크,84370,Dec-14,14444805,12334161
(주)유진테크,84370,Dec-15,20112477,18569982
(주)유진테크,84370,Dec-16,37949215,36451059
(주)유진테크,84370,Dec-17,31446668,25725536
(주)유진테크,84370,Dec-18,61231739,40803249
(주)유진테크,84370,Dec-19,45248877,23813958
(주)유진테크,84370,Dec-20,34722911,22286445
(주)이글루코퍼레이션,67920,Dec-11,1871379,1871379
(주)이글루코퍼레이션,67920,Dec-12,3118283,3118283
(주)이글루코퍼레이션,67920,Dec-13,-732475,-732475
(주)이글루코퍼레이션,67920,Dec-14,-8682838,-8682838
(주)이글루코퍼레이션,67920,Dec-15,-2738783,-2774947
(주)이글루코퍼레이션,67920,Dec-16,2966957,2750677
(주)이글루코퍼레이션,67920,Dec-17,3130536,3103172
(주)이글루코퍼레이션,67920,Dec-18,2863223,2979122
(주)이글루코퍼레이션,67920,Dec-19,1768961,1691971
(주)이글루코퍼레이션,67920,Dec-20,4880505,4887245
(주)이미지스테크놀로지,115610,Dec-11,1423511,1423511
(주)이미지스테크놀로지,115610,Dec-12,-683778,-683778
(주)이미지스테크놀로지,115610,Dec-13,1219249,1438941
(주)이미지스테크놀로지,115610,Dec-14,782203,918630
(주)이미지스테크놀로지,115610,Dec-15,761918,762324
(주)이미지스테크놀로지,115610,Dec-16,914204,621317
(주)이미지스테크놀로지,115610,Dec-17,-5126850,-5274491
(주)이미지스테크놀로지,115610,Dec-18,-6928293,-7407218
(주)이미지스테크놀로지,115610,Dec-19,-6141587,-6449377
(주)이미지스테크놀로지,115610,Dec-20,-3691032,-3691032
(주)이엘피,63760,Dec-14,1230695,1230695
(주)이엘피,63760,Dec-15,3043940,3043940
(주)이엘피,63760,Dec-16,11474781,11449471
(주)이엘피,63760,Dec-17,18336552,18164720
(주)이엘피,63760,Dec-18,15937753,15156013
(주)이엘피,63760,Dec-19,3686395,3109187
(주)이엘피,63760,Dec-20,2432652,2727036
(주)이크레더블,92130,Sep-11,6465178,6465178
(주)이크레더블,92130,Sep-12,6242018,6463323
(주)이크레더블,92130,Dec-13,6289007,7025346
(주)이크레더블,92130,Dec-14,6753540,7606386
(주)이크레더블,92130,Dec-15,8545174,9449295
(주)이크레더블,92130,Dec-16,11458105,12136225
(주)이크레더블,92130,Dec-17,12712510,13436333
(주)이크레더블,92130,Dec-18,14519753,15320031
(주)이크레더블,92130,Dec-19,15975424,16726688
(주)이크레더블,92130,Dec-20,16179490,16874695
(주)이퓨쳐,134060,Dec-11,-421531,-421531
(주)이퓨쳐,134060,Dec-12,-133144,-133144
(주)이퓨쳐,134060,Dec-13,1105515,1105515
(주)이퓨쳐,134060,Dec-14,397613,397613
(주)이퓨쳐,134060,Dec-15,106283,106283
(주)이퓨쳐,134060,Dec-16,339910,339910
(주)이퓨쳐,134060,Dec-17,-218432,-218432
(주)이퓨쳐,134060,Dec-18,291703,291703
(주)이퓨쳐,134060,Dec-19,954978,954978
(주)이퓨쳐,134060,Dec-20,953314,953314
(주)인바디,41830,Dec-11,3578791,3854169
(주)인바디,41830,Dec-12,3757991,5001978
(주)인바디,41830,Dec-13,5671388,6500740
(주)인바디,41830,Dec-14,9546838,10095138
(주)인바디,41830,Dec-15,17712672,20007588
(주)인바디,41830,Dec-16,19925675,22041087
(주)인바디,41830,Dec-17,22261355,24900250
(주)인바디,41830,Dec-18,24263439,23676827
(주)인바디,41830,Dec-19,28147448,27626227
(주)인바디,41830,Dec-20,22001226,19096757
(주)인지디스플레이,37330,Dec-11,-2543717,25287302
(주)인지디스플레이,37330,Dec-12,1117020,27825384
(주)인지디스플레이,37330,Dec-13,-3986153,4825131
(주)인지디스플레이,37330,Dec-14,774681,10694328
(주)인지디스플레이,37330,Dec-15,3201914,9138974
(주)인지디스플레이,37330,Dec-16,3750275,10641856
(주)인지디스플레이,37330,Dec-17,3147370,2854491
(주)인지디스플레이,37330,Dec-18,8198888,22135015
(주)인지디스플레이,37330,Dec-19,1417755,23830908
(주)인지디스플레이,37330,Dec-20,4593236,34602764
(주)인터로조,119610,Dec-11,8547541,8547541
(주)인터로조,119610,Dec-12,9561435,9561435
(주)인터로조,119610,Dec-13,10532472,10532472
(주)인터로조,119610,Dec-14,8771200,8771200
(주)인터로조,119610,Dec-15,16289023,16289023
(주)인터로조,119610,Dec-16,23737766,23306560
(주)인터로조,119610,Dec-17,24534314,24233728
(주)인터로조,119610,Dec-18,17346923,17125531
(주)인터로조,119610,Dec-19,22998598,22618019
(주)인터로조,119610,Dec-20,16653820,15140876
(주)인포바인,115310,Dec-11,10196506,10196506
(주)인포바인,115310,Dec-12,10498089,10498089
(주)인포바인,115310,Dec-13,12704877,12704877
(주)인포바인,115310,Dec-14,13408172,13167191
(주)인포바인,115310,Dec-15,11578565,11121886
(주)인포바인,115310,Dec-16,13579699,12496330
(주)인포바인,115310,Dec-17,14642762,12535249
(주)인포바인,115310,Dec-18,13085225,11112470
(주)인포바인,115310,Dec-19,11349877,9516147
(주)인포바인,115310,Dec-20,10440698,8094824
(주)일신바이오베이스,68330,Dec-11,794280,794280
(주)일신바이오베이스,68330,Dec-12,1968696,1968696
(주)일신바이오베이스,68330,Dec-13,1139942,1118870
(주)일신바이오베이스,68330,Dec-14,2096953,2074606
(주)일신바이오베이스,68330,Dec-15,2721426,2637942
(주)일신바이오베이스,68330,Dec-16,3011111,3008844
(주)일신바이오베이스,68330,Dec-17,2431461,2341409
(주)일신바이오베이스,68330,Dec-18,3475802,3036924
(주)일신바이오베이스,68330,Dec-19,4641215,5214863
(주)일신바이오베이스,68330,Dec-20,5610282,5610282
(주)정상제이엘에스,40420,Dec-11,14650437,14721784
(주)정상제이엘에스,40420,Dec-12,10350292,10436744
(주)정상제이엘에스,40420,Dec-13,8005541,7983832
(주)정상제이엘에스,40420,Dec-14,7481707,7207954
(주)정상제이엘에스,40420,Dec-15,7302595,6875719
(주)정상제이엘에스,40420,Dec-16,8585242,8678730
(주)정상제이엘에스,40420,Dec-17,9796677,10339772
(주)정상제이엘에스,40420,Dec-18,10915358,10887968
(주)정상제이엘에스,40420,Dec-19,13060056,13395135
(주)정상제이엘에스,40420,Dec-20,9015607,8774891
(주)제노포커스,187420,Dec-13,194980,243574
(주)제노포커스,187420,Dec-14,1054551,1391659
(주)제노포커스,187420,Dec-15,600221,1098014
(주)제노포커스,187420,Dec-16,1040673,1325988
(주)제노포커스,187420,Dec-17,927387,1192095
(주)제노포커스,187420,Dec-18,-765145,-1213556
(주)제노포커스,187420,Dec-19,-2180603,-2877734
(주)제노포커스,187420,Dec-20,-1599543,-4698150
(주)제이와이피엔터테인먼트,35900,Jun-11,452736,452736
(주)제이와이피엔터테인먼트,35900,Dec-12,-3668273,-6527263
(주)제이와이피엔터테인먼트,35900,Dec-13,-2003489,-2553317
(주)제이와이피엔터테인먼트,35900,Dec-14,6691761,8256638
(주)제이와이피엔터테인먼트,35900,Dec-15,3979872,4198535
(주)제이와이피엔터테인먼트,35900,Dec-16,11367233,13811808
(주)제이와이피엔터테인먼트,35900,Dec-17,17894404,19462607
(주)제이와이피엔터테인먼트,35900,Dec-18,25430889,28748634
(주)제이와이피엔터테인먼트,35900,Dec-19,39233152,43458525
(주)제이와이피엔터테인먼트,35900,Dec-20,37374302,44136483
(주)제이웨이,58420,Dec-11,-2807864,-2807864
(주)제이웨이,58420,Dec-12,-1608659,-1608659
(주)제이웨이,58420,Dec-13,-1412292,-1726344
(주)제이웨이,58420,Dec-14,-2136131,-2273982
(주)제이웨이,58420,Dec-15,833733,537355
(주)제이웨이,58420,Dec-16,-754898,-1047983
(주)제이웨이,58420,Dec-17,-2215703,-2449985
(주)제이웨이,58420,Dec-18,-2048084,-1450828
(주)제이웨이,58420,Dec-19,-1464726,-1247159
(주)제이웨이,58420,Dec-20,-4701854,-7611689
(주)제테마,216080,Dec-17,-3351912,-3351912
(주)제테마,216080,Dec-18,-4550887,-4550887
(주)제테마,216080,Dec-19,-10734910,-10734910
(주)제테마,216080,Dec-20,-5586924,-5586924
(주)젬백스&카엘,82270,Dec-11,-2274288,-8123968
(주)젬백스&카엘,82270,Dec-12,4152018,-5353654
(주)젬백스&카엘,82270,Dec-13,822947,-10574251
(주)젬백스&카엘,82270,Dec-14,-75760,-5555648
(주)젬백스&카엘,82270,Dec-15,3345107,-2760703
(주)젬백스&카엘,82270,Dec-16,-4851737,-17616739
(주)젬백스&카엘,82270,Dec-17,1214529,-1414646
(주)젬백스&카엘,82270,Dec-18,-1171013,-662609
(주)젬백스&카엘,82270,Dec-19,-5625252,-8397520
(주)젬백스&카엘,82270,Dec-20,4268650,1437671
(주)조이시티,67000,Dec-11,6745157,6343089
(주)조이시티,67000,Dec-12,9031225,8201665
(주)조이시티,67000,Dec-13,-1091847,-971036
(주)조이시티,67000,Dec-14,5110979,5561923
(주)조이시티,67000,Dec-15,8357334,8294482
(주)조이시티,67000,Dec-16,2975100,3072210
(주)조이시티,67000,Dec-17,-2905517,-2745083
(주)조이시티,67000,Dec-18,-5270118,-5446744
(주)조이시티,67000,Dec-19,8978287,8547463
(주)조이시티,67000,Dec-20,20034509,20473154
(주)중앙백신연구소,72020,Dec-11,2772865,2772865
(주)중앙백신연구소,72020,Dec-12,4422145,4422145
(주)중앙백신연구소,72020,Dec-13,5099341,5099341
(주)중앙백신연구소,72020,Dec-14,5537451,5537451
(주)중앙백신연구소,72020,Dec-15,3633118,3633118
(주)중앙백신연구소,72020,Dec-16,6987276,6987276
(주)중앙백신연구소,72020,Dec-17,5546811,5546811
(주)중앙백신연구소,72020,Dec-18,3504614,3504614
(주)중앙백신연구소,72020,Dec-19,2712903,2712903
(주)중앙백신연구소,72020,Dec-20,4030950,4030950
(주)지노믹트리,228760,Dec-14,-345547,-345547
(주)지노믹트리,228760,Dec-15,-766237,-766237
(주)지노믹트리,228760,Dec-16,-1294776,-1294776
(주)지노믹트리,228760,Dec-17,-2006359,-2006359
(주)지노믹트리,228760,Dec-18,-2573756,-2573756
(주)지노믹트리,228760,Dec-19,-9490036,-10308127
(주)지노믹트리,228760,Dec-20,-9195766,-12408515
(주)지씨셀,144510,Dec-14,2961720,2961720
(주)지씨셀,144510,Dec-15,3219922,3219922
(주)지씨셀,144510,Dec-16,1998089,1998089
(주)지씨셀,144510,Dec-17,1650256,1650256
(주)지씨셀,144510,Dec-18,435054,435054
(주)지씨셀,144510,Dec-19,-3476260,-3254149
(주)지씨셀,144510,Dec-20,6593654,6432539
(주)지앤에스티,36920,Dec-11,-1612946,-1696856
(주)지앤에스티,36920,Dec-12,432399,432399
(주)진바이오텍,86060,Dec-11,1108190,1286376
(주)진바이오텍,86060,Dec-12,943269,1276101
(주)진바이오텍,86060,Dec-13,1152670,165048
(주)진바이오텍,86060,Dec-14,1221600,1010943
(주)진바이오텍,86060,Dec-15,1956808,1066768
(주)진바이오텍,86060,Dec-16,2181312,3445108
(주)진바이오텍,86060,Dec-17,1778167,2312141
(주)진바이오텍,86060,Dec-18,1914806,6270669
(주)진바이오텍,86060,Dec-19,746756,841408
(주)진바이오텍,86060,Dec-20,431745,1658287
(주)칩스앤미디어,94360,Dec-11,1793982,1563558
(주)칩스앤미디어,94360,Dec-12,932274,877059
(주)칩스앤미디어,94360,Dec-13,1248615,1272818
(주)칩스앤미디어,94360,Dec-14,2019945,2029694
(주)칩스앤미디어,94360,Dec-15,2369673,2347561
(주)칩스앤미디어,94360,Dec-16,2731843,2807134
(주)칩스앤미디어,94360,Dec-17,-1463498,-1512790
(주)칩스앤미디어,94360,Dec-18,2053836,2022901
(주)칩스앤미디어,94360,Dec-19,3583888,3594632
(주)칩스앤미디어,94360,Dec-20,2371046,2380814
(주)컴투스,78340,Dec-11,4125655,3125552
(주)컴투스,78340,Dec-12,16077089,16062637
(주)컴투스,78340,Dec-13,8197364,7732743
(주)컴투스,78340,Dec-14,99898316,101210450
(주)컴투스,78340,Dec-15,162880910,165925917
(주)컴투스,78340,Dec-16,187380921,191976468
(주)컴투스,78340,Dec-17,192203856,194647099
(주)컴투스,78340,Dec-18,145716595,146639198
(주)컴투스,78340,Dec-19,128246417,125954720
(주)컴투스,78340,Dec-20,121557178,114117330
(주)케어젠,214370,Dec-11,6396227,6396227
(주)케어젠,214370,Dec-12,9028434,9028434
(주)케어젠,214370,Dec-13,8734276,8734276
(주)케어젠,214370,Dec-14,15954595,15954595
(주)케어젠,214370,Dec-15,13830253,13830253
(주)케어젠,214370,Dec-16,11244943,10691315
(주)케어젠,214370,Dec-17,22732974,21938370
(주)케어젠,214370,Dec-18,24954062,19743761
(주)케어젠,214370,Dec-19,35679431,35375014
(주)케어젠,214370,Dec-20,32190102,31977803
(주)케이씨에스,115500,Dec-11,802823,802823
(주)케이씨에스,115500,Dec-12,2752354,2752354
(주)케이씨에스,115500,Dec-13,1965478,1965478
(주)케이씨에스,115500,Dec-14,2706134,2706134
(주)케이씨에스,115500,Dec-15,1014852,1014852
(주)케이씨에스,115500,Dec-16,1129363,1129363
(주)케이씨에스,115500,Dec-17,1180997,1180997
(주)케이씨에스,115500,Dec-18,3165889,3165889
(주)케이씨에스,115500,Dec-19,3432710,3432710
(주)케이씨에스,115500,Dec-20,2457786,2457786
(주)케이아이엔엑스,93320,Dec-11,4106653,4443723
(주)케이아이엔엑스,93320,Dec-12,3905164,5272491
(주)케이아이엔엑스,93320,Dec-13,4102514,5404048
(주)케이아이엔엑스,93320,Dec-14,4460724,6284289
(주)케이아이엔엑스,93320,Dec-15,4923815,7097706
(주)케이아이엔엑스,93320,Dec-16,6196985,7800075
(주)케이아이엔엑스,93320,Dec-17,8252891,9152447
(주)케이아이엔엑스,93320,Dec-18,11522557,13164858
(주)케이아이엔엑스,93320,Dec-19,14342805,16467445
(주)케이아이엔엑스,93320,Dec-20,15617915,17782412
(주)케이엔엔,58400,Dec-11,10188194,10252023
(주)케이엔엔,58400,Dec-12,7366617,7419274
(주)케이엔엔,58400,Dec-13,3424849,3454345
(주)케이엔엔,58400,Dec-14,7530118,7388134
(주)케이엔엔,58400,Dec-15,8491732,8254363
(주)케이엔엔,58400,Dec-16,5884824,5935456
(주)케이엔엔,58400,Dec-17,8350575,8587798
(주)케이엔엔,58400,Dec-18,7616773,7803631
(주)케이엔엔,58400,Dec-19,6881843,7443644
(주)케이엔엔,58400,Dec-20,5706679,6206546
(주)케이지이니시스,35600,Dec-11,13294909,13161429
(주)케이지이니시스,35600,Dec-12,15500568,15500568
(주)케이지이니시스,35600,Dec-13,20016987,36022081
(주)케이지이니시스,35600,Dec-14,24454040,39775954
(주)케이지이니시스,35600,Dec-15,27658304,20002703
(주)케이지이니시스,35600,Dec-16,26286558,29504478
(주)케이지이니시스,35600,Dec-17,32024605,54676797
(주)케이지이니시스,35600,Dec-18,38047487,60425521
(주)케이지이니시스,35600,Dec-19,41112244,86145634
(주)케이지이니시스,35600,Dec-20,47657395,98005685
(주)케이티알파,36030,Dec-11,-11952137,-7141715
(주)케이티알파,36030,Dec-12,-7410248,-5213034
(주)케이티알파,36030,Dec-13,2168814,7027474
(주)케이티알파,36030,Dec-14,6915568,6915568
(주)케이티알파,36030,Dec-15,5348243,5348243
(주)케이티알파,36030,Dec-16,6258292,6258292
(주)케이티알파,36030,Dec-17,5745405,5745405
(주)케이티알파,36030,Dec-18,5553592,5553592
(주)케이티알파,36030,Dec-19,10709042,10709042
(주)케이티알파,36030,Dec-20,11811037,11811037
(주)코데즈컴바인,47770,Dec-11,11020284,10330769
(주)코데즈컴바인,47770,Dec-12,-7176533,-7957799
(주)코데즈컴바인,47770,Dec-13,-14789437,-16881132
(주)코데즈컴바인,47770,Dec-14,-31457947,-29916857
(주)코데즈컴바인,47770,Dec-15,-22497914,-21268512
(주)코데즈컴바인,47770,Dec-16,1325027,1323033
(주)코데즈컴바인,47770,Dec-17,1811670,1811670
(주)코데즈컴바인,47770,Dec-18,3970792,4805817
(주)코데즈컴바인,47770,Dec-19,4110844,4513675
(주)코데즈컴바인,47770,Dec-20,3310928,3669089
(주)코리아에스이,101670,Dec-11,3104581,3104581
(주)코리아에스이,101670,Dec-12,1338600,1338600
(주)코리아에스이,101670,Dec-13,1581955,1581955
(주)코리아에스이,101670,Dec-14,-303098,-303098
(주)코리아에스이,101670,Dec-15,865784,865784
(주)코리아에스이,101670,Dec-16,930421,930421
(주)코리아에스이,101670,Dec-17,-505682,-805311
(주)코리아에스이,101670,Dec-18,-895891,-2931357
(주)코리아에스이,101670,Dec-19,331151,-2649716
(주)코리아에스이,101670,Dec-20,-1401005,-3492739
(주)코썬바이오,204990,Dec-11,-732783,-732783
(주)코썬바이오,204990,Dec-12,781741,781741
(주)코썬바이오,204990,Dec-13,2847349,2847349
(주)코썬바이오,204990,Dec-14,7411475,7411475
(주)코썬바이오,204990,Dec-15,9588909,9588909
(주)코썬바이오,204990,Dec-16,7901880,7901880
(주)코썬바이오,204990,Dec-17,-984363,-2294248
(주)코썬바이오,204990,Dec-18,-14884400,-24009266
(주)코썬바이오,204990,Dec-19,-26525049,-28487900
(주)코아에스앤아이,52350,Dec-11,-1362953,-1362953
(주)코엔텍,29960,Dec-11,5075839,6064620
(주)코엔텍,29960,Dec-12,9507633,10337372
(주)코엔텍,29960,Dec-13,8025423,8798715
(주)코엔텍,29960,Dec-14,9535636,10718066
(주)코엔텍,29960,Dec-15,7537545,9472359
(주)코엔텍,29960,Dec-16,14876626,15475622
(주)코엔텍,29960,Dec-17,17050026,18586515
(주)코엔텍,29960,Dec-18,27649277,29310888
(주)코엔텍,29960,Dec-19,28446448,28446448
(주)코엔텍,29960,Dec-20,31035919,31035919
(주)코텍,52330,Dec-11,20639370,20639370
(주)코텍,52330,Dec-12,21401752,21401752
(주)코텍,52330,Dec-13,20736416,20736416
(주)코텍,52330,Dec-14,5492376,5492376
(주)코텍,52330,Dec-15,26291925,26291925
(주)코텍,52330,Dec-16,29276826,29276826
(주)코텍,52330,Dec-17,33444127,33444127
(주)코텍,52330,Dec-18,42424699,42424699
(주)코텍,52330,Dec-19,34798947,33129377
(주)코텍,52330,Dec-20,5376279,-953699
(주)큐에스아이,66310,Dec-11,4512062,4512062
(주)큐에스아이,66310,Dec-12,2739820,2603027
(주)큐에스아이,66310,Dec-13,3499080,3711718
(주)큐에스아이,66310,Dec-14,3110895,3480038
(주)큐에스아이,66310,Dec-15,2412464,1402431
(주)큐에스아이,66310,Dec-16,731924,894188
(주)큐에스아이,66310,Dec-17,1438452,1067005
(주)큐에스아이,66310,Dec-18,-357241,-1053320
(주)큐에스아이,66310,Dec-19,160199,416541
(주)큐에스아이,66310,Dec-20,1033193,430912
(주)키이스트,54780,Dec-11,2285348,2285348
(주)키이스트,54780,Dec-12,3344908,3011747
(주)키이스트,54780,Dec-13,1092981,-5563744
(주)키이스트,54780,Dec-14,6286532,7890629
(주)키이스트,54780,Dec-15,3560786,7601566
(주)키이스트,54780,Dec-16,802180,-313869
(주)키이스트,54780,Dec-17,-278424,983966
(주)키이스트,54780,Dec-18,-2103444,-2413550
(주)키이스트,54780,Dec-19,-1649906,-1524810
(주)키이스트,54780,Dec-20,1620485,1667576
(주)타이거일렉,219130,Dec-11,5064098,5064098
(주)타이거일렉,219130,Dec-12,4254482,4254482
(주)타이거일렉,219130,Dec-13,1961927,1965558
(주)타이거일렉,219130,Dec-14,3282418,3497760
(주)타이거일렉,219130,Dec-15,3132141,3020619
(주)타이거일렉,219130,Dec-16,1139125,1139125
(주)타이거일렉,219130,Dec-17,4686833,4686833
(주)타이거일렉,219130,Dec-18,2360780,2360780
(주)타이거일렉,219130,Dec-19,1460861,1460861
(주)타이거일렉,219130,Dec-20,5851407,5851407
(주)탑코미디어,134580,Dec-11,4386556,4386556
(주)탑코미디어,134580,Dec-12,9146575,9223859
(주)탑코미디어,134580,Dec-13,5226258,5262563
(주)탑코미디어,134580,Dec-14,4187991,4343388
(주)탑코미디어,134580,Dec-15,4590634,4612356
(주)탑코미디어,134580,Dec-16,-6390126,-7275618
(주)탑코미디어,134580,Dec-17,-10649888,-10845023
(주)탑코미디어,134580,Dec-18,1802593,1542572
(주)탑코미디어,134580,Dec-19,-4476578,-4476578
(주)탑코미디어,134580,Dec-20,-3473429,-3473429
(주)텔레칩스,54450,Dec-11,-4676796,-4676796
(주)텔레칩스,54450,Dec-12,-1884436,-1884436
(주)텔레칩스,54450,Dec-13,-7918465,-7918465
(주)텔레칩스,54450,Dec-14,1706650,1706650
(주)텔레칩스,54450,Dec-15,4568889,4568889
(주)텔레칩스,54450,Dec-16,6685885,6640431
(주)텔레칩스,54450,Dec-17,6200877,6334056
(주)텔레칩스,54450,Dec-18,8308072,8154892
(주)텔레칩스,54450,Dec-19,8037236,7646362
(주)텔레칩스,54450,Dec-20,-7972182,-8475004
(주)투비소프트,79970,Dec-11,2094498,2094498
(주)투비소프트,79970,Dec-12,3073516,3081088
(주)투비소프트,79970,Dec-13,3538453,3549051
(주)투비소프트,79970,Dec-14,1717850,2293302
(주)투비소프트,79970,Dec-15,1655521,1083906
(주)투비소프트,79970,Dec-16,2608272,2563644
(주)투비소프트,79970,Dec-17,-5889743,-10006674
(주)투비소프트,79970,Dec-18,-4559129,-9419308
(주)투비소프트,79970,Dec-19,-4304491,-10802300
(주)투비소프트,79970,Dec-20,2501567,-1985097
(주)티씨케이,64760,Dec-11,15948987,15948987
(주)티씨케이,64760,Dec-12,7988372,7988372
(주)티씨케이,64760,Dec-13,3478423,3478423
(주)티씨케이,64760,Dec-14,7050055,7050055
(주)티씨케이,64760,Dec-15,16089654,16089654
(주)티씨케이,64760,Dec-16,27429967,27429967
(주)티씨케이,64760,Dec-17,47730492,47730492
(주)티씨케이,64760,Dec-18,59075768,59075768
(주)티씨케이,64760,Dec-19,59171215,59171215
(주)티씨케이,64760,Dec-20,80266434,80266434
(주)티엘아이,62860,Dec-11,-5292521,2330987
(주)티엘아이,62860,Dec-12,6435103,11519457
(주)티엘아이,62860,Dec-13,4323166,-4970958
(주)티엘아이,62860,Dec-14,7674039,7082034
(주)티엘아이,62860,Dec-15,6155050,2869605
(주)티엘아이,62860,Dec-16,-2085437,-1034265
(주)티엘아이,62860,Dec-17,-4439392,-3969190
(주)티엘아이,62860,Dec-18,-18707006,-18996290
(주)티엘아이,62860,Dec-19,1465475,253402
(주)티엘아이,62860,Dec-20,-4586184,-7863322
(주)파나진,46210,Dec-11,289615,-1735483
(주)파나진,46210,Dec-12,-4259857,-4259857
(주)파나진,46210,Dec-13,-3556189,-3556189
(주)파나진,46210,Dec-14,-942877,-942877
(주)파나진,46210,Dec-15,157347,157347
(주)파나진,46210,Dec-16,-748846,-748846
(주)파나진,46210,Dec-17,-2646732,-2646732
(주)파나진,46210,Dec-18,-1340748,-1340748
(주)파나진,46210,Dec-19,-607899,-607899
(주)파나진,46210,Dec-20,5148964,5148964
(주)파라다이스,34230,Dec-11,49228672,50879370
(주)파라다이스,34230,Dec-12,63096235,89770644
(주)파라다이스,34230,Dec-13,106234118,134446116
(주)파라다이스,34230,Dec-14,50713468,79047839
(주)파라다이스,34230,Dec-15,34337005,58321729
(주)파라다이스,34230,Dec-16,54457315,65785845
(주)파라다이스,34230,Dec-17,-2395160,-29952294
(주)파라다이스,34230,Dec-18,15438315,2407782
(주)파라다이스,34230,Dec-19,18732967,51868334
(주)파라다이스,34230,Dec-20,-18569229,-86150820
(주)파라텍,33540,Dec-11,6556926,7291664
(주)파라텍,33540,Dec-12,96660,764643
(주)파라텍,33540,Dec-13,5066792,6045360
(주)파라텍,33540,Dec-14,6055178,7031927
(주)파라텍,33540,Dec-15,4559598,4559019
(주)파라텍,33540,Dec-16,5671247,5469650
(주)파라텍,33540,Dec-17,9583360,9589632
(주)파라텍,33540,Dec-18,-107086,-138646
(주)파라텍,33540,Dec-19,-36732819,-37047419
(주)파라텍,33540,Dec-20,4587316,4026832
(주)파인디지털,38950,Dec-11,1095149,2516842
(주)파인디지털,38950,Dec-12,10122005,10583878
(주)파인디지털,38950,Dec-13,6870527,8033431
(주)파인디지털,38950,Dec-14,6529171,7001395
(주)파인디지털,38950,Dec-15,-2171083,-1358745
(주)파인디지털,38950,Dec-16,-4417940,-3693758
(주)파인디지털,38950,Dec-17,-4889370,-3679309
(주)파인디지털,38950,Dec-18,211519,1428970
(주)파인디지털,38950,Dec-19,1587210,-216891
(주)파인디지털,38950,Dec-20,5359251,3428146
(주)팍스넷,38160,Dec-11,-3833118,-3833118
(주)팍스넷,38160,Dec-12,-590437,-590437
(주)팍스넷,38160,Dec-13,-1319395,-1319395
(주)팍스넷,38160,Dec-14,3441029,3441029
(주)팍스넷,38160,Dec-15,4638238,4638238
(주)팍스넷,38160,Dec-16,3872788,3872788
(주)팍스넷,38160,Dec-17,1271747,1271747
(주)팍스넷,38160,Dec-18,360841,-35475
(주)팍스넷,38160,Dec-19,-13019238,-16158578
(주)팍스넷,38160,Dec-20,-6768875,-8489675
(주)펩트론,87010,Dec-11,-234783,-234783
(주)펩트론,87010,Dec-12,-1322542,-1322542
(주)펩트론,87010,Dec-13,-1458287,-1458287
(주)펩트론,87010,Dec-14,-2609255,-2609255
(주)펩트론,87010,Dec-15,-2850195,-2850195
(주)펩트론,87010,Dec-16,-3564182,-3564182
(주)펩트론,87010,Dec-17,-4773839,-4773839
(주)펩트론,87010,Dec-18,-7905678,-7905678
(주)펩트론,87010,Dec-19,-12703568,-12703568
(주)펩트론,87010,Dec-20,-17605942,-17605942
(주)폴라리스오피스,41020,Dec-11,4598254,651938
(주)폴라리스오피스,41020,Dec-12,12826043,8515312
(주)폴라리스오피스,41020,Dec-13,16514746,10384144
(주)폴라리스오피스,41020,Dec-14,3741829,2503810
(주)폴라리스오피스,41020,Dec-15,-15968699,-18167782
(주)폴라리스오피스,41020,Dec-16,-17633872,-24257235
(주)폴라리스오피스,41020,Dec-17,-13890066,-14230849
(주)폴라리스오피스,41020,Dec-18,1595795,-516728
(주)폴라리스오피스,41020,Dec-19,-3197749,-5948733
(주)폴라리스오피스,41020,Dec-20,-4949790,-7887420
(주)푸드나무,290720,Dec-17,4334158,4330936
(주)푸드나무,290720,Dec-18,6527422,6542139
(주)푸드나무,290720,Dec-19,5474730,5467595
(주)푸드나무,290720,Dec-20,6252654,6644522
(주)피제이전자,6140,Dec-11,10696722,10696722
(주)피제이전자,6140,Dec-12,11521174,11521174
(주)피제이전자,6140,Dec-13,10947357,10947357
(주)피제이전자,6140,Dec-14,7367314,7367314
(주)피제이전자,6140,Dec-15,6994619,6994619
(주)피제이전자,6140,Dec-16,7071926,7071926
(주)피제이전자,6140,Dec-17,7448132,7448132
(주)피제이전자,6140,Dec-18,6108070,6108070
(주)피제이전자,6140,Dec-19,5890548,5890548
(주)피제이전자,6140,Dec-20,5579122,5579122
(주)픽셀플러스,87600,Dec-11,10688609,10688609
(주)픽셀플러스,87600,Dec-12,30828704,30828704
(주)픽셀플러스,87600,Dec-13,46434940,46419383
(주)픽셀플러스,87600,Dec-14,21817338,21792538
(주)픽셀플러스,87600,Dec-15,9435746,9277432
(주)픽셀플러스,87600,Dec-16,-7424088,-7424088
(주)픽셀플러스,87600,Dec-17,-10712774,-10712774
(주)픽셀플러스,87600,Dec-18,-9428070,-9428070
(주)픽셀플러스,87600,Dec-19,-8347275,-8347275
(주)픽셀플러스,87600,Dec-20,974049,974049
(주)하나기술,299030,Dec-17,5123591,5123591
(주)하나기술,299030,Dec-18,5188797,5188797
(주)하나기술,299030,Dec-19,5674673,5743366
(주)하나기술,299030,Dec-20,-4737994,-4510555
(주)하이로닉,149980,Dec-11,829301,829301
(주)하이로닉,149980,Dec-12,2760109,2760109
(주)하이로닉,149980,Dec-13,3631909,3631909
(주)하이로닉,149980,Dec-14,7649555,7649555
(주)하이로닉,149980,Dec-15,2291072,2089544
(주)하이로닉,149980,Dec-16,1284470,347124
(주)하이로닉,149980,Dec-17,2373520,1748125
(주)하이로닉,149980,Dec-18,1220942,-28353
(주)하이로닉,149980,Dec-19,2669571,2612626
(주)하이로닉,149980,Dec-20,1184135,1235437
(주)하이텍팜,106190,Dec-11,13064851,13064851
(주)하이텍팜,106190,Dec-12,10842076,10842076
(주)하이텍팜,106190,Dec-13,12281614,12281614
(주)하이텍팜,106190,Dec-14,7886730,7886730
(주)하이텍팜,106190,Dec-15,5397823,5397823
(주)하이텍팜,106190,Dec-16,5176088,5176088
(주)하이텍팜,106190,Dec-17,3271141,3271141
(주)하이텍팜,106190,Dec-18,2082887,2082887
(주)하이텍팜,106190,Dec-19,-4524865,-4524865
(주)하이텍팜,106190,Dec-20,-3323862,-3323862
(주)하츠,66130,Dec-11,1106353,1106353
(주)하츠,66130,Dec-12,-2417920,-2417920
(주)하츠,66130,Dec-13,-67176,-67176
(주)하츠,66130,Dec-14,3746206,3746206
(주)하츠,66130,Dec-15,4475704,4475704
(주)하츠,66130,Dec-16,4391599,4391599
(주)하츠,66130,Dec-17,5247724,5247724
(주)하츠,66130,Dec-18,1250559,1250559
(주)하츠,66130,Dec-19,2497963,2497963
(주)하츠,66130,Dec-20,7938567,7938567
(주)한국경제티브이,39340,Dec-11,10547750,10503448
(주)한국경제티브이,39340,Dec-12,7091060,6548220
(주)한국경제티브이,39340,Dec-13,2060251,2148621
(주)한국경제티브이,39340,Dec-14,5048730,5071507
(주)한국경제티브이,39340,Dec-15,11667806,11465843
(주)한국경제티브이,39340,Dec-16,14190436,14378501
(주)한국경제티브이,39340,Dec-17,9202135,9084331
(주)한국경제티브이,39340,Dec-18,15340397,15546640
(주)한국경제티브이,39340,Dec-19,14405634,13691976
(주)한국경제티브이,39340,Dec-20,18337570,18182633
(주)한글과컴퓨터,30520,Dec-11,21407150,22375388
(주)한글과컴퓨터,30520,Dec-12,24184170,24758777
(주)한글과컴퓨터,30520,Dec-13,22995656,25079192
(주)한글과컴퓨터,30520,Dec-14,26684532,27486141
(주)한글과컴퓨터,30520,Dec-15,29690173,27919195
(주)한글과컴퓨터,30520,Dec-16,30203714,29041333
(주)한글과컴퓨터,30520,Dec-17,29741681,32286496
(주)한글과컴퓨터,30520,Dec-18,25052251,42481575
(주)한글과컴퓨터,30520,Dec-19,28219649,33207231
(주)한글과컴퓨터,30520,Dec-20,32619638,68214218
(주)헬릭스미스,84990,Dec-11,-3053421,-3053483
(주)헬릭스미스,84990,Dec-12,-1675650,-1676179
(주)헬릭스미스,84990,Dec-13,378821,378665
(주)헬릭스미스,84990,Dec-14,246462,246462
(주)헬릭스미스,84990,Dec-15,1072455,1072455
(주)헬릭스미스,84990,Dec-16,303380,303380
(주)헬릭스미스,84990,Dec-17,-6941157,-6941157
(주)헬릭스미스,84990,Dec-18,-14130154,-21203499
(주)헬릭스미스,84990,Dec-19,-36488089,-41733789
(주)헬릭스미스,84990,Dec-20,-55775941,-71100610
(주)현대공업,170030,Dec-11,3643826,3643826
(주)현대공업,170030,Dec-12,4644932,9271100
(주)현대공업,170030,Dec-13,6277694,15814786
(주)현대공업,170030,Dec-14,3133379,16215834
(주)현대공업,170030,Dec-15,4745783,16028925
(주)현대공업,170030,Dec-16,4996213,18205664
(주)현대공업,170030,Dec-17,3109304,9112603
(주)현대공업,170030,Dec-18,133504,-576917
(주)현대공업,170030,Dec-19,3949790,3354151
(주)현대공업,170030,Dec-20,12906380,12650276
(주)현대이지웰,90850,Dec-11,5334952,5334952
(주)현대이지웰,90850,Dec-12,4411086,4411086
(주)현대이지웰,90850,Dec-13,4741756,4741756
(주)현대이지웰,90850,Dec-14,4935664,4935664
(주)현대이지웰,90850,Dec-15,5070042,4575470
(주)현대이지웰,90850,Dec-16,2159756,604133
(주)현대이지웰,90850,Dec-17,5466339,4330782
(주)현대이지웰,90850,Dec-18,7693128,7001402
(주)현대이지웰,90850,Dec-19,9615431,9407463
(주)현대이지웰,90850,Dec-20,13180130,13310938
(주)홈센타홀딩스,60560,Dec-11,3047470,2935848
(주)홈센타홀딩스,60560,Dec-12,-585829,166582
(주)홈센타홀딩스,60560,Dec-13,933545,2078907
(주)홈센타홀딩스,60560,Dec-14,-1977667,-2472422
(주)홈센타홀딩스,60560,Dec-15,1376729,2159994
(주)홈센타홀딩스,60560,Dec-16,2221181,66209
(주)홈센타홀딩스,60560,Dec-17,3492686,1531877
(주)홈센타홀딩스,60560,Dec-18,3798752,-4917182
(주)홈센타홀딩스,60560,Dec-19,1008112,2558151
(주)홈센타홀딩스,60560,Dec-20,2612709,6585716
(주)화신정공,126640,Dec-11,1845260,1845260
(주)화신정공,126640,Dec-12,7207043,7207043
(주)화신정공,126640,Dec-13,8210029,8210029
(주)화신정공,126640,Dec-14,6310667,6310667
(주)화신정공,126640,Dec-15,5152235,5152235
(주)화신정공,126640,Dec-16,4456444,4456444
(주)화신정공,126640,Dec-17,2826805,2826805
(주)화신정공,126640,Dec-18,1530266,1530266
(주)화신정공,126640,Dec-19,4004775,4004775
(주)화신정공,126640,Dec-20,6606073,6606073
고려신용정보(주),49720,Dec-11,2678575,2678575
고려신용정보(주),49720,Dec-12,2003348,1845174
고려신용정보(주),49720,Dec-13,655003,274570
고려신용정보(주),49720,Dec-14,1993144,1791490
고려신용정보(주),49720,Dec-15,5186566,5140110
고려신용정보(주),49720,Dec-16,5499336,5415998
고려신용정보(주),49720,Dec-17,4989049,4989049
고려신용정보(주),49720,Dec-18,7324008,7324008
고려신용정보(주),49720,Dec-19,8367014,8083788
고려신용정보(주),49720,Dec-20,9776849,10461699
나이스평가정보(주),30190,Dec-11,19305745,20997344
나이스평가정보(주),30190,Dec-12,17543570,19386917
나이스평가정보(주),30190,Dec-13,20557591,22075187
나이스평가정보(주),30190,Dec-14,22166839,22815676
나이스평가정보(주),30190,Dec-15,28517803,28116317
나이스평가정보(주),30190,Dec-16,39439958,39206934
나이스평가정보(주),30190,Dec-17,43052600,42623652
나이스평가정보(주),30190,Dec-18,47439007,48605376
나이스평가정보(주),30190,Dec-19,49970920,51340883
나이스평가정보(주),30190,Dec-20,59984925,62718417
남화산업(주),111710,Dec-11,8659244,
남화산업(주),111710,Dec-12,6667531,6667531
남화산업(주),111710,Dec-13,5525886,5525886
남화산업(주),111710,Dec-14,3593584,3593584
남화산업(주),111710,Dec-15,4291848,4291848
남화산업(주),111710,Dec-16,3305196,3305196
남화산업(주),111710,Dec-17,4378393,4378393
남화산업(주),111710,Dec-18,3732796,3732796
남화산업(주),111710,Dec-19,5545771,5545771
남화산업(주),111710,Dec-20,7450789,7450789
남화토건(주),91590,Dec-11,9007710,8684570
남화토건(주),91590,Dec-12,5157650,5117490
남화토건(주),91590,Dec-13,3356789,3105668
남화토건(주),91590,Dec-14,3534847,3143954
남화토건(주),91590,Dec-15,-1111551,-1508090
남화토건(주),91590,Dec-16,3490683,3430927
남화토건(주),91590,Dec-17,5211290,5330586
남화토건(주),91590,Dec-18,1203420,1184315
남화토건(주),91590,Dec-19,2293637,1681984
남화토건(주),91590,Dec-20,5186219,4593398
대양전기공업(주),108380,Dec-11,9824749,9824749
대양전기공업(주),108380,Dec-12,12965535,15429888
대양전기공업(주),108380,Dec-13,13830825,17397022
대양전기공업(주),108380,Dec-14,11847166,15652271
대양전기공업(주),108380,Dec-15,13006945,17925202
대양전기공업(주),108380,Dec-16,13645629,18314534
대양전기공업(주),108380,Dec-17,10325680,14747504
대양전기공업(주),108380,Dec-18,7490931,9492282
대양전기공업(주),108380,Dec-19,12476231,14859314
대양전기공업(주),108380,Dec-20,14572920,16298014
대주전자재료(주),78600,Dec-11,9198843,9654710
대주전자재료(주),78600,Dec-12,10069776,8503940
대주전자재료(주),78600,Dec-13,1792624,1378300
대주전자재료(주),78600,Dec-14,-20455,326559
대주전자재료(주),78600,Dec-15,-2387531,-2323080
대주전자재료(주),78600,Dec-16,3216977,4035093
대주전자재료(주),78600,Dec-17,2289479,2977464
대주전자재료(주),78600,Dec-18,3494514,3740663
대주전자재료(주),78600,Dec-19,565352,2663206
대주전자재료(주),78600,Dec-20,8925180,9021434
데브시스터즈(주),194480,Dec-13,24093444,24093444
데브시스터즈(주),194480,Dec-14,33026444,33026444
데브시스터즈(주),194480,Dec-15,-3783305,-4134478
데브시스터즈(주),194480,Dec-16,-11635280,-12120671
데브시스터즈(주),194480,Dec-17,-10645016,-14370381
데브시스터즈(주),194480,Dec-18,4142846,-12322058
데브시스터즈(주),194480,Dec-19,-1639230,-22185728
데브시스터즈(주),194480,Dec-20,8534444,-6123222
동양파일(주),228340,Dec-14,25777360,25777360
동양파일(주),228340,Dec-15,34897506,34897506
동양파일(주),228340,Dec-16,38449581,38449581
동양파일(주),228340,Dec-17,14717483,14717483
동양파일(주),228340,Dec-18,-2209925,-2209925
동양파일(주),228340,Dec-19,-5490940,-5490940
동양파일(주),228340,Dec-20,-4054347,-4054347
디엑스앤브이엑스(주),180400,Dec-13,-19501,-19501
디엑스앤브이엑스(주),180400,Dec-14,362097,362097
디엑스앤브이엑스(주),180400,Dec-15,561380,561380
디엑스앤브이엑스(주),180400,Dec-16,-681656,-681656
디엑스앤브이엑스(주),180400,Dec-17,-3249191,-3249191
디엑스앤브이엑스(주),180400,Dec-18,-7808987,-7982438
디엑스앤브이엑스(주),180400,Dec-19,-5888566,-6983561
디엑스앤브이엑스(주),180400,Dec-20,-4672327,-5979079
리노공업(주),58470,Dec-11,23432594,23432594
리노공업(주),58470,Dec-12,27739233,27739233
리노공업(주),58470,Dec-13,28829491,28829491
리노공업(주),58470,Dec-14,32718314,32718314
리노공업(주),58470,Dec-15,36009931,36009931
리노공업(주),58470,Dec-16,39316220,39316220
리노공업(주),58470,Dec-17,49156999,49156999
리노공업(주),58470,Dec-18,51196135,51196135
리노공업(주),58470,Dec-19,64141630,64141630
리노공업(주),58470,Dec-20,77881754,77881754
마이크로로봇(주),182690,Dec-11,851064,851064
마이크로로봇(주),182690,Dec-12,3903821,3903821
마이크로로봇(주),182690,Dec-13,6607293,6607293
마이크로로봇(주),182690,Dec-14,4780184,4780184
마이크로로봇(주),182690,Dec-15,1620829,1620829
마이크로로봇(주),182690,Dec-16,-4305834,-4305834
마이크로로봇(주),182690,Dec-17,-5169106,-5176791
마이크로로봇(주),182690,Dec-18,-4971473,-6523301
마이크로로봇(주),182690,Dec-19,-3740848,-4184456
마이크로로봇(주),182690,Dec-20,230484,-509191
삼목에스폼(주),18310,Dec-11,4292313,4292313
삼목에스폼(주),18310,Dec-12,6819122,6819122
삼목에스폼(주),18310,Dec-13,25719183,25719183
삼목에스폼(주),18310,Dec-14,49814516,49814516
삼목에스폼(주),18310,Dec-15,41177087,41177087
삼목에스폼(주),18310,Dec-16,46188432,46188432
삼목에스폼(주),18310,Dec-17,44254684,44254684
삼목에스폼(주),18310,Dec-18,43748596,43748596
삼목에스폼(주),18310,Dec-19,11367058,11367058
삼목에스폼(주),18310,Dec-20,-12650723,-12650723
삼아제약(주),9300,Dec-11,7574481,7574481
삼아제약(주),9300,Dec-12,9274160,9274160
삼아제약(주),9300,Dec-13,6054747,6054747
삼아제약(주),9300,Dec-14,5811746,5811746
삼아제약(주),9300,Dec-15,6051081,6051081
삼아제약(주),9300,Dec-16,9576560,9576560
삼아제약(주),9300,Dec-17,7610609,7610609
삼아제약(주),9300,Dec-18,9360979,9360979
삼아제약(주),9300,Dec-19,10398153,10396874
삼아제약(주),9300,Dec-20,3948933,3930495
삼현철강(주),17480,Dec-11,20362541,20362541
삼현철강(주),17480,Dec-12,10637141,10637141
삼현철강(주),17480,Dec-13,9537089,9537089
삼현철강(주),17480,Dec-14,9162998,9162998
삼현철강(주),17480,Dec-15,7289662,7289662
삼현철강(주),17480,Dec-16,7838464,7838464
삼현철강(주),17480,Dec-17,9119835,9119835
삼현철강(주),17480,Dec-18,9028915,9028915
삼현철강(주),17480,Dec-19,7948388,7948388
삼현철강(주),17480,Dec-20,8630241,8630241
서암기계공업(주),100660,Dec-11,8108428,8108428
서암기계공업(주),100660,Dec-12,6368717,6368717
서암기계공업(주),100660,Dec-13,2081082,2081082
서암기계공업(주),100660,Dec-14,979990,979990
서암기계공업(주),100660,Dec-15,673016,673016
서암기계공업(주),100660,Dec-16,38364,38364
서암기계공업(주),100660,Dec-17,2315027,2315027
서암기계공업(주),100660,Dec-18,3071249,3071249
서암기계공업(주),100660,Dec-19,1505005,1505005
서암기계공업(주),100660,Dec-20,-451562,-451562
서호전기(주),65710,Dec-11,-832232,-588133
서호전기(주),65710,Dec-12,309518,425318
서호전기(주),65710,Dec-13,1152062,1207581
서호전기(주),65710,Dec-14,2638084,2420041
서호전기(주),65710,Dec-15,3552431,3347999
서호전기(주),65710,Dec-16,8098861,7865944
서호전기(주),65710,Dec-17,12829879,12988135
서호전기(주),65710,Dec-18,5907530,6540195
서호전기(주),65710,Dec-19,11994987,12245033
서호전기(주),65710,Dec-20,11134307,11306246
애니젠(주),196300,Dec-11,-825379,-825379
애니젠(주),196300,Dec-12,-62874,-62874
애니젠(주),196300,Dec-13,412368,412368
애니젠(주),196300,Dec-14,-121047,-121047
애니젠(주),196300,Dec-15,-1183223,-1183223
애니젠(주),196300,Dec-16,-1053225,-1053225
애니젠(주),196300,Dec-17,273915,273915
애니젠(주),196300,Dec-18,-5151124,-5151124
애니젠(주),196300,Dec-19,-4260151,-4260151
애니젠(주),196300,Dec-20,-1046686,-1046686
어보브반도체(주),102120,Dec-11,1652954,4671431
어보브반도체(주),102120,Dec-12,3909660,7380185
어보브반도체(주),102120,Dec-13,9387901,9321739
어보브반도체(주),102120,Dec-14,6733442,7157808
어보브반도체(주),102120,Dec-15,5954195,6509092
어보브반도체(주),102120,Dec-16,8941828,9259423
어보브반도체(주),102120,Dec-17,7934117,7541113
어보브반도체(주),102120,Dec-18,7164629,7761850
어보브반도체(주),102120,Dec-19,14627433,13925855
어보브반도체(주),102120,Dec-20,17050229,17621134
에스씨아이평가정보(주),36120,Dec-11,1401289,1401289
에스씨아이평가정보(주),36120,Dec-12,-31767,-31767
에스씨아이평가정보(주),36120,Dec-13,811377,811377
에스씨아이평가정보(주),36120,Dec-14,146277,146277
에스씨아이평가정보(주),36120,Dec-15,976048,976048
에스씨아이평가정보(주),36120,Dec-16,1733780,205057
에스씨아이평가정보(주),36120,Dec-17,1512898,5841
에스씨아이평가정보(주),36120,Dec-18,3402135,1323111
에스씨아이평가정보(주),36120,Dec-19,6348609,6923880
에스씨아이평가정보(주),36120,Dec-20,7818848,8297354
에스케이커뮤니케이션즈(주),66270,Dec-11,4364276,4395585
에스케이커뮤니케이션즈(주),66270,Dec-12,-46915709,-46915709
에스케이커뮤니케이션즈(주),66270,Dec-13,-44814992,-44814992
에스케이커뮤니케이션즈(주),66270,Dec-14,-15973102,-15973102
에스케이커뮤니케이션즈(주),66270,Dec-15,-8947475,-8947475
에스텍(주),69510,Dec-11,12670230,11789554
에스텍(주),69510,Dec-12,8067153,9651881
에스텍(주),69510,Dec-13,6220005,12912883
에스텍(주),69510,Dec-14,8556685,17915962
에스텍(주),69510,Dec-15,2825204,15898296
에스텍(주),69510,Dec-16,715456,17237111
에스텍(주),69510,Dec-17,2012268,16016577
에스텍(주),69510,Dec-18,3999101,18030194
에스텍(주),69510,Dec-19,1201408,17480872
에스텍(주),69510,Dec-20,46464,13323896
에스티팜(주),237690,Dec-11,8462770,8462770
에스티팜(주),237690,Dec-12,10195296,10195296
에스티팜(주),237690,Dec-13,10857388,10857388
에스티팜(주),237690,Dec-14,9729024,9729024
에스티팜(주),237690,Dec-15,34471599,34471599
에스티팜(주),237690,Dec-16,77830775,77583474
에스티팜(주),237690,Dec-17,62302128,61834151
에스티팜(주),237690,Dec-18,-15145523,-15646303
에스티팜(주),237690,Dec-19,-26047186,-26703332
에스티팜(주),237690,Dec-20,-13058345,-18816957
에이피티씨(주),89970,Dec-11,-1003645,-1003645
에이피티씨(주),89970,Dec-12,-1275734,-1275734
에이피티씨(주),89970,Dec-13,-5225696,-5225696
에이피티씨(주),89970,Dec-14,-4311418,-4311418
에이피티씨(주),89970,Dec-17,12690445,12690445
에이피티씨(주),89970,Dec-18,21069166,21069166
에이피티씨(주),89970,Dec-19,16123946,16122699
에이피티씨(주),89970,Dec-20,31109160,29621978
엑스큐어(주),70300,Dec-11,5033979,5033979
엑스큐어(주),70300,Dec-12,-1912161,-1912161
엑스큐어(주),70300,Dec-13,1314207,1314207
엑스큐어(주),70300,Dec-14,-3977511,-3977511
엑스큐어(주),70300,Dec-15,522571,522571
엑스큐어(주),70300,Dec-16,-3099144,-3099144
엑스큐어(주),70300,Dec-17,-1873057,-1873057
엑스큐어(주),70300,Dec-18,-1490364,-1490364
엑스큐어(주),70300,Dec-19,484065,484065
엑스큐어(주),70300,Dec-20,-541946,-541946
영풍정밀(주),36560,Dec-11,20460950,20460950
영풍정밀(주),36560,Dec-12,13316186,13316186
영풍정밀(주),36560,Dec-13,9410191,9410191
영풍정밀(주),36560,Dec-14,9980917,9980917
영풍정밀(주),36560,Dec-15,6537147,6537147
영풍정밀(주),36560,Dec-16,4429675,4429675
영풍정밀(주),36560,Dec-17,7471788,7471788
영풍정밀(주),36560,Dec-18,9110042,9110042
영풍정밀(주),36560,Dec-19,10110293,10110293
영풍정밀(주),36560,Dec-20,10335418,10335418
와이더블유(주),51390,Dec-11,3850906,3568397
와이더블유(주),51390,Dec-12,1971698,1661830
와이더블유(주),51390,Dec-13,2260338,2198996
와이더블유(주),51390,Dec-14,1118363,869100
와이더블유(주),51390,Dec-15,1826834,1569874
와이더블유(주),51390,Dec-16,4260304,3968462
와이더블유(주),51390,Dec-17,4209073,4209073
와이더블유(주),51390,Dec-18,3275619,3275619
와이더블유(주),51390,Dec-19,2753403,2753403
와이더블유(주),51390,Dec-20,3626743,3626743
와토스코리아(주),79000,Dec-11,3633394,3633394
와토스코리아(주),79000,Dec-12,2941694,2941694
와토스코리아(주),79000,Dec-13,2579473,2579473
와토스코리아(주),79000,Dec-14,3862879,3862879
와토스코리아(주),79000,Dec-15,4245911,4245911
와토스코리아(주),79000,Dec-16,2558197,2558197
와토스코리아(주),79000,Dec-17,3537753,3537753
와토스코리아(주),79000,Dec-18,2006407,2006407
와토스코리아(주),79000,Dec-19,505797,505797
와토스코리아(주),79000,Dec-20,156507,156507
웨이포트유한공사,900130,Dec-11,,2737826
웨이포트유한공사,900130,Dec-12,,-7239812
웨이포트유한공사,900130,Dec-13,,-7332495
웨이포트유한공사,900130,Dec-14,,-9616356
웨이포트유한공사,900130,Dec-15,,-1018239
웨이포트유한공사,900130,Dec-16,,-4120374
위즈코프(주),38620,Dec-11,-679290,-1071134
위즈코프(주),38620,Dec-12,-225635,-856687
위즈코프(주),38620,Dec-13,245479,-219382
위즈코프(주),38620,Dec-14,617616,466698
위즈코프(주),38620,Dec-15,394833,290169
위즈코프(주),38620,Dec-16,1102220,1067923
위즈코프(주),38620,Dec-17,1419234,922851
위즈코프(주),38620,Dec-18,1334885,763191
위즈코프(주),38620,Dec-19,1572911,1039680
위즈코프(주),38620,Dec-20,502345,307775
유아이엘(주),49520,Dec-11,-6898920,-2190203
유아이엘(주),49520,Dec-12,2288866,7855257
유아이엘(주),49520,Dec-13,10600440,19419325
유아이엘(주),49520,Dec-14,11801067,27035662
유아이엘(주),49520,Dec-15,4601907,24069835
유아이엘(주),49520,Dec-16,-1638305,20066496
유아이엘(주),49520,Dec-17,4353058,24336006
유아이엘(주),49520,Dec-18,-4402637,8371817
유아이엘(주),49520,Dec-19,-5568779,8864171
유아이엘(주),49520,Dec-20,-12706828,-12718504
이원컴포텍(주),88290,Dec-11,551908,551908
이원컴포텍(주),88290,Dec-12,-56561,-56561
이원컴포텍(주),88290,Dec-13,-2950122,-3153496
이원컴포텍(주),88290,Dec-14,-12117,-677545
이원컴포텍(주),88290,Dec-15,1768235,-1214061
이원컴포텍(주),88290,Dec-16,-2903188,-4482840
이원컴포텍(주),88290,Dec-17,-688027,-2214309
이원컴포텍(주),88290,Dec-18,1299130,601722
이원컴포텍(주),88290,Dec-19,1335594,1356893
이원컴포텍(주),88290,Dec-20,-4554421,-5152913
이트론(주),96040,Dec-11,-3580030,-6652535
이트론(주),96040,Dec-12,-1149990,-3706638
이트론(주),96040,Dec-13,1619242,1664805
이트론(주),96040,Dec-14,136974,136974
이트론(주),96040,Dec-15,-5112028,-5112028
이트론(주),96040,Dec-16,-4000440,-4000440
이트론(주),96040,Dec-17,214267,214267
이트론(주),96040,Dec-18,-4433248,-4433248
이트론(주),96040,Dec-19,-2335622,-2335622
이트론(주),96040,Dec-20,457741,450162
인포뱅크(주),39290,Dec-11,-855641,-855641
인포뱅크(주),39290,Dec-12,1022194,1022194
인포뱅크(주),39290,Dec-13,-4517872,-4168744
인포뱅크(주),39290,Dec-14,-2915127,-2893853
인포뱅크(주),39290,Dec-15,315215,669178
인포뱅크(주),39290,Dec-16,216157,561469
인포뱅크(주),39290,Dec-17,2053582,2539518
인포뱅크(주),39290,Dec-18,2141088,2380163
인포뱅크(주),39290,Dec-19,655418,794191
인포뱅크(주),39290,Dec-20,406663,594973
자이글(주),234920,Dec-13,7162723,7162723
자이글(주),234920,Dec-14,11407298,11407298
자이글(주),234920,Dec-15,16692923,16692923
자이글(주),234920,Dec-16,13100447,13100447
자이글(주),234920,Dec-17,5913449,5951009
자이글(주),234920,Dec-18,-6378357,-6410640
자이글(주),234920,Dec-19,-15558171,-15558171
자이글(주),234920,Dec-20,1260716,1260716
지더블유바이텍(주),36180,Dec-11,-20482,-20482
지더블유바이텍(주),36180,Dec-12,-1925367,-1925367
지더블유바이텍(주),36180,Dec-13,202885,202885
지더블유바이텍(주),36180,Dec-14,216386,216386
지더블유바이텍(주),36180,Dec-15,658410,658410
지더블유바이텍(주),36180,Dec-16,1079341,1079341
지더블유바이텍(주),36180,Dec-17,1415359,1415359
지더블유바이텍(주),36180,Dec-18,1631201,1631201
지더블유바이텍(주),36180,Dec-19,567501,195183
지더블유바이텍(주),36180,Dec-20,85013,31309
차이나그레이트스타인터내셔널리미티드,900040,Dec-11,,64690456
차이나그레이트스타인터내셔널리미티드,900040,Dec-12,,70350636
차이나그레이트스타인터내셔널리미티드,900040,Dec-13,,77651115
차이나그레이트스타인터내셔널리미티드,900040,Dec-14,,80061039
차이나그레이트스타인터내셔널리미티드,900040,Dec-15,,81860283
차이나그레이트스타인터내셔널리미티드,900040,Dec-16,,73556766
차이나그레이트스타인터내셔널리미티드,900040,Dec-17,,-18713937
차이나그레이트스타인터내셔널리미티드,900040,Dec-18,,51562921
케이에이치전자(주),111870,Dec-11,11986111,12600089
케이에이치전자(주),111870,Dec-12,10169927,10416344
케이에이치전자(주),111870,Dec-13,8730818,8216588
케이에이치전자(주),111870,Dec-14,2606662,2953088
케이에이치전자(주),111870,Dec-15,5014436,5403212
케이에이치전자(주),111870,Dec-16,3510408,4872376
케이에이치전자(주),111870,Dec-17,2507504,3947909
케이에이치전자(주),111870,Dec-18,8103,778779
케이에이치전자(주),111870,Dec-19,-2751876,-2604194
케이에이치전자(주),111870,Dec-20,-7337984,-11904165
코아스템(주),166480,Dec-13,-2917990,-2405753
코아스템(주),166480,Dec-14,-3755313,-1803571
코아스템(주),166480,Dec-15,-1608171,1367664
코아스템(주),166480,Dec-16,-3621653,-1623644
코아스템(주),166480,Dec-17,-4144096,-5070660
코아스템(주),166480,Dec-18,-4258211,-4020568
코아스템(주),166480,Dec-19,-6831892,-5088389
코아스템(주),166480,Dec-20,-9328781,-6998080
키네마스터(주),139670,Dec-11,3114608,3114608
키네마스터(주),139670,Dec-12,4371613,4371613
키네마스터(주),139670,Dec-13,4549263,4549263
키네마스터(주),139670,Dec-14,2228410,2289241
키네마스터(주),139670,Dec-15,-2096716,-2181824
키네마스터(주),139670,Dec-16,-5004644,-4966034
키네마스터(주),139670,Dec-17,-3393645,-3364001
키네마스터(주),139670,Dec-18,2226874,-3123903
키네마스터(주),139670,Dec-19,-391591,317948
키네마스터(주),139670,Dec-20,2393686,4103713
테고사이언스(주),191420,Dec-12,1891564,1891564
테고사이언스(주),191420,Dec-13,1819512,1819512
테고사이언스(주),191420,Dec-14,1704797,1704797
테고사이언스(주),191420,Dec-15,1368289,1368289
테고사이언스(주),191420,Dec-16,2493902,2333868
테고사이언스(주),191420,Dec-17,2358075,2086795
테고사이언스(주),191420,Dec-18,1175010,872812
테고사이언스(주),191420,Dec-19,418659,345960
테고사이언스(주),191420,Dec-20,1776981,1575382
피씨엘(주),241820,Dec-13,-298364,-298364
피씨엘(주),241820,Dec-14,-472983,-472983
피씨엘(주),241820,Dec-15,-1361900,-1361900
피씨엘(주),241820,Dec-16,-2382776,-2382776
피씨엘(주),241820,Dec-17,-4086984,-4086984
피씨엘(주),241820,Dec-18,-6003150,-6003150
피씨엘(주),241820,Dec-19,-6412497,-6412497
피씨엘(주),241820,Dec-20,25675912,25675912
피에스케이홀딩스(주),31980,Dec-11,3910384,4100847
피에스케이홀딩스(주),31980,Dec-12,4847813,8659541
피에스케이홀딩스(주),31980,Dec-13,13619706,21039565
피에스케이홀딩스(주),31980,Dec-14,16631079,17505053
피에스케이홀딩스(주),31980,Dec-15,12727375,16684579
피에스케이홀딩스(주),31980,Dec-16,22039270,25322715
피에스케이홀딩스(주),31980,Dec-17,55838199,57678366
피에스케이홀딩스(주),31980,Dec-18,61943757,67584477
피에스케이홀딩스(주),31980,Dec-19,1937424,1462469
피에스케이홀딩스(주),31980,Dec-20,-2058963,-2464096
한국전자인증(주),41460,Dec-11,4039563,4039563
한국전자인증(주),41460,Dec-12,4872967,4413154
한국전자인증(주),41460,Dec-13,5242275,3868710
한국전자인증(주),41460,Dec-14,5388143,3570030
한국전자인증(주),41460,Dec-15,6630318,4481513
한국전자인증(주),41460,Dec-16,7286154,5126425
한국전자인증(주),41460,Dec-17,7111158,5084812
한국전자인증(주),41460,Dec-18,6219403,3596865
한국전자인증(주),41460,Dec-19,6897444,2321880
한국전자인증(주),41460,Dec-20,6143970,4596355
한국정보인증(주),53300,Dec-11,4073216,4073216
한국정보인증(주),53300,Dec-12,4403661,4497850
한국정보인증(주),53300,Dec-13,4526316,4684889
한국정보인증(주),53300,Dec-14,4059864,4209463
한국정보인증(주),53300,Dec-15,5412214,5533739
한국정보인증(주),53300,Dec-16,6778702,6962117
한국정보인증(주),53300,Dec-17,7936859,8130846
한국정보인증(주),53300,Dec-18,8844034,9011736
한국정보인증(주),53300,Dec-19,9392395,9271306
한국정보인증(주),53300,Dec-20,10474688,10421378
한국컴퓨터(주),54040,Dec-11,8522868,7769618
한국컴퓨터(주),54040,Dec-12,6986189,7461679
한국컴퓨터(주),54040,Dec-13,15638471,15459239
한국컴퓨터(주),54040,Dec-14,8378519,8345793
한국컴퓨터(주),54040,Dec-15,10433253,8952288
한국컴퓨터(주),54040,Dec-16,7503996,7449343
한국컴퓨터(주),54040,Dec-17,3531538,3368177
한국컴퓨터(주),54040,Dec-18,84853,-5305299
한국컴퓨터(주),54040,Dec-19,358510,7190860
한국컴퓨터(주),54040,Dec-20,1666058,10096641
한일사료(주),5860,Dec-11,2076294,7072656
한일사료(주),5860,Dec-12,444656,2227489
한일사료(주),5860,Dec-13,504861,2481866
한일사료(주),5860,Dec-14,3440319,6413617
한일사료(주),5860,Dec-15,2894232,-9597604
한일사료(주),5860,Dec-16,1024653,6633063
한일사료(주),5860,Dec-17,603139,-856536
한일사료(주),5860,Dec-18,1244207,2057669
한일사료(주),5860,Dec-19,737564,4440261
한일사료(주),5860,Dec-20,920750,3429452
해성산업(주),34810,Dec-11,3480683,3480683
해성산업(주),34810,Dec-12,3479050,3479050
해성산업(주),34810,Dec-13,3117705,3117705
해성산업(주),34810,Dec-14,3024258,3024258
해성산업(주),34810,Dec-15,2776302,2776302
해성산업(주),34810,Dec-16,2419151,2419151
해성산업(주),34810,Dec-17,2418620,2418620
해성산업(주),34810,Dec-18,2735487,2735487
해성산업(주),34810,Dec-19,5217232,5217232
해성산업(주),34810,Dec-20,8003448,23066212
현대에이치티(주),39010,Dec-11,-6974144,-6960662
현대에이치티(주),39010,Dec-12,188859,194202
현대에이치티(주),39010,Dec-13,-436361,-441935
현대에이치티(주),39010,Dec-14,5280893,5282996
현대에이치티(주),39010,Dec-15,8640918,8645211
현대에이치티(주),39010,Dec-16,10680912,10675058
현대에이치티(주),39010,Dec-17,17630649,17629337
현대에이치티(주),39010,Dec-18,20095396,20098393
현대에이치티(주),39010,Dec-19,10499476,10499476
현대에이치티(주),39010,Dec-20,8626234,8626234
휴림네트웍스(주),192410,Dec-11,2754272,2754272
휴림네트웍스(주),192410,Dec-12,5368910,5368910
휴림네트웍스(주),192410,Dec-13,2490963,2490963
휴림네트웍스(주),192410,Dec-14,4919086,4919086
휴림네트웍스(주),192410,Dec-15,494284,345831
휴림네트웍스(주),192410,Dec-16,-4919926,-5234529
휴림네트웍스(주),192410,Dec-17,-763184,1374839
휴림네트웍스(주),192410,Dec-18,-5450503,-3598661
휴림네트웍스(주),192410,Dec-19,1492348,3645310
휴림네트웍스(주),192410,Dec-20,-1812984,-11779313
휴젤(주),145020,Dec-11,8357190,8527335
휴젤(주),145020,Dec-12,8593351,8051949
휴젤(주),145020,Dec-13,8685367,11584289
휴젤(주),145020,Dec-14,12706010,15488189
휴젤(주),145020,Dec-15,10655841,17757468
휴젤(주),145020,Dec-16,28344360,63260268
휴젤(주),145020,Dec-17,61743506,101924345
휴젤(주),145020,Dec-18,39482005,60194964
휴젤(주),145020,Dec-19,41865498,68086697
휴젤(주),145020,Dec-20,49310445,78059793
흥구석유(주),24060,Dec-11,1696735,1696735
흥구석유(주),24060,Dec-12,739035,739035
흥구석유(주),24060,Dec-13,-210489,-210489
흥구석유(주),24060,Dec-14,1161508,1161508
흥구석유(주),24060,Dec-15,462400,462400
흥구석유(주),24060,Dec-16,963788,963788
흥구석유(주),24060,Dec-17,751487,751487
흥구석유(주),24060,Dec-18,1092436,1092436
흥구석유(주),24060,Dec-19,500763,500763
흥구석유(주),24060,Dec-20,-493797,-493797
