[제조]총자본증가율,[제조]총자본사업이익률,[제조]1주당매출액,[제조]비유동자산회전률,[제조]매출채권회전률,[제조]순운전자본회전률,[제조]현금비율,[제조]자기자본배율,[제조]노동소득분배율,[제조]이자보상배율(이자비용),label
2.59522426447644,-2.3837113692424707,-0.8043290469266735,-0.3683806938026694,-0.07927449103281639,-0.2683412821034297,1.2206408415918926,-0.9732753223185711,2.8266538436840203,-0.27788851268239095,0
0.04549094027052924,-0.112296711879384,-0.4854160362859347,-0.9355308340871976,2.3658633397030195,0.1896776653768036,0.4411570963848068,0.32311379292942716,-0.326247265090154,-0.2554852039572159,0
-0.2711916964619672,0.4095746557391594,-0.3802424022255461,0.01776408256126474,-0.13946888584719605,0.2521347945786537,0.6678705489492581,2.6478770831639142,0.054187720065786704,3.18971452368419,0
-2.2881137860072744,-2.7604338002197633,-0.9128496473188461,-1.1406702465305376,-0.5151649362403932,-1.1635601339966126,-0.6321462307006421,-0.9656432440453719,-1.4301550921627928,-0.3010192015609808,1
-0.5532436891249023,-0.8989817883319654,-0.8848271340875457,-0.6881568367290524,2.376241683636533,-0.41407458357441296,-0.8026747475454064,-0.5805242746173405,-1.4301550921627928,-0.269323611375932,1
0.1714964162826688,0.3907385341902948,-0.31189184669017883,-0.4950844485470853,0.7260849982078496,-0.16424606676701303,-0.6581991985519255,-0.27269353446297245,0.06111311421304284,-0.2485569079959402,0
-0.2620124896001558,-0.9842983388768227,0.8173503028897091,-1.0863686373543593,0.7592956987950932,0.1896776653768036,-0.5937246821522848,2.6478770831639142,0.208393163078025,-0.28670799704254507,0
-0.12432438667298339,0.33201415524383443,-0.49547950634518095,-0.7303914216438577,-0.05851780316578899,0.41868713911691996,-0.1920089707888085,-0.08383722012236108,-0.19050953980393237,-0.25441231823092914,0
-0.3133326006911928,0.14586895405505468,2.112358644961045,-0.2115093784048212,-0.6314023882957471,0.27295383764593656,-0.7535951666942512,0.2307441470116816,-0.17319605443579184,-0.2563944291489844,0
-0.304987867180455,0.34531024104303304,-0.471844378009944,-0.65798927607562,-0.5234676113872041,0.12722053617495357,-0.6043827144550825,-0.5337321102184173,-0.3301716551069326,-0.2561580305991246,0
-1.2425186771118377,0.11816877530672436,-0.4955525935996964,-0.4830174242857123,-0.014928758645031312,-0.22670319596886307,-0.8142538443681989,-0.9075857021389663,-0.6778264412991939,-0.262922666025882,0
-0.22946802890827864,-1.6801268290348808,-0.47752906167365783,-0.9717319068713164,-0.9157690120740233,-1.1635601339966126,-0.8078063927282348,-0.416273350653282,2.8266538436840203,-0.27465167099969523,0
-0.3571424516225658,-0.46131896410834616,-0.5730498040751668,-0.5493860577232635,0.8796844884238525,-0.3932555405071296,-0.22385148705148827,-0.6379261027566123,0.3988415021275706,-0.2690872128260722,0
0.1297727487289802,0.2167814116507803,-0.6788070613591132,-0.5614530819846365,-1.0465361456362965,-0.5806269281126797,2.955926397262225,-0.3418874610046377,-0.1616537308570315,-0.19905868855606484,0
-0.28829840015897956,-0.5422034860534707,-0.8906042516319703,-0.9536313704792572,-0.6708400952430992,-1.559121952274996,-0.8288592960424033,-1.116113429493598,-0.3698772482178681,-0.2647774854170897,1
-0.630849710774763,-0.0690844330319887,-0.5932100633832178,-0.7424584459052306,-0.4196841720520668,-0.9970077894583461,0.7139237749490015,-0.018029356476551763,-0.13372130779643163,-0.2628681125143759,0
-0.03169784470379466,-0.5422034860534707,-0.15037653789886143,-0.2839115239730589,0.269437865133245,0.46032522525148667,-0.806622166916813,-0.9526902097929708,0.5094169620120945,-0.265777633128035,0
-0.5511575057472178,1.1220232531462155,-0.3122035423344362,-0.3321796210185506,0.3462376102412469,0.27295383764593656,0.17536419204343043,-0.3314820359786424,-0.5443971807287245,-0.08704214493018965,0
-0.4255692664106151,0.061660410660130456,-0.8192818393504944,-0.9958659553940623,-0.7995315600186695,-1.2468363062657462,2.955926397262225,-0.7267484446882231,-0.8336478096124584,-0.11619190457828672,1
-0.18482370462583186,1.1740995891930766,0.17241869573173071,1.7976501611137736,-0.6210240443622334,1.5220964216829365,-0.8333330379966641,-0.20437030980881313,-0.6999877025704139,-0.22526255858283206,0
-0.9120672300866243,-0.09456859748045261,0.853540316813118,0.3978753467945123,-0.8555746172596438,-0.2891603251707131,-0.308326261599589,1.0853326748956222,0.4002265809570219,-0.25830380205169823,0
0.975928726717785,1.0466787669507567,1.4137992648023094,0.8503887565959976,-0.37609512753130914,0.06476340697310355,-0.2572729710627306,1.4034398472037621,-0.15057310022142165,-0.2161703066651474,0
-0.2916362935632747,0.19240525435224962,-0.825114847148372,-0.7786595186893495,0.1448977379310803,-1.621579081476846,-0.510697294707033,-0.49283062031768154,-0.5067692058619657,-0.25308484945094717,0
-0.7923203042075379,-0.7693449517897794,-0.905065854712944,-1.0984356616157323,-0.9572823878080784,-1.746493339880546,-0.11148161561211431,-1.0180680971980365,-1.4301550921627928,-0.2861806464313194,0
1.6401695141725077,-0.013684075535328051,-0.7291233368427779,2.063124694863978,-0.853498948472941,-0.5181697989108297,-0.6449095533348568,-1.0341062109777732,-0.11040581416733562,-0.25168464265562374,0
0.4205867115781898,-0.04914030433319085,-0.7005709410162397,-0.7122908852517983,-0.6666887576696938,-0.20588415290157971,-0.8049116185225367,-0.8438954714788193,0.6128361812777872,-0.26190433381110134,0
-2.755418862608587,-1.6269424858380863,-0.7405056019210025,-0.8932962491723924,-1.2499516867331655,-1.5174838661404293,-0.8353067476823675,-1.0669026487404918,-1.4301550921627928,-0.2680325116036208,0
-1.0701999301151042,0.24891361899884348,-0.6043698422601966,0.11430027665224808,-0.9199203496474289,-0.5181697989108297,-0.750700392488553,-0.9380172705775952,0.05695787772468929,-0.26021317495441193,0
-0.17898239116831546,0.10044066090779293,1.1648930958617671,-0.07273859939903253,-0.44874353506590536,0.6060585267224701,-0.6685940695632961,-0.12789903539256237,0.12297996859519843,-0.25944942579332647,0
0.1648206294740786,-0.2053693124737739,0.2614045777294998,-0.26581098758099947,-0.7933045536585613,-0.6222650142472463,-0.7378054892086249,0.010488817690768044,0.2033145407033705,-0.2621589168647965,0
-0.23781276241901642,0.5646956567298091,0.035749829037988345,0.18066891008979943,-0.10418251647324937,2.146667713701436,-0.5716191336724079,-0.1419592584648783,-0.1598069590844299,-0.19287595725203924,0
0.06301488064307845,-0.9687862387777577,-0.7624360775259218,-0.7424584459052306,1.3778449972325117,0.16885862230952028,-0.8071484894996671,-1.106094983084272,0.7938198149927495,-0.26723239343486455,0
-0.13558977691247934,-0.6807043797951223,-0.879363861812511,-0.9294973219565112,-1.2686327058134905,-1.059464918660196,-0.8346488444537996,-1.0544333377589272,0.24555944500163326,-0.26834164816882206,1
-0.18190304789707365,0.1547330112545204,0.3128655285963854,-0.22357640266619414,-0.5566783119744482,0.3562300099150699,-0.6381989404034655,0.7469521228364209,-0.07416291813002816,-0.24104670791193267,0
1.232946518848507,0.901529830309506,1.0250986742249202,-0.38648123019472885,-0.5193162738137987,-0.16424606676701303,-0.7396476182486146,0.47507814581423713,-0.5654042096420683,-0.2516664581517884,0
-0.9066431533046446,-1.3477246840549169,-0.7975416055698286,-0.5916206426380689,-0.32005207029033506,-0.2683412821034297,-0.13713984152625702,-0.538698335799006,2.8266538436840203,-0.3518448897808381,0
0.1360312988620335,0.173569132803385,3.0015972980879204,2.455302983358599,0.5724855079918463,2.146667713701436,-0.8046484572311097,0.6973543634666455,0.15345170284312556,-0.2530666649471118,0
-0.26493314632891396,0.1635970684539861,-0.6005768287133549,-0.5011179606777717,-0.9448283750878618,-0.8720935310546463,2.3264445881685893,0.17086995548813408,-0.13649146545533405,-0.12051981649110462,0
-0.0500562584274177,0.8162132797646485,0.41183426971092024,-0.22357640266619414,-0.7393371652042899,-0.18506510983429636,2.036440845015919,2.6478770831639142,-0.6616671882889295,-0.1347037294826927,0
0.5904020385217024,2.0915295093377773,1.6411941350388297,2.6664759079326252,1.1536727682686152,-0.12260798063244656,2.202890361843563,2.6478770831639142,-0.9589974436777959,4.317862957126669,0
-0.32209457087746735,0.04393229626119903,-0.5732669162135806,-0.6398887396835605,-0.7248074836973707,-0.4557126697089796,-0.05424403472671889,-0.4673545280536227,0.2259374949177405,-0.26177704228425375,0
0.37719409732235365,-0.09235258318058617,0.5279591690104053,2.6664759079326252,-0.8161369103122915,0.1896776653768036,-0.6810942309060837,-0.7222014459423594,0.5740539740531523,-0.262086178849455,0
-1.6217868151748673,-0.9665702244778913,-0.8306791518046486,-0.9656983947406301,-0.8991636617804014,-1.2260172631984627,-0.7770165216312636,-0.8374028302435907,-1.4301550921627928,-0.272378608020274,1
-0.3796732321015577,0.8007011796655836,-0.5305259196979356,1.2425670450906183,-0.8514232796862383,-1.5799409953422794,-0.6862258760889123,0.3919422396664605,-0.19443392982071092,0.03503770311817897,0
0.39722145774812406,0.5358874708315456,-0.535803249398982,-0.259777475450313,-0.9427527063011591,-0.4973507558435463,-0.48372326233575474,-0.8793685113401669,1.7197450124809035,-0.2582492485401921,0
-0.5390576421566481,-0.23639351267190387,-0.7861346198025766,-0.9656983947406301,-0.6376293946558553,0.9599822588662865,-0.5099078108327516,-0.6454399375636068,-1.4301550921627928,-0.2525029453282154,0
-1.8016158223312653,-2.7604338002197633,-0.3407914069756655,0.6573163684140303,-0.2598576754759554,-0.7263602295836629,-0.8109643282253601,-1.518925921228229,-1.4301550921627928,-0.27652467489473825,1
1.8266743081374957,2.0915295093377773,0.09489461494210036,0.8745228051187435,0.38775098597530167,0.7309727851261701,0.22418061160315855,0.4702409131058715,-0.7780138099628336,0.0013709127173761341,0
-0.014591141006782401,-0.465750992708079,-0.671200612826668,-0.4830174242857123,-0.19551194308817013,0.002306277771253514,-0.2758258421083415,-0.6707762875494239,-0.7413092209823757,-0.2670141793888401,0
0.4789998461533538,-0.23971753412170355,-0.6476944619993994,-0.35028015741060997,1.0395109849999642,-0.788817358785513,-0.7720164570941486,-0.9421127942706781,0.17030349526811575,-0.26401373625600416,0
-1.1882779092920428,1.7125910640606181,1.2525236392133001,-0.4830174242857123,-0.28476570091638836,0.23131575151137032,0.0418098366441746,1.7258037842952645,-0.3567189993380813,-0.24544735784009203,0
-0.23656105239240574,1.0588668456000225,-0.37649238118136047,2.6664759079326252,-1.0070984386889443,-0.33079841130527976,2.955926397262225,2.6478770831639142,-1.1425203885800852,-0.22529892759050282,0
-0.07842835236392594,0.2755057905972406,-0.19897956215167711,-0.579553618376696,-0.517240605027096,-0.06015085143059652,-0.6770152308889635,-0.2654806830244985,-0.297160609671678,-0.25268479036656905,0
-0.3684078418620617,0.3032059693455709,-0.14292378756341198,-0.8570951763882735,-0.344960095730768,-0.10178893756516322,0.41549887047066403,1.3242597224708268,-0.30500938970523495,-0.22939044095346092,0
-0.48982371444329553,0.10265667520765935,0.3594833740390518,2.051057670602605,-0.29721971363660477,2.146667713701436,-0.6564886501576493,2.61275877370118,-0.2717674977984052,-0.24701122516993382,0
-2.3502820506622704,-1.167119518615803,-0.8813898835001838,-0.9113967855644517,0.4562480559364923,-1.4550267369385794,-0.7732006829055705,-1.170903151970352,-1.4301550921627928,-0.2667959653428157,1
0.08721460782421785,0.6079079355772046,3.0015972980879204,2.6664759079326252,-0.5836620062015838,1.16817268953912,-0.5662243271981522,0.832227160781897,0.16984180232496543,-0.24030114325468255,0
0.39221461764168153,0.5624796424299427,0.6869336208947423,0.2349705192659776,0.06809799282307864,1.6678297231539199,-0.6829363599460735,0.5921714255747403,-0.4185858537202367,-0.1966401495459607,0
-0.8569919889157553,-0.6108999293493299,-0.46393375752120614,-0.6700563003369929,-0.7248074836973707,-0.4973507558435463,-0.475696842947228,-0.5771167129094473,2.8266538436840203,-0.27066926465974933,0
0.23283020758659106,-0.3793264350132884,-0.13038179972603672,-0.15117425709795657,-0.9593580565947811,-0.3932555405071296,-0.13082397053200653,-0.4374389311038861,0.5024915678648383,-0.26917813534524904,0
0.28832268543299683,0.14697696120498788,3.0015972980879204,2.491504056142717,-0.6583860825228828,0.5019633113860533,-0.509249907604184,2.6478770831639142,-0.0021388189985636977,-0.25423047319257547,0
-1.0639413799820507,-2.7604338002197633,-0.8799356620978382,-0.6760898124676794,-0.29099270727649645,-0.7055411865163795,-0.6300409403692253,-1.1387624279747672,-1.4301550921627928,-0.2786340773396411,1
-0.2853777434302214,0.3984945842398272,-0.021821431268907215,-0.7605589822972899,-0.4736515605063384,0.02312532083853686,-0.07161267996090784,1.4388591400350172,-0.25814755597546796,-0.21437004078544583,0
0.3383910864974231,-0.7737769803895121,3.0015972980879204,-0.33821313314923707,1.8884595187613877,-0.2891603251707131,0.11181074016378452,1.8858194422879981,-1.4301550921627928,-0.4357481904772323,0
0.6087604522453253,0.2655337262478417,-0.43789857272518773,-0.645922251814247,-0.0024747459248147274,-0.16424606676701303,-0.1487189383490497,-0.6680351890146834,-0.7062205573029444,-0.2565035361719966,1
0.020456739738316094,0.9558221806562336,-0.11788387920388414,-0.65798927607562,-0.6708400952430992,0.21049670844408697,0.8408990980625799,0.8987337358189145,-0.2539923194871142,-0.2167158417802085,0
0.03547726005764396,0.36193034829203125,3.0015972980879204,-0.12704020857521067,0.5268207946843857,0.6268775697897534,-0.8322803928309557,1.6271242370446062,-0.20643794634262175,-0.25944942579332647,0
-0.7935720142341486,-0.9876223603266225,-0.256068231616257,-0.8691622006496464,-0.7372614964175871,-0.6222650142472463,-0.7633321344770542,-0.6097304107698501,1.7282863319291863,-0.2689053677877185,0
0.48734457966409145,2.0915295093377773,0.16603108464958838,2.6664759079326252,0.3669942981082743,1.4180012063465197,0.2768128698885796,-0.6012921270452568,-0.5831793879533592,-0.23510037515776688,0
-0.09219716265664318,1.0311666668516921,-0.07824371694231641,-0.5131849849391447,0.8547764629834197,0.39786809604963663,1.174719196237863,1.1867855688990767,-0.030763781473889387,0.014809261051714059,0
-0.09929018614077023,0.256669669048376,-0.13390073606844544,-0.10290616005246477,-0.7559425154979118,1.1265346034045534,-0.47372313326152465,-0.018233595190905037,-0.16650150676011088,-0.2124788523865674,0
-0.27494682654179925,-0.12448479052864934,0.4471321892042135,-0.748491958035917,0.574561176778549,0.08558245004038689,-0.7605689409170695,0.7446410005424239,-0.0037547442995901517,-0.2620316253379489,0
-0.09553505606093828,-0.04249226143359157,-0.7057085450836538,-0.5252520092005176,0.02450894830232096,0.2937728807132199,0.34536638630534044,-0.38691672281651207,0.2704908639317556,-0.257703713425131,0
-0.020432454464298755,0.1336808754057893,-0.6764005560229333,-0.8088270793427818,-0.5691323246946647,-0.018512765296029833,-0.5038551011299283,-0.7329078543368753,-0.39226935596066315,-0.2549942223536609,0
-0.16396187084898756,-0.2762817700694995,-0.8254587871696214,-0.5373190334618906,-0.6542347449494772,-0.2475222390361464,-0.6089880370550568,-0.9755326975824751,1.655108000439846,-0.26415921228668715,0
2.150032731678582,1.0921070600980185,-0.7431141720196665,1.2365335329599314,-0.5276189489606098,-1.559121952274996,0.7505031944573691,-0.33141753954253084,-0.6713627400950882,-0.20373210604175476,0
-0.7389140097388165,-1.474037499147303,-0.7368254436936331,-0.9294973219565112,-0.3740194587446064,-1.559121952274996,-0.5153026173070073,-0.565926581244095,-1.4301550921627928,-0.2727968516084876,0
0.08596289779760713,0.2345095260497117,-0.38134515991867723,2.328599228614183,-0.8140612415255888,0.7309727851261701,-0.8074116507910942,-0.975296210650066,0.028332915249363606,-0.2527211593742398,0
-0.5711848661729884,-0.26963372716990025,-0.903269842914482,-1.1044691737464187,-0.9738877381017004,-1.2051982201311793,-0.3367476810737164,-1.1107387264843027,-0.36156677524116065,-0.26419558129435783,1
-1.2579564341067029,-1.1449593756171386,-0.11720459766191647,-0.4166487908481612,-0.19343627430146743,-0.18506510983429636,-0.4472754234731006,-0.3373727104768299,2.8266538436840203,-0.27121479977481044,0
-0.43015886984152085,0.3176100622947027,1.805401849308991,1.6830134306307303,2.6543813010547015,1.7719249384903366,0.4583941609732822,0.13935269704162764,-0.15865272672655392,-0.25024806685262957,0
-1.330555615650121,-0.47129102845774506,-0.34178883303728896,-1.0984356616157323,0.6513609218865505,-0.10178893756516322,1.4663019071390955,1.534002132705559,1.675653336410039,-0.2810162473420745,0
0.562864417936268,-1.8806761231727922,-0.7915806950765487,0.43407641957863113,-0.9261473560075372,-0.7055411865163795,-0.37635345543349574,-1.0416522940028234,2.8266538436840203,-0.2724695305394509,0
-0.06799743547550378,1.5552540487701019,-0.7555605015386315,-0.3321796210185506,-0.6480077385893691,-0.018512765296029833,2.6490803314582205,1.1658994730049557,-0.378649414137726,0.264864373291878,0
0.42267289495587423,-0.19872126957417463,-0.3875479032393982,-0.7062573731211118,2.2350962061407462,1.4180012063465197,-0.58688248857518,-0.17607787316788365,0.3866066391340846,-0.2608314480848145,0
0.2762228218424272,2.0915295093377773,0.08816306383870828,-0.27787801184237243,-0.2266469748887114,-0.2475222390361464,2.751844815760505,2.087747034347215,-0.6251934457800469,5.455230934013681,0
0.41641434482282086,-2.1720820036052273,-0.8286649530552064,-0.9656983947406301,-0.19343627430146743,-1.2884743924003128,-0.774253328071279,-1.0266783714189274,2.8266538436840203,-0.273015065654512,1
0.26203677487417304,1.4333732622774484,0.5419285079359659,0.2349705192659776,-0.19343627430146743,0.08558245004038689,2.955926397262225,2.2987041274620483,-0.34055974632781677,0.44978259279374894,0
-0.61249129705114,-0.6518961938968588,-0.8669487018579716,-1.237206440621521,2.76646741553665,-1.7881314260151127,-0.7888587797454834,-1.0620761654381448,0.05395687359421171,-0.26574126412036425,1
-0.4885720044166849,-0.2064773196237071,0.5267091619956769,1.176198411653067,0.07640066796988963,0.8767060865971531,-0.7058313923002315,-0.16357631396826322,0.6409994508099623,-0.2623225773993148,0
-0.40429019595823396,1.4245092050779824,-0.06455167965888826,-0.19944235414344824,0.5558801576982243,0.5644204405879034,0.7478715815430981,0.21723214364631355,-0.646662167636541,-0.07273094041175397,0
2.3811818499260173,2.0915295093377773,-0.25961403827282586,1.1460308509996346,2.76646741553665,-0.2683412821034297,-0.4391174234388604,2.6478770831639142,-1.0213259910031016,-0.17616439822733482,0
-2.8313559375562996,-0.975434281677357,-0.8940264548434025,-1.194971855706716,-0.4798785668664465,-1.8297695121496793,-0.32845810039376255,-1.0265601279527228,0.3679080749364928,-0.27581547924515887,0
0.22573718410246402,0.5968278640778725,0.005781905061495513,-0.8208941036041547,-0.2536306691158471,0.12722053617495357,-0.011085582932673607,1.453811563806876,-0.1766587515094201,-0.20702350123595661,0
-0.8707607992084725,-0.37711042071342193,-0.264141148802522,0.9227909021642352,-0.7123534709771542,-0.33079841130527976,-0.6443832307520024,0.11140424139329308,-1.4301550921627928,-0.26461382488257135,1
1.6218111004488847,2.0051049516429864,0.6067397056901629,2.6664759079326252,-0.3843978026781201,0.7934299143280197,2.955926397262225,0.6788331368966146,-0.6159595869170384,-0.010594490806296921,0
0.15939655269209907,1.1275632888958813,-0.7038179497793481,2.6664759079326252,-0.614797038002125,-0.20588415290157971,1.3097209387399678,-0.8452606460431802,-0.28584913256449285,0.7425288585380817,0
-0.546567902316312,0.3375541909935005,-0.43264703852573483,2.6664759079326252,-1.5322426417247392,-0.16424606676701303,2.955926397262225,-0.18660154166008355,0.014020434011700843,5.455230934013681,0
0.804027216396588,-0.04803229718325761,2.9689294449446186,1.278768117874737,2.76646741553665,2.146667713701436,-0.5672769723638607,0.029074540696910484,-0.0748554575447538,-0.2610678466346743,0
-0.48648582103900045,0.15584101840445358,-0.1090671917216673,-0.35631366954129645,0.17810843851832428,1.2306298187409699,-0.7660953280370387,-0.4268077685515004,-0.2161334981487803,-0.2602495439620827,0
0.05633909383448827,0.7907291153161847,-0.22350033604163155,0.14446783730568058,-0.6521590761627745,0.2937728807132199,0.4495782577104742,0.3021309523811391,-0.22190465993816047,0.12453455719433272,0
-0.2820398500259263,-0.9710022530776241,1.4214024888970551,-0.12100669644452419,-1.1461682473980281,-0.8720935310546463,-0.8162275540539022,-0.2614389063615086,2.756476516325158,-0.26775974404609026,1
0.0221256864404636,0.9037458446093724,0.4649353845541393,0.560780174323047,-0.6230997131489361,1.0016203450008532,-0.6538570372433783,0.252769679943773,-0.7987899924046022,-0.2219711633886302,0
0.21196837380974676,0.0672004464097965,2.31720609717953,2.0812252312560373,-0.8078342351654805,0.39786809604963663,-0.2597730033312881,2.5361692558187245,0.17584381058592058,-0.23033603515290013,0
0.8862228414773545,0.45278693458655467,1.1384505571030814,0.7840201231584465,0.5766368455652516,0.21049670844408697,-0.3587216489078797,2.6478770831639142,0.13913922160546296,-0.22126196773905082,0
-0.33210825109035264,-0.1222687762287829,-0.41587458842699115,0.06603217960675628,-1.0320064641293771,-0.2475222390361464,0.7072131620176103,-0.054910568526334726,0.6945558322154105,-0.2647192950048165,0
-1.0639413799820507,-2.7604338002197633,-0.8799356620978382,-0.6760898124676794,-0.29099270727649645,-0.7055411865163795,-0.6300409403692253,-1.1387624279747672,-1.4301550921627928,-0.2786340773396411,1
0.5098753601430834,0.1536250041045871,-0.5068746691742024,1.7252480155455359,-0.2536306691158471,2.0633915414323027,-0.4588545202958933,-0.8077237202262632,0.22016633312836034,-0.21156962719479894,0
0.6650874034428049,0.532563449381746,-0.2596828262770757,-0.39251474232541533,0.2984972281470836,0.8142489573953031,-0.6143828435293125,-0.3047590126164271,0.1245958938962247,-0.25037535837947716,0
1.8387741717280652,1.8023396432052086,0.11274832648264692,0.21686998287391804,-0.06889614709930268,0.1896776653768036,2.550394847173056,1.1705109681869308,-0.6826742172022733,-0.217825096514166,0
-0.06632848877335625,1.005682502403228,1.5402111951748525,-0.6278217154221878,0.286043215426867,0.043944363905820204,0.811688194714171,2.3169243706635587,-0.28977352258127137,-0.24970253173756846,0
-0.3842628355324634,0.21013336875118105,-0.6408532800142343,0.03586461895332403,-0.903314999353807,-0.30997936823799643,1.3853798100252606,-0.3967524293235222,-0.10648142415055707,1.146649148772773,0
-0.14602069380090146,0.22010543310057995,-0.6365723015622448,-0.11497318431383773,-0.8950123242069958,-0.5598078850453964,-0.371879713479235,-0.2308138486145451,-0.21728773050665642,-0.21578843208460466,0
-0.502758051384939,0.6367161214754681,-0.8458404578663518,-0.7364249337745442,1.1723537873489398,0.39786809604963663,-0.5706980691524131,-0.7185036502719644,0.820367159223898,-0.25048446540248936,0
-0.16437910752452445,0.6633082930738652,-0.27614143110642925,-0.5131849849391447,-0.8182125790989943,0.3145919237805032,0.14641644998644898,0.4098722489054688,-0.6014162592078005,-0.0902062485975439,0
-0.22863355555720488,-0.000387989736129482,1.0875936508985153,-0.6097211790301283,-0.052290796805680696,0.6268775697897534,-0.6189881661292869,1.0558363047806105,-0.4190475466633872,-0.257849189455814,0
0.17566878303803765,0.5591556209801432,-0.7137556667683249,-0.9958659553940623,0.8942141699307719,-0.4348936266416963,2.183548006923671,-0.2922682028228253,-0.002831358413289344,-0.2412467374541217,0
-0.39302480571873794,0.39295454849016115,1.8104040269930375,-0.5192184970698311,-0.6480077385893691,-0.41407458357441296,-0.7595162957513611,0.810266124285917,-0.5116169817650451,-0.2551033293766732,0
0.3488220033858453,0.1846492043027171,0.8582415469785719,2.6664759079326252,2.76646741553665,-1.496664823073146,-0.795700973322588,1.3047280517350484,-0.6129585827865609,-0.2619811438866131,0
2.59522426447644,2.0915295093377773,3.0015972980879204,2.165694401085648,0.2756648714933535,0.23131575151137032,0.796424839811399,2.6478770831639142,-1.0956585548503182,5.455230934013681,0
-1.7815884619054947,-0.21534137682317284,-0.8960094840284188,-0.9355308340871976,-1.3059947439741397,-1.6423981245441295,-0.7626742312484863,-0.9546681005003914,-1.4301550921627928,-0.262231654880138,0
0.17733772974018522,0.45389494173648787,-0.5505991191881077,0.2832386163114694,-0.8846339802734822,0.27295383764593656,-0.24253593874281268,-0.46289352455590776,-0.5427812554276981,-0.22646273583596646,0
-1.0026075886781285,-1.9128083305208552,-0.880362362686701,-1.2130723920987752,2.0960263974316624,-1.8922266413515294,-0.39030100387913236,-0.7581904572925995,-1.4301550921627928,-0.3273867321222663,0
-1.5955009046160433,-0.10675667612971794,-0.848176025573149,-1.0381005403088677,-0.5649809871212591,0.2937728807132199,0.5812904840697405,0.23905343786405187,-1.4301550921627928,-0.2612133226653573,0
-0.04797007504973324,0.006260053163469803,-0.4057455548011943,0.6573163684140303,-1.1461682473980281,-0.2891603251707131,0.6895813554919944,-0.3732434783608654,0.14260191867909086,-0.2068598407014383,0
-0.5711848661729884,-0.26963372716990025,-0.903269842914482,-1.1044691737464187,-0.9738877381017004,-1.2051982201311793,-0.3367476810737164,-1.1107387264843027,-0.36156677524116065,-0.26419558129435783,1
0.8457508839502766,1.0943230743978853,-0.24103912750022163,2.6664759079326252,1.4048286914596477,2.146667713701436,-0.8009641991511302,-0.958301399734675,-0.5649425166989179,-0.24444721012914675,0
-0.4518551769694389,-0.29622589876829736,-0.5849200340585392,-0.9777654190020029,-0.6417807322292608,1.7511058954230532,-0.13819248669196543,-0.7014013452963874,0.7167170934866303,-0.2619225183149367,0
-0.9174913068686036,-0.6086839150494634,-0.7881004519865306,-0.18134181775138883,0.38775098597530167,-0.6847221434490962,2.5022363308418956,-0.7249532938831186,-1.4301550921627928,-0.4357481904772323,0
0.6133500556762311,0.2068093473013814,0.12978518047272616,0.22893700713529097,-0.4362895223456888,0.10640149310767025,-0.3121421003252821,-0.3246669125628562,-0.11202173946836208,-0.2588311526629239,0
-0.28579498010575827,-0.9632462030280915,-0.46163258381653394,-0.8872627370417059,-0.5566783119744482,-0.6430840573145298,-0.6660940372947387,-0.4780609364481386,0.8305244039732074,-0.2717057813783654,0
0.040901336839623444,0.7231406791702586,2.149239763364652,2.6664759079326252,-0.12078786676687135,1.8552011107594695,-0.6025405854150928,-0.306048941338658,-0.1007102623611769,-0.2568126727371979,0
-0.5436472455875538,-2.327203004595877,-0.876462942695785,-0.86312868851896,-0.6521590761627745,-0.9970077894583461,-0.8247802960252831,-0.6586402081544356,2.8266538436840203,-0.28929019658716754,1
-0.09762123943862269,1.0810269885986865,-0.2934502126758088,-1.0139664917861217,0.9315762080914212,0.1896776653768036,-0.3472741327308006,0.68595999308694,-0.9532262818884157,-0.23437299500435216,0
-0.9558770810179972,0.5192673635825475,-0.5604949184869948,-0.3744142059333559,-1.1752276104118669,-0.8929125741219297,1.0170855826730265,-0.024210264937241138,0.039875238828123945,-0.2487933065458,0
0.05049778037697184,0.5436435208810781,0.08243753729747116,0.29530564057284237,-0.6397050634425581,0.043944363905820204,-0.5512241335868072,-0.19983406046896804,0.037566774112371845,-0.24377438348723807,0
-0.477306614177189,-0.48680312855681,-0.46290731152028974,-0.8570951763882735,-0.29099270727649645,-0.33079841130527976,-0.4938549720556982,-0.3139605041683403,-0.2948521449559259,-0.26534120503598607,0
-0.5774434163060416,0.3874145127404951,-0.6144698559467007,-0.4166487908481612,-0.46119754778612176,-0.35161745437256314,1.4940654233846549,-0.8710162228637224,0.4706347547874599,-0.2578310049519786,0
-0.28913287351005335,0.06055240351019727,1.507074723752599,-0.5433525455925771,-0.4155328344786614,1.3763631202119528,-0.02700684106401349,2.6478770831639142,0.10174209321027936,-0.22524437407899672,0
-0.3817594154792421,-0.11008069757951758,0.3886881810933973,-0.8027935672120954,-0.6230997131489361,-1.184379177063896,-0.7900430055569053,2.6478770831639142,-0.4065818371983259,-0.26574126412036425,0
-0.04630112834758573,0.6965485075718617,-0.4811221600831484,0.00569705829989179,-1.181454616771975,-0.30997936823799643,0.08588935295821466,-0.2543872960133134,2.8266538436840203,-0.24533825081707983,0
-0.4802272709059472,-0.15883301217657894,-0.6283714816805777,-0.8812292249110194,-0.7850018785117503,-0.601445971179963,1.3873535197109639,-0.16844579489468456,0.8381423375351892,-0.20978754581893277,0
-0.1030453162206022,0.9148259161087047,-0.15773577954103363,1.676979918500044,-0.5566783119744482,-0.41407458357441296,0.5457637097270812,0.6547544674149727,0.01055773693807261,-0.01818833960794714,0
0.7681448623004158,1.10983517449695,0.10317174651598215,-0.054638063006972964,0.05979531767626764,0.14803957924223693,1.524065810607345,0.42553413347455493,-0.12287152363239677,-0.19644012000377165,0
0.7255867213956534,2.0915295093377773,0.6501642829980411,0.18066891008979943,0.5060641068173583,0.3145919237805032,0.7952406139999769,2.219835735503652,-0.8054845400802833,5.455230934013681,0
-0.43474847327242655,0.1868652186025836,-0.019693302387426198,-0.9777654190020029,0.6036205397923872,0.46032522525148667,0.1331268047693801,2.6478770831639142,-0.4222793972654401,-0.19844041542566226,0
1.2571462460296463,1.3004124042854628,1.740382137916911,0.10826676452156174,0.1428220691443776,1.2722679048755368,-0.11003422850926524,1.5895765618216706,-0.30177753910318206,-0.008485088361394031,0
-0.902053549873739,-1.5305458637938967,-0.9109289572626812,-1.2130723920987752,-0.8182125790989943,-1.4133886508040128,2.955926397262225,-1.0457693165079436,-1.4301550921627928,-0.27617916932186626,1
0.005853456094525022,0.7020885433215276,2.409921578782723,2.6664759079326252,-0.14984722978070975,1.16817268953912,0.1191792563237435,1.863600420047572,0.2270917272756168,-0.1738549662402429,0
-1.7540508413200602,-1.8607319944739944,-0.6348633495816615,-0.5192184970698311,-0.18513359915465644,0.46032522525148667,-0.3179316487366784,-0.6781611294841954,-1.4301550921627928,-0.4357481904772323,0
0.9329533491374856,-0.05689635438272333,-0.6754547209644973,0.8564222687266839,-0.15192289856741245,-0.601445971179963,-0.6464885210834194,-0.5712367878172785,-1.4301550921627928,-0.2619225183149367,0
-0.4401725500544061,-0.01590008983519448,-0.16891920429447344,-0.7786595186893495,-0.8036828975920751,-0.41407458357441296,-0.6296461984320846,0.6376199142213398,0.23032357787766972,-0.25713999380623453,0
-0.11013833970472926,0.4827031276347515,0.2582886960994929,0.2349705192659776,-0.5068622610935821,0.02312532083853686,0.8216883237884011,1.6825911721005316,-0.33271096629425984,-0.07147317889647424,0
-0.3955282257719593,0.44281487023715577,2.3303553541169237,0.5185455894082416,1.481628436567649,-0.35161745437256314,-0.6979365535574185,0.43464962977831917,-0.3156283273976945,-0.2548851153306487,0
-0.747675979925091,-1.475145506297236,-0.38678801075495006,2.6664759079326252,-0.7414128339909927,-0.14342702369972968,0.6244489358637857,-0.2980298844487897,-1.4301550921627928,-0.3961605256276332,0
-0.5544953991515129,-0.9942704032262216,-0.38089373864078724,0.1686018858284265,1.4152070353931612,1.8760201538267527,-0.6658308760033116,-1.0053837980961,0.9189386025865115,-0.27066926465974933,0
0.836988913764002,-0.050248311483124045,-0.159325427326746,-0.7183243973824848,-0.28476570091638836,0.14803957924223693,-0.3758271328506415,-0.015030272197365134,-0.0007537401691124043,-0.26154064373439395,0
-0.902053549873739,-1.5305458637938967,-0.9109289572626812,-1.2130723920987752,-0.8182125790989943,-1.4133886508040128,2.955926397262225,-1.0457693165079436,-1.4301550921627928,-0.27617916932186626,1
-0.8749331659638414,-1.8673800373735934,-0.7052968918707208,-0.5493860577232635,-1.2208923237193272,-0.9761887463910628,-0.6692519727918639,-1.0237545329818707,-1.4301550921627928,-0.2727422980969815,1
-2.270172608959188,-2.7604338002197633,-0.6244967823786891,-0.6217882032915013,-1.0444604768495938,-0.9970077894583461,-0.8041221346482553,-1.1149094960195158,-1.4301550921627928,-0.28223460909904424,1
-0.25158157271173365,0.41511469148882546,-0.3839967225199974,0.4461434438400041,-0.14984722978070975,0.9599822588662865,-0.14792945447476835,-0.7857519343242648,0.23724897202492584,-0.24835687845375118,0
-0.5937156466519802,-0.5953878292502649,0.09875104243035995,0.5487131500616741,1.0042246156260177,1.8968391968940361,-0.5416187464497179,-0.718933626512708,1.2571286834441893,-0.26746879198472434,0
-0.20234764499838107,0.9990344595036286,3.0015972980879204,-0.6217882032915013,2.76646741553665,0.27295383764593656,-0.1952984869316473,2.6478770831639142,-0.307317854420987,2.1324674706958167,0
-0.20818895845589747,-0.32835810611636057,0.37086993836754206,0.09016622812950217,-0.7974558912319668,0.2521347945786537,-0.3520110359764885,0.3882444439960654,0.2848033451694185,-0.2648320389285958,0
-0.42974163316598396,-0.059112368682589754,-0.8988297922026647,-1.2191059042294619,-1.5322426417247392,-1.4550267369385794,-0.8167538766367565,-0.5401387562054971,-0.7757053452470816,-0.26177704228425375,0
0.17692049306464835,2.059397301989714,-0.7183021239242163,2.141560352562902,0.40850767384232906,-0.41407458357441296,-0.3839851328848818,-0.6533837486113449,-0.7969432206320006,0.02844763892824107,1
2.59522426447644,1.0488947812506235,-0.6800968364387987,2.6664759079326252,-0.4010031529717421,-1.5799409953422794,0.027335965615683695,2.6478770831639142,-0.5224667659290798,5.455230934013681,0
-0.7451725598718699,0.002936031713670185,1.4066001702325315,-0.13910723283658363,-0.5462999680409344,0.48114426831877,-0.8270171670024136,0.37758103322562386,-0.554092732534883,-0.26088600159632064,0
-0.17230660435972528,0.6965485075718617,0.12201106117992173,0.5668136864537333,1.5667308568224618,0.37704905298235325,0.7735298074572409,0.6908079752013242,-0.0023696654701388584,0.4976623913922764,0
-0.3266841743083731,-0.6762723511953895,-0.7371769074028474,-1.0622345888316136,0.1822597760917297,-1.1635601339966126,-0.745700327951438,-0.6460956513307408,0.3097347640995408,-0.26550486557050446,0
-0.43641741997457417,0.8339413941635799,-0.697436787572604,0.560780174323047,0.4105833426290318,0.37704905298235325,-0.37635345543349574,-0.927450604461321,-0.4225102437370153,-0.26639817932141696,0
-0.7689550503774724,0.10598069665745898,-0.8401439512644074,-1.1105026858771052,-0.15814990492752073,-1.3925696077367296,-0.743989779557162,-0.7508916106059768,-1.4301550921627928,-0.2489024135688122,0
-1.3568415262089446,-1.0917750324203443,-0.904122169279641,-1.1346367343998511,-1.32882710062787,-1.9755028136206625,-0.80688532820824,-1.2439453658666728,-1.4301550921627928,-0.26657775129679123,1
-0.25116433603619676,0.3774424483910962,-0.8884385043106651,-0.9113967855644517,-0.0626691407391944,-1.6007600384095626,-0.15595587386329504,-1.0628071250474092,2.8266538436840203,-0.25724910082924674,1
-2.607299842792992,-2.5787206276307164,-0.4872378435859906,-0.7726260065586629,-0.2245713061020087,-0.8720935310546463,-0.7310948762772337,-1.8961010796085225,-1.4301550921627928,-0.275870032756665,1
-0.769789523728546,-1.5593540496921605,-0.3415727957114417,2.413068398443793,0.40435633626892364,0.12722053617495357,-0.8291224573338305,-0.726490458943777,2.8266538436840203,-0.2829801737562944,0
0.126852092000222,1.05111079555049,-0.46325447597923847,-0.5373190334618906,-1.009174107475647,-0.018512765296029833,-0.11753432531493765,0.05958135497766963,-0.23690968059054904,-0.2132244170438176,0
-0.34379087800538544,0.0672004464097965,-0.12469174199949086,-0.3321796210185506,-0.052290796805680696,0.5644204405879034,-0.6471464243119872,-0.4504994594164733,-0.07670222931735542,-0.25741276136376506,0
2.173397985508648,-1.603674335689489,-0.8192442209106701,-1.182904831445343,0.005827929221996268,-1.3717505646694461,1.0655072602956142,-0.2122603738264584,-0.8892818092620833,-0.26835983267265745,0
-0.3721629719418937,0.27993781919697347,-0.14119656376919984,-0.2115093784048212,-0.8618016236197519,-0.538988841978113,-0.579250811123794,0.5934506048909525,-0.036996636206419874,-0.24799318837704376,0
-0.5486540856939964,-1.7056109934833446,-0.7799630460462814,-1.0441340524395542,-1.2769353809603012,-1.4758457800058629,-0.7354370375857809,-0.707550005539021,2.8266538436840203,-0.2701055450408529,0
-0.681752585190263,0.16138105415411963,-0.8967468054489725,-0.7122908852517983,2.76646741553665,-0.7471792726509462,-0.7234631988258476,-1.0829085143021726,-0.7865551294111165,-0.2612133226653573,0
-0.9884215417098744,-0.5787677220012667,-0.8174406854242432,-0.567486594115323,0.4458697120029784,-0.37243649743984647,0.95905851791335,-1.0130588739933735,-1.4301550921627928,-0.26872352274936484,0
0.5445060042126448,0.8849097230605079,0.46152070503067183,2.425135422705166,2.536068180212645,0.8142489573953031,-0.48806542364430194,-0.0509332882994563,-0.5926440932879427,-0.11855589007688473,0
-1.846677383289249,-0.5089632715554743,-0.5569157926408674,-0.8751957127803329,1.3342559527117543,-1.4342076938712962,-0.5567505207067764,-1.061990170189996,1.5503037023447024,-0.2653048360283154,1
1.9251421635642008,-0.20204529102397425,-0.8731482207409933,-0.46491688789365304,-0.8597259548330491,-0.5598078850453964,-0.7770165216312636,-0.9622249329314604,-1.4301550921627928,-0.26343183213327237,0
-0.4914926611454431,0.6732803574232641,1.0593593995916328,2.6664759079326252,2.76646741553665,2.146667713701436,2.2401276845804987,0.061956973707778105,-0.2957755308422267,0.003262101116254532,0
-0.20234764499838107,0.27882981204704027,-0.5313395528107039,-0.3744142059333559,-0.2100416245950894,0.2521347945786537,-0.5996458112093946,-0.2984383618774961,-0.3756484100072483,-0.2520119637246604,0
-1.3464106093205226,-1.2524360691606604,0.9673274987806734,-0.259777475450313,0.14074640035767488,0.41868713911691996,-0.17582455136604155,1.0787110407881708,-1.4301550921627928,-0.282270978106715,0
-0.38551454555907405,-2.0191770169144436,-0.7011137213622741,-0.7364249337745442,-0.2432523251823334,-0.788817358785513,-0.7551741344428138,-0.9964832899127074,-1.4301550921627928,-0.2715784898515178,0
-0.5486540856939964,-1.2790282407590574,-0.7590955600695363,-0.6941903488597388,1.2450021948835364,-0.7679983157182296,-0.31832639067381907,-0.9177008932024597,-1.4301550921627928,-0.2751062835955794,0
1.1432406336080763,-0.026980161334526572,-0.6817638707292921,-0.8993297613030787,-0.35118710209087617,0.002306277771253514,0.8790574853195101,-0.1735087651294406,0.6615447867801558,-0.2595949018240094,0
-1.0639413799820507,-2.7604338002197633,-0.8799356620978382,-0.6760898124676794,-0.29099270727649645,-0.7055411865163795,-0.6300409403692253,-1.1387624279747672,-1.4301550921627928,-0.2786340773396411,1
0.602919138787809,0.7563808936682551,0.5186040004324198,0.832288220203938,-0.7165048085505596,0.37704905298235325,-0.7316211988600879,-0.11924576354759718,-0.10878988886630918,-0.23340921630107753,0
0.4865101063130177,0.061660410660130456,-0.41796402405608174,-0.5131849849391447,-0.22872264367541412,0.08558245004038689,-0.5363555206211758,-0.5539839911574412,0.08535199372843982,-0.26119513816152196,0
-1.250446173947039,-2.7604338002197633,-0.8182081015966561,0.7960871474198195,-0.8410449357527244,-0.7055411865163795,-0.7379370698543385,-1.0198309997850854,-1.4301550921627928,-0.3599551784914129,1
-1.3172040420329407,-2.7604338002197633,-0.39244797372963663,-0.7243579095131712,-0.344960095730768,-0.9761887463910628,-0.8126748766196363,-1.2530716115764557,-1.4301550921627928,-0.4357481904772323,1
-2.417039918748172,-2.7604338002197633,-0.711787684959238,-0.6760898124676794,-0.3968518153983367,-1.496664823073146,-0.8313593283109608,-1.4512369115291663,-1.4301550921627928,-0.26508662198229094,1
-0.2895501101855903,0.11927678245665754,-0.637064565717658,-1.0320670281781812,-0.5608296495478537,-0.788817358785513,1.8761756185368121,0.43449913809405905,0.11513118856164131,-0.16936339379290669,0
1.683144891752807,0.14143692545532183,-0.7705455383394444,-0.01843699022285411,-1.0174767826224578,-0.5806269281126797,0.6570809360007467,-0.8977822438500119,-0.7867859758826915,-0.2508845244868675,0
-2.319823773348078,-1.1649035043159364,-0.9125390264871552,-1.1406702465305376,0.07432499918318693,-0.14342702369972968,-0.18990368045739162,-1.1637655463740082,-1.4301550921627928,-0.27612461581036013,1
-0.34337364132984854,-0.17323710512571072,-0.5962335111325139,-0.6821233245983659,-0.09380417253973568,1.8135630246249033,-0.6576728759690713,-0.6444402428038779,1.355007587392077,-0.26214073236096114,0
-0.9045569699269603,0.19018924005238316,0.38488656904602436,-0.024470502353540723,-0.5296946177473124,-0.14342702369972968,-0.569250682049564,0.09711828079458648,-0.06885344928379847,-0.24832050944608042,0
0.39555251104597655,2.0915295093377773,-0.18080125721607623,2.5699397138416415,0.6139988837259011,-0.3932555405071296,0.9456372920505675,2.6478770831639142,-1.4301550921627928,1.5813860819649481,0
-0.6838387685679476,-0.5023152286558751,-0.6007455742862804,-0.3985482544561018,0.09093034947680892,0.6476966128570367,2.140652716421053,-0.5129965060085567,0.5163423561593506,-0.29850974003169983,0
0.5791366482822065,2.0915295093377773,-0.4535048511893824,0.011730570430578131,-0.039836784085464115,0.14803957924223693,0.5253687096414806,0.026634425530690526,-0.5591713549095377,2.0554306386476577,0
-0.5978880134073491,0.2766137977471738,-0.4191893103817829,-0.00033645383079481967,-0.32005207029033506,-0.41407458357441296,-0.41701187495898356,-0.0858258602358003,2.8266538436840203,-0.25564886449173424,0
-0.6429495743653327,-1.1615794828661368,-0.7500101694457183,0.19876944648185874,-0.6521590761627745,-0.35161745437256314,-0.7679374570770284,-1.065537474176131,0.6211466542544947,-0.2699055154986638,0
0.04507370359499236,0.5203753707324807,-0.867438816388252,-0.55541956985395,-0.7517911779245064,-0.4348936266416963,1.6003825851212057,-1.0124246590382766,-0.11640782242829112,-0.23473668508105952,0
-0.2916362935632747,1.5253378557219053,-0.38537785666782726,-0.5011179606777717,-1.2022113046390024,-0.8096364018527963,-0.7271474569058272,-0.06951901130559898,-0.5624032055115905,-0.2576127909059541,0
0.5641161279628785,-0.1355648620279815,-0.836043541323574,-0.7726260065586629,-0.4010031529717421,-0.2683412821034297,-0.32043168100523584,-1.0466615172074865,2.8266538436840203,-0.2638137067138151,1
-0.25116433603619676,0.3774424483910962,-0.8884385043106651,-0.9113967855644517,-0.0626691407391944,-1.6007600384095626,-0.15595587386329504,-1.0628071250474092,2.8266538436840203,-0.25724910082924674,1
0.726838431422264,0.8838017159105747,0.14189294403327404,-0.6157546911608148,-0.6168727067888278,0.002306277771253514,0.1933907405061872,1.4178440512686732,-0.5794858444081559,-0.14650547247184742,0
-0.3337771977925002,-1.0673988751218138,-0.486471502226144,-0.4226823029788477,1.0768730231606136,0.02312532083853686,-0.06950738962949095,-0.32747250753370827,2.2377644946956674,-0.4357481904772323,0
-0.6141602437532876,-0.747184808791115,-0.6430888901523557,-0.8691622006496464,-0.46950022293293275,-0.6222650142472463,-0.5608295207238966,-0.8276208707666737,0.99557963114948,-0.26685051885432176,0
-0.08927650592788497,1.4610734410257786,0.7611139597902881,2.6664759079326252,0.7406146797147685,1.5429154647502197,0.3818142251679947,-0.222945283408937,-0.3717240199904697,0.5807110204084083,1
-0.5578332925558079,-0.045816282883391235,-0.4426406457681648,-1.056201076700927,-0.6708400952430992,-0.18506510983429636,0.20496983732897978,-0.8972125253310267,-0.2906969084675722,0.6782890679890001,0
0.07678369093579569,0.8627495800618437,1.1138803418350725,-0.3321796210185506,0.016206273155509966,1.834382067692186,0.36931406382520715,1.935868676710554,0.0075567328075950265,-0.1589800421029108,0
-2.3961780849713277,-1.8186277227765324,-0.9105355758633771,-1.237206440621521,-1.0050227699022416,-1.871407598284246,-0.8300435218538254,-0.9428545032859608,-0.5072308988051162,-0.272178578478085,1
0.23575086431534922,2.0915295093377773,-0.4664950358669483,1.1460308509996346,-0.7393371652042899,0.16885862230952028,2.955926397262225,-0.7032824913496407,-1.3636713083491332,0.24466138953078265,0
-2.4541739828709552,-0.30619796311769626,-0.5990849888711852,2.6664759079326252,1.5272931498751097,-1.0386458755929129,-0.5885930369694562,-1.0748357103822115,-0.12541083481972404,-0.2641773967905225,0
0.29332952553943953,0.574667721079208,0.17647181391964253,0.13240081304430765,0.9502572271717462,-0.2891603251707131,1.7993325214400973,1.4844366215538394,-0.6485089394091427,-0.2080418334507373,0
-2.4191261021258565,-1.1150431825689417,-0.8354180004099264,-1.146703758661224,-0.49233257958666304,-1.7256742968132626,-0.7234631988258476,-1.1096100388523509,-1.4301550921627928,-0.27928871947771444,1
-0.3467115347341436,-0.019224111284994096,0.675834031521482,2.6664759079326252,-0.07927449103281639,1.9384772830286028,-0.7801744571283888,-0.6212000269916859,-0.08362762346461172,-0.26221347037630255,0
-0.04421494496990127,0.11152073240712507,0.7170197742535397,0.482344516624123,1.081024360734019,2.146667713701436,-0.3500373262907852,0.16508677505013242,-0.0748554575447538,-0.24915699662250743,0
2.59522426447644,-0.38486647076295444,-0.8064152581180649,0.4039088589251986,2.76646741553665,-0.9137316171892128,2.955926397262225,0.5053269743505499,0.7714277072499544,-0.2661413232047424,0
-0.21736816531770897,0.3907385341902948,-0.5605336117393854,-0.567486594115323,-0.6936724518968295,-0.22670319596886307,0.26510219242007343,-0.20111323978518034,-0.17989060211147298,-0.08120491919903608,0
-0.3275186476594469,-0.1721290979757775,-0.8697679352196508,-0.4528498636322801,-0.8472719421128327,-1.2468363062657462,-0.060296744429542325,-0.8905371441934823,0.5583564139860384,-0.1191741632072873,0
-0.4693791173419881,0.5381034851314122,-0.17991776128649162,-0.6760898124676794,-0.4134571656919587,-0.4348936266416963,-0.8089906185396569,-0.26808203928099733,-0.4289739449411211,-0.2571218093023992,0
-3.301998907561907,-2.7604338002197633,-0.6229114338432423,-0.9656983947406301,-0.7165048085505596,-1.5383029092077127,-0.8185960056767462,-1.170903151970352,-1.4301550921627928,-0.2792341659662083,1
-0.23530934236579507,0.26110169764810887,-0.03994922001388716,0.6331823198912847,-0.2432523251823334,0.14803957924223693,0.2073382889518238,0.18307053131923387,0.12344166153834875,-0.23911915050538352,0
-0.25408499276495494,0.6921164789721287,-0.1245015001752372,1.2365335329599314,-0.3989274841850394,0.9808013019335698,-0.42661726209607287,-0.6101388881985566,-0.2507604688850613,-0.2547941928114719,0
1.1065238061608305,-0.07351646163172157,0.23269848370596594,-0.6217882032915013,-0.5504513056143399,-0.06015085143059652,-0.748068779574282,0.010488817690768044,-0.24706692533985808,-0.26255897594917466,0
0.17692049306464835,2.059397301989714,-0.7183021239242163,2.141560352562902,0.40850767384232906,-0.41407458357441296,-0.3839851328848818,-0.6533837486113449,-0.7969432206320006,0.02844763892824107,1
-3.20645170886396,-0.5809837363011331,3.0015972980879204,-0.39251474232541533,2.76646741553665,-0.10178893756516322,-0.5599084562039017,0.7514238757401542,2.8266538436840203,-0.279416011004562,0
0.42434184165802175,0.2865858620965727,-0.8273504572864936,-0.7303914216438577,-0.2245713061020087,-0.5181697989108297,0.9757692599189712,0.14238402953887003,0.06180565362776849,-0.24497456074037244,0
0.2007029835702508,1.249444075388535,1.0408092095080559,-0.00033645383079481967,-0.18513359915465644,0.12722053617495357,-0.17161397070320789,0.6428871231704488,-0.598646101548898,-0.24422899608312232,0
-1.8066226624377077,-1.5571380353922941,-0.6627590349301261,-0.04257103874560001,-0.7497155091378036,-0.4557126697089796,-0.8125432959739227,-1.1135873190792291,-1.4301550921627928,-0.2665595667929559,1
2.59522426447644,2.0915295093377773,-0.4892993340883545,2.6664759079326252,2.76646741553665,-0.18506510983429636,1.8763071991825255,2.6478770831639142,-0.7440793786412784,2.940805035185655,0
-0.17355831438633595,1.0710549242492877,-0.8025867757565318,2.6363083472791926,0.37322130446838236,-0.9553697033237795,-0.3147737132395531,-0.9364371078928624,-0.3389438210267903,5.455230934013681,0
-0.5970535400562752,-1.1006390896198102,-0.8587038146610819,-0.6519557639449335,-0.8265152542458053,-0.9345506602564961,-0.6403042307348824,-1.0601950193848915,1.8074666716794823,-0.27025102107153587,0
-0.7355761163345214,-1.434149241749707,-0.8662081559997188,-0.7183243973824848,-1.0942765277304598,-0.9137316171892128,-0.5143815527870125,-1.050552802186216,2.8266538436840203,-0.27832494077443987,0
2.323603188701927,0.07384848930939579,-0.10379846052115194,-0.4950844485470853,-0.6106457004287195,-0.6222650142472463,0.14102164351219318,0.15190800327134082,-0.0880137064245406,-0.2565399051796674,0
0.41641434482282086,-2.1720820036052273,-0.8286649530552064,-0.9656983947406301,-0.19343627430146743,-1.2884743924003128,-0.774253328071279,-1.0266783714189274,2.8266538436840203,-0.273015065654512,1
0.3225360928270215,0.39184654134022795,-0.668879017683234,0.4220093953172582,-1.1129575468107844,-0.8096364018527963,-0.7932009410540305,-0.9286975355594775,-0.27453765545730763,-0.2612133226653573,0
2.59522426447644,0.7896211081662515,-0.8363090200274759,-0.8269276157348412,0.8651548069169336,0.8767060865971531,-0.43095942340462007,-0.9735118092509801,-0.7226106567847841,-0.22357139972614273,0
-0.08093177241714723,0.7308967292197911,0.8131004940021455,-0.18737532988207528,-0.5255432801739071,-0.12260798063244656,-0.0505597766467394,2.3259753705312116,-0.29323621965489943,5.455230934013681,0
-1.175343572350399,-1.9238884020201874,-0.9012835892917664,-0.7062573731211118,-1.2001356358522999,-1.2884743924003128,-0.18266674494314625,-1.0846929157012586,-0.0866286275950893,-0.28128901489960506,1
0.16774128620283682,-0.3017659345179634,0.16645133636305257,-0.9415643462178842,-0.5089379298802851,-0.6430840573145298,-0.7772796829226907,1.1788095096332827,0.350132896625202,-0.26414102778285176,0
0.024629106493684938,0.10154866805772612,-0.6313669843031472,-0.6398887396835605,-0.9489797126612672,0.4395061821842033,-0.7933325216997441,1.7369831665545978,-0.3708006341041689,-0.2474476532619827,0
-1.333476272378879,-2.7039254355731694,-0.6742702775163194,0.17463539795911284,-0.07927449103281639,0.21049670844408697,-0.8309645863738202,-1.144094133359988,-1.4301550921627928,-0.29074495689399715,1
-3.507279351926055,-2.7604338002197633,-0.8760125962304615,-0.7062573731211118,-0.9178446808607261,-1.5383029092077127,-0.8279382315224084,-1.1505760251891979,-1.4301550921627928,-0.4357481904772323,1
-0.10012465949184399,-0.5964958364001981,-0.6824710973979865,-0.4468163515015936,0.19471378881194626,0.21049670844408697,-0.7571478441285172,-1.0060502612692526,0.6486173843719442,-0.26552305007433985,0
-1.5441807935250065,-1.1693355329156694,-0.9005989336869665,-1.1286032222691647,-0.34911143330417344,-1.350931521602163,-0.14135042218909072,-1.0805866426021573,-1.4301550921627928,-0.27141482931699945,1
-0.7818893873191157,0.376334441241163,0.6610854534852783,0.3013391527035287,0.6326799028062258,2.146667713701436,-0.5110920366441737,0.012584951864393184,-0.3340960451237111,-0.221025569189191,0
-0.6946869221319066,-1.3665608056037812,-0.8718079294706867,-1.261340489144267,-0.6832941079633158,-1.8922266413515294,-0.8253066186081375,-0.9566567406138307,1.487975155019396,-0.2670505483965109,1
-0.46979635401752506,-0.4934511714564093,0.5228785300090107,1.0434611447779645,-0.18720926794135914,2.146667713701436,-0.546618810986833,-0.6178569617199042,0.2178578684126084,-0.4357481904772323,0
-0.03378402808147912,2.0272650946416504,-0.2500224109302312,0.01776408256126474,-0.006626083498220317,-0.2475222390361464,-0.1310871318234336,0.2842009431421308,-0.6099575786560831,5.455230934013681,0
0.12852103870236956,0.28990988354637237,-0.3693900197425589,-0.4528498636322801,-0.08550149739292467,-0.16424606676701303,0.0727312883868594,-0.177013071491501,-0.28908098316654574,-0.25559431098022817,0
-1.9668415458438722,-2.7604338002197633,-0.9162299328401886,-1.2553069770135807,0.4894587565237363,-1.8297695121496793,-0.8272803282938407,-1.1719780925722112,-1.4301550921627928,-0.2778521436747203,1
-0.6275118173704679,-1.0252946034243517,0.012539251666481276,-0.12704020857521067,-0.6127213692154224,-0.601445971179963,-0.7087261665059297,0.07423279538100797,2.8266538436840203,-0.2710511392402921,0
-0.28829840015897956,-0.5422034860534707,-0.8906042516319703,-0.9536313704792572,-0.6708400952430992,-1.559121952274996,-0.8288592960424033,-1.116113429493598,-0.3698772482178681,-0.2647774854170897,1
-2.0173271835838356,-2.7604338002197633,-0.8961793044139108,-1.1165361980077917,0.20301646395875708,-1.5383029092077127,-0.8353067476823675,-1.154650050070244,-1.4301550921627928,-0.27457893298435376,1
0.859102457567457,1.3214645401341936,-0.1986775398205174,0.22893700713529097,-0.6251753819356388,0.7934299143280197,-0.623067166146407,-0.38408962903362287,-0.1847383780145522,-0.2396101321089385,0
-0.4255692664106151,0.061660410660130456,-0.8192818393504944,-0.9958659553940623,-0.7995315600186695,-1.2468363062657462,2.955926397262225,-0.7267484446882231,-0.8336478096124584,-0.11619190457828672,1
0.1005661814413982,-0.22752945547243816,-0.3596683400794294,-0.14514074496727009,-0.41138149690525583,-1.4550267369385794,-0.458328197713039,-0.028725015465049075,0.3284333282971326,-0.2636318616754614,0
0.2653746682784682,-0.29622589876829736,0.004885511381114067,-0.7002238609904253,2.76646741553665,2.146667713701436,0.3583928702309823,0.9560280698980005,-1.0344842398828884,-0.26290448152204665,0
-0.8645022490754193,-0.9831903317268895,1.1628477275478992,0.3616742740103934,-0.0564421343790861,-0.37243649743984647,-0.603330069289374,0.05911913051887018,1.0329767595446637,-0.27005099152934675,0
-0.15311371728502854,-0.46131896410834616,-0.10177673808374495,-0.7967600550814088,0.9295005393047184,0.12722053617495357,-0.7928061991168899,-1.113694813139415,0.9198619884728122,-0.2650502529746202,0
-0.9078948633312554,-1.2967563551579888,-0.16883106966402828,2.6664759079326252,0.3503889478146523,1.10571556033727,-0.054638776663859565,-0.9948493801978817,2.8266538436840203,-0.2718694419128837,0
1.0535347483676458,-1.6479946216868173,-0.7671211855028794,-0.4890509364163988,0.20924347031886556,-0.7471792726509462,-0.041875454029644876,0.303130647140868,2.8266538436840203,-0.297927835908968,0
0.059259750563246484,0.8228613226642478,1.8461565922019199,1.2305000208292451,-0.49648391716006846,1.10571556033727,-0.6921470051460221,1.1088201270462417,-0.09840179764542496,-0.22611723026309444,0
-1.6171972117439617,-2.7604338002197633,-0.7879521278523669,-0.7183243973824848,-0.4217598408387697,0.3145919237805032,-0.4455648750788244,-0.9273108621830793,-1.4301550921627928,-0.4357481904772323,0
-0.1539481906361023,0.8217533155143146,-0.07944750701668953,0.30737266483421527,2.722878371015892,-0.22670319596886307,0.4773417739560338,1.0506443416736315,-0.658897030630027,5.455230934013681,0
-0.18148581122153679,0.9103938875089719,-0.17451037926491017,2.6664759079326252,0.1698057633715131,2.146667713701436,-0.7778060055055448,-0.7064643155311434,0.5401195427315969,2.3627560272669337,0
-0.2691055130842829,0.942526094857035,-0.0740444242453736,-0.16324128135932953,-0.06059347195249169,-0.018512765296029833,0.24497035362589986,0.558945011571278,-0.18427668507140188,-0.1914939349605512,0
-0.3984488825007175,-1.3776408771031134,-0.8630922743697119,-1.2130723920987752,1.155748437055318,-1.7256742968132626,-0.7299106504658117,-0.0725288449908042,-1.4301550921627928,-0.35051742100085614,0
-0.25450222944049183,1.1486154247446125,-0.6475891303678918,-0.46491688789365304,-0.10418251647324937,-1.059464918660196,-0.3955642297076744,0.21844682652641437,-0.7129151049786254,-0.288715111653374,0
-0.3921903323676642,-0.3726783921136891,-0.09674661527297143,-0.12704020857521067,2.76646741553665,2.146667713701436,-0.09187609940079494,2.6478770831639142,-0.7281509721025891,-0.19062714027773195,0
-0.5807813097103367,-0.16548105507617825,-0.8722249567464517,-0.9536313704792572,2.76646741553665,-0.35161745437256314,2.955926397262225,-0.9355771554113752,-0.2586092489186184,-0.2381735563059443,0
-0.24073341914777457,0.8826937087606415,0.11537946764520551,-0.10290616005246477,1.203488819149481,1.7927439815576198,-0.6916206825631679,-0.20181195117638867,-0.49822788641368315,-0.24850235448443408,0
0.7810791992420594,1.2283919395398037,0.3933259973174333,0.10826676452156174,-0.40307882175844484,1.4180012063465197,-0.39622213293624226,0.20262370086704953,-0.4317441026000235,-0.21769780498731842,0
2.0728439467042583,0.06941646070966294,-0.6029650622359058,-0.10290616005246477,-0.8431206045394272,-0.37243649743984647,-0.2384569387256926,-0.6329276289579677,-0.2565316306744415,0.9125600309000635,0
-0.5532436891249023,-0.8989817883319654,-0.8848271340875457,-0.6881568367290524,2.376241683636533,-0.41407458357441296,-0.8026747475454064,-0.5805242746173405,-1.4301550921627928,-0.269323611375932,1
-1.4903572623807484,-2.7604338002197633,-0.9059042085147397,-1.092402149485046,-0.7102778021904514,-1.8297695121496793,-0.8300435218538254,-1.157767377815635,-1.4301550921627928,-0.2931089423925951,1
-0.7368278263611321,0.7231406791702586,-0.2580566348641055,-0.567486594115323,0.40435633626892364,0.16885862230952028,0.23825974069450861,-0.4432436103539249,0.5234985967781821,-0.2552124363996854,0
-0.7535172933826074,-0.6962164798941873,-0.44404972504272117,-0.8148605914734683,-0.9365256999410508,-0.2475222390361464,-0.7400423601857553,-0.3745334070830962,0.5334249950559161,-0.27266956008163995,0
0.03839791678640218,0.1846492043027171,-0.3744975290581136,-0.32011259675717774,-0.9219960184341317,-0.7679983157182296,-0.7516214570085479,-0.6430105718034055,-0.50607666644724,-0.2599040383892107,0
0.03380831335549638,-0.0801645045313208,0.17256164580306252,-0.3985482544561018,-0.5566783119744482,-0.20588415290157971,-0.4492491331588039,-0.5055579170436922,-0.2253673570117887,-0.2619407028187721,0
0.009191349498820113,0.2666417333977749,-0.801041195286042,-0.9234638098258247,-0.8493476108995355,-1.0386458755929129,2.955926397262225,-0.7136126705335059,-0.8913594275062602,0.0875290918893561,0
1.1298890599908957,0.3375541909935005,-0.3473531376935656,-0.13910723283658363,-0.5587539807611508,-0.5598078850453964,-0.6899101341688918,-0.983562503878362,-0.5956450974184204,-0.26030409747358885,0
0.14228984899508682,1.4976376769735749,-0.253804676351409,-0.4407828393709071,-0.09587984132643837,1.29308694794282,-0.07213900254376204,0.24090233569924943,-0.6692851218509113,0.6699969342400718,0
0.09847999806371374,-0.16880507652597787,-0.14946187240485112,1.4175388968805254,-0.6998994582569378,0.39786809604963663,-0.6266198435806729,-0.33605053353654324,0.2291693455197934,-0.2626135294606807,0
1.656858981193983,1.1774236106428762,0.9638784252550809,0.22893700713529097,-0.2723116881961718,2.146667713701436,-0.43161732663318786,0.23686055903625927,-0.6164212798601889,-0.24835687845375118,0
0.2891571587840706,1.041138731201091,-0.7990828867900528,-0.7665924944279765,-0.706126464617046,-1.309293435467596,2.955926397262225,-0.4523698560637079,-1.2685625620601482,-0.05605575039472027,0
-1.3827102000922318,-1.000918446125821,-0.8146268261253959,2.407034886313107,-0.353262770877579,0.6060585267224701,-0.6153039080493073,-1.0848219085734816,-1.4301550921627928,-0.27192399542438983,1
-0.44434491680977495,-0.26963372716990025,-0.3370618073702416,-0.35028015741060997,-0.08135015981951908,0.6685156559243202,-0.7459634892428652,-0.9644500599773086,0.5232677503066071,-0.2637955222099797,0
0.08930079120190222,0.1259248253562568,-0.7435043289812712,0.24703754352735055,-0.6085700316420168,1.9384772830286028,2.955926397262225,-0.8982659671208486,-0.17134928266319024,-0.2511936610520688,0
1.7040067255296512,0.8882337445103073,-0.22855195510373313,-0.748491958035917,-0.15192289856741245,0.16885862230952028,-0.6399094887977417,-0.1661346726006877,-0.4661402268647294,-0.2509208934945382,0
-0.015425614357856155,0.9347700448075025,-0.10803429684535251,0.09619974026018879,2.76646741553665,-0.4348936266416963,-0.3388529714051332,-0.46133486068321217,0.038951852941823135,-0.22062551010481288,0
0.8332337836841701,2.0915295093377773,-0.6162594188697643,1.254634069351991,-0.08757716617962738,0.10640149310767025,0.9264265177763891,-0.6760004988744588,0.025101064647310697,-0.1745277928821516,0
-0.12265543997083583,1.4920976412239089,-0.49501518731649413,0.02983110682263769,-1.1503195849714338,-0.41407458357441296,-0.06134938959525072,-0.4824574435097419,-0.42920479141269624,-0.24806592639238523,0
2.59522426447644,0.25888568334824236,-0.4393302230636386,-0.9596648826099435,-0.14777156099400704,0.6893346989916035,-0.8039905540025418,0.12851729577488855,-1.2235475001029827,-0.2528484509010874,0
0.4589724857275832,-1.2335999476117956,-0.86967550133894,-0.4468163515015936,-1.0735198398634322,-1.2884743924003128,0.5830010324640166,-1.0494348639602828,-1.4301550921627928,-0.2712693532863165,1
-0.4326622898947422,0.4915671848342172,-0.4304920393300936,-0.9113967855644517,-0.33873308937065977,0.16885862230952028,-0.7385949730829062,-0.18359170797487823,-0.1840458385998267,-0.25335761700847775,0
-1.9472314220936386,-2.3316350331956097,-0.880508537195732,-0.6941903488597388,0.5994692022189818,-1.5799409953422794,-0.7950430700940203,-1.3041312901647593,-1.4301550921627928,-0.26708691740418156,1
-0.20777172178036057,-2.7604338002197633,-0.7957864366488898,-0.8932962491723924,-1.2063626422124079,-1.3301124785348795,-0.288326003451129,-0.7783778417955118,-1.4301550921627928,-0.28050708123468415,0
0.11725564846287359,-1.5648940854418263,-0.5068015819196869,0.2108364707432317,-0.6874454455367212,-0.33079841130527976,-0.503065617255647,-0.49402380438574495,2.8266538436840203,-0.27550634267995755,0
-0.6704871949507671,1.2860083113363308,-0.31641143353191015,-0.7545254701666035,1.8365677990938192,-1.3301124785348795,2.955926397262225,2.6478770831639142,-0.9086729128744007,5.455230934013681,0
-3.301998907561907,-2.7604338002197633,-0.6229114338432423,-0.9656983947406301,-0.7165048085505596,-1.5383029092077127,-0.8185960056767462,-1.170903151970352,-1.4301550921627928,-0.2792341659662083,1
-1.2571219607556288,-2.7604338002197633,-0.9019112798305465,-0.8148605914734683,-0.3574141084509844,-0.8512744879873629,-0.7575425860656577,-1.110631232424117,-1.4301550921627928,-0.2723604235164387,0
-0.949201294209407,0.3807664698408959,-0.8992597172292266,-0.7122908852517983,2.76646741553665,0.41868713911691996,0.2222069019174552,-1.1148449995834042,-1.4301550921627928,-0.2532485099854655,0
-0.5361369854278899,-1.1682275257657362,-0.4762833539091949,-0.7786595186893495,0.46870206865670894,-0.9761887463910628,0.07470499807256276,-0.8813249032355505,-1.4301550921627928,-0.267796113053761,0
0.5749642815268375,0.19905329725184887,0.2043126838272208,0.5668136864537333,-0.7393371652042899,-0.16424606676701303,-0.11858697048064615,-0.42139006791813094,-0.03607325032011907,-0.260558680527284,0
-0.6971903421851279,-0.2064773196237071,-0.5707346578071314,-0.15117425709795657,-0.7870775472984531,-1.0386458755929129,-0.8124117153282092,-1.119445745359361,0.035027462925044585,-0.2629772195373881,1
0.1281038020268326,0.8272933512639808,2.5622751852580077,0.8805563172494298,0.25283251483962305,0.8142489573953031,-0.6783310373460991,1.7734344023636377,-0.9825437837784669,-0.2380462647790967,0
-2.162525546670672,-2.7604338002197633,-0.27126930574291724,-0.8088270793427818,-0.7248074836973707,-0.8512744879873629,-0.8096485217682245,-1.1557572388901587,-1.4301550921627928,-0.27861589283580573,1
1.162016284007236,-1.3499406983547833,-0.8226911448111296,-1.0863686373543593,-0.8846339802734822,-1.2676553493330294,0.11286338532949292,-0.7253187736877507,2.4111301948486483,-0.2703783125983834,0
-0.18732712467905316,0.03396023191180013,-0.15833874939078665,0.13240081304430765,1.2076401567228865,0.06476340697310355,-0.22095671284579013,0.2265196304463756,-0.20736133222892256,-0.31866423178256753,0
-2.9143860359881404,-0.9510581243788263,-0.8713350119414687,-0.9113967855644517,2.76646741553665,-1.2051982201311793,-0.8062274249796723,-1.0106940046692836,-1.4301550921627928,-0.2679597735882793,1
-0.2073544851048237,1.005682502403228,-0.3297831766705497,0.42804290744794454,0.5371991386178996,-0.08096989449787986,0.6353701294580106,0.11472580785303738,-0.38026533943875246,-0.13075769215041755,0
0.6955456807569976,0.984630366554497,0.03878080047524938,-0.567486594115323,-0.21626863095519772,0.8350680004625864,-0.6408305533177365,-0.43585876841915344,-0.49268757109587813,-0.24999348379893438,0
0.3317152996888331,2.0915295093377773,-0.2056734948152449,-0.4166487908481612,2.6709866513483234,1.4180012063465197,-0.20885129344014325,0.04175883979884689,-0.6593587235731774,-0.17698270089992646,0
-0.43015886984152085,-0.1721290979757775,2.513550707185188,-0.3080455724958048,-0.4134571656919587,0.06476340697310355,-0.6938575535402983,0.3869760140858717,0.4831004642525209,-0.2629408505297174,0
-0.5190302817308776,-0.5034232358058083,-0.8574237128944941,-1.0200000039168082,-0.8389692669660218,-1.121922047862046,-0.33253710041088275,0.10650251224881577,0.6566970108770767,-0.2667232273274742,0
-0.33836680122340596,0.14586895405505468,0.17430929103603643,-0.8389946399962142,1.0125272907728284,1.3763631202119528,-0.48767068170716127,1.946338598172661,-0.2803088172466878,-0.2365369509607611,0
0.44812433216362424,0.3996025913897605,-0.22522433539814452,-0.06067157513765958,-0.2121172933817921,0.9391632157990032,0.15694290164353317,-0.19660923866339097,-0.15011140727827116,-0.24662935058939106,0
-1.250446173947039,-2.7604338002197633,-0.8182081015966561,0.7960871474198195,-0.8410449357527244,-0.7055411865163795,-0.7379370698543385,-1.0198309997850854,-1.4301550921627928,-0.3599551784914129,1
0.20863048040545168,1.519797819972239,-0.7300111320226279,0.4461434438400041,-0.2681603506227664,1.3555440771446696,2.955926397262225,0.3861698086344774,-0.18150652741249929,5.455230934013681,0
-0.7243107260950254,-1.7310951579318081,-0.6197375123346496,-0.00033645383079481967,-0.7912288848718586,-0.41407458357441296,-0.6489885533519769,-0.9414463310975254,2.8266538436840203,-0.2745607484805184,0
-0.843223178623038,1.60622237766703,-0.024694405258906645,-0.01843699022285411,-0.8140612415255888,0.21049670844408697,-0.6189881661292869,-0.5257130533285489,-0.8174885566021941,-0.24377438348723807,0
-1.4857676589498425,-1.7510392866306064,-0.9129625026383187,-1.0682681009623,0.40435633626892364,-0.9345506602564961,-0.8125432959739227,-1.0272588393439313,-1.4301550921627928,-0.2760336932911833,1
-1.8132984492462982,-2.7604338002197633,-0.7852167298708671,-0.8510616642575871,-0.9074663369272125,-1.184379177063896,-0.7962272959054423,-1.0736747745322037,-1.4301550921627928,-0.2833074948253311,1
2.59522426447644,0.21345739020098062,-0.8475257639704742,-0.748491958035917,-0.49233257958666304,-0.4973507558435463,-0.04792816373246831,-0.6226941944282699,-0.48553133047704666,-0.25506696036900245,0
0.41057303136530443,0.9148259161087047,-0.08184218941463893,0.3978753467945123,-0.5774349998414757,-0.20588415290157971,-0.33148445524517434,0.38671802834142555,-0.18427668507140188,-0.15827084645333137,0
-1.9226144582369622,-1.2679481692597252,-0.8858181112737705,-0.7605589822972899,-0.722731814910668,-1.101103004794763,-0.8004378765682759,-1.014144564001251,-1.4301550921627928,-0.26735968496171214,0
-0.31708773077102476,0.32204209089443553,0.5465545012217712,-0.65798927607562,-0.4196841720520668,-0.37243649743984647,-0.7125420052316228,0.8703338051177993,0.13729244983286135,-0.2569217797602101,0
0.08721460782421785,0.7685689723175204,-0.205131789281777,-0.5433525455925771,0.6679662721801725,0.14803957924223693,2.7426341705605557,0.6242799013522693,-0.29462129848435076,-0.1682905080666199,0
-0.09803847611415957,-0.7349967301418497,-0.24325539101214788,-0.3744142059333559,1.6912709840246265,-0.4557126697089796,0.13049519185510902,0.7959586648751735,1.3092999860201862,-0.4357481904772323,0
-0.9938456184918538,-2.4557318339881293,1.5974105703337722,0.05396515534538333,2.76646741553665,-0.33079841130527976,-0.7882008765169156,-1.3043140300670752,2.8266538436840203,-0.27608824680268945,1
-0.1802341011949261,2.0738013949388456,0.2859124538686574,0.39184183466382566,-0.30137105121001034,2.146667713701436,1.2912996483400703,0.5042950313727654,-0.6835976030885741,0.77650357320383,0
-2.163777256697282,-0.9621381958781585,-0.8913061042378325,-0.7545254701666035,-1.0714441710767293,-0.7263602295836629,-0.6234619080835476,-1.1008062753231254,-1.4301550921627928,-0.27032375908687734,1
-2.363216387603914,0.0882525822585276,1.2705074030743817,-0.7183243973824848,-0.38232213389141745,-0.039331808363313174,-0.687146940608907,1.7379183648782157,-0.5647116702273426,-0.2603586509850949,0
0.4727412960203005,0.5203753707324807,2.3393053183573747,0.8503887565959976,0.06394665524967323,1.0224393880681366,-0.29306290669681695,0.8848777514609518,0.07034697307605124,-0.20624156757103573,0
-0.05673204523600788,0.610123949877071,0.013360408467214322,-0.1753083056207025,1.3799206660192145,0.8558870435298698,-0.809516941122511,-0.5568863307824605,-0.40127236835209623,-0.2528484509010874,0
-0.37508362867065187,-0.12670080482851576,-0.5141941427514177,-0.46491688789365304,-0.24117665639563068,0.043944363905820204,-0.5458293271125516,-0.565926581244095,0.09204654140412064,-0.25846746258621656,0
-0.6951041588074435,-0.262985684270301,-0.25015353806333257,-0.9174302976951383,-0.36779245238449815,-0.2475222390361464,-0.023191002338320475,0.8077077656534928,0.701942919305817,-0.262777189995199,0
-0.35881139832471337,0.86496559436171,-0.7375799621152491,1.857985282420638,-0.09795551011314108,0.002306277771253514,0.2668127408143496,-0.9224521306626766,0.00016964571718840307,5.455230934013681,0
-0.27452958986626236,-0.059112368682589754,0.10645314928121526,-0.054638063006972964,-0.4383651911323917,-0.14342702369972968,-0.15161371255474784,-0.27670306290790664,0.039875238828123945,-0.261740673276583,0
0.030887656626738244,-0.10897269042958437,-0.25391753167088155,-0.6760898124676794,-1.2291949988661381,-1.621579081476846,-0.7550425537971003,0.684412078620263,-0.5321623177352385,-0.26366823068313217,1
2.59522426447644,-0.12337678337871613,1.9241342438945732,-0.9837989311326893,-1.042384808062891,-0.6430840573145298,-0.6346462629691996,2.6478770831639142,-1.2283952760060621,-0.2557216025070757,0
-1.4085788739755185,-1.4208531559505089,3.0015972980879204,0.844355244465311,-0.3989274841850394,-0.476531712776263,-0.7638584570599083,-1.263348043730228,-1.4301550921627928,-0.2685234932071757,0
-0.009584300900339727,-1.2402479905113948,3.0015972980879204,-0.00033645383079481967,2.76646741553665,-0.8304554449200796,-0.569513843340991,-1.01849807343878,-1.4301550921627928,-0.27741571558267136,0
-1.9063422278910236,-2.7604338002197633,-0.5354507108772014,0.482344516624123,-0.7248074836973707,0.3562300099150699,-0.6166197145064428,-0.9600105552916307,-1.4301550921627928,-0.302455777363975,1
2.59522426447644,0.6710643431233977,-0.44854566600799156,-0.7183243973824848,1.5376714938086233,-0.8720935310546463,2.067625458050031,0.8645613740858162,-0.5545544254780336,1.1990978039599376,0
-0.07008361885318821,-0.6397081152475935,-0.6382189144139765,-0.7183243973824848,-1.1710762728384612,-1.4342076938712962,-0.30490516481103663,-0.5801050477826154,-1.4301550921627928,-0.26848712419950505,0
-2.607299842792992,-2.5787206276307164,-0.4872378435859906,-0.7726260065586629,-0.2245713061020087,-0.8720935310546463,-0.7310948762772337,-1.8961010796085225,-1.4301550921627928,-0.275870032756665,1
-0.30790852390921325,-0.24747358417123602,-0.48696806563182304,-0.5976541547687554,-0.7912288848718586,-0.8512744879873629,0.656423032772179,0.4299521393481954,-0.12795014600705146,-0.2625044224376685,0
-0.9688114179596408,-2.63855301372711,-0.4075619880384181,-0.22960991479688062,1.8946865251214962,0.27295383764593656,-0.6397779081520282,-0.8113677688665653,2.8266538436840203,-0.2952001603336626,0
0.6838630538419648,0.43505882018762326,2.1472900533691943,0.22893700713529097,2.24547455007426,-0.5181697989108297,-0.49359181076427117,0.27052769868648396,-0.4232027831517409,-0.23079064774878436,0
-0.029194424650573397,-0.17877714087537677,-0.888714731140231,-1.1105026858771052,-0.2806143633429828,-0.33079841130527976,-0.665436134066171,-0.414961923119014,-0.8541931455826519,-0.2629408505297174,0
0.32545674955577975,1.5951423061676975,-0.34711130486612457,0.7176514897208951,0.7177823230610384,0.9808013019335698,-0.6209618758149902,-0.7150853391580528,-0.6316571469841525,-0.21666128826870237,0
-0.28829840015897956,-0.465750992708079,-0.38765323487090575,2.322565716483496,-1.179378947985272,-1.7048552537459791,-0.5885930369694562,0.080134219285214,-0.26922818661107795,-0.3667198139181702,0
-0.9149878868153826,-2.3249869902960105,-0.8804698439433414,-0.6941903488597388,-0.6417807322292608,-1.933864727486096,-0.5467503916325465,-0.814786079980477,-1.4301550921627928,-0.27208765595890816,0
2.59522426447644,0.4671910275356864,-0.7935669486992645,-0.8450281521269006,1.6518332770772746,-1.0386458755929129,-0.6235934887292611,0.3063447195404265,2.786717404101509,-0.2620316253379489,0
1.2437946724124658,0.542535513731145,-0.5125475298996859,-0.5735201062460095,1.8427948054539276,0.002306277771253514,0.46892061263036644,-0.5941760202609501,-0.3828046506260797,-0.2557943405224172,0
-0.04004257821453242,-0.019224111284994096,-0.2994035994811239,-0.7907265429507224,-0.6604617513095855,-0.7055411865163795,-0.3542479069536189,0.5331786853447171,-0.14687955667621827,-0.2583583555632043,0
-0.41221769279343473,-0.5831997506009996,-0.13529906721733775,-0.4709504000243395,-0.29099270727649645,-0.5598078850453964,0.11246864339235224,0.9017435695041199,0.5237294432497573,-0.3184581407391,0
-0.3825938888303158,0.28990988354637237,-0.27200340272577156,1.1641313873916936,-0.6812184391766131,-0.7471792726509462,2.612369331304139,0.7570135668698212,-0.2526072406576631,0.7393526318681705,0
-1.1932847493984853,-0.3693543706638895,-0.29714326865397495,-0.7002238609904253,-1.0548388207831074,-0.10178893756516322,-0.34280039077653984,0.09896717862978403,1.8554827377671257,-0.26486840793626654,1
0.08596289779760713,1.0311666668516921,1.4396528062746055,-0.7002238609904253,1.5501255065288397,1.5637345078175031,0.2814181924885539,2.6478770831639142,-0.694678233724184,-0.15119707446137273,0
0.23950599439518125,1.4666134767754448,-0.23095093675194814,0.6452493441526577,-0.8410449357527244,0.5644204405879034,0.05352051411268079,0.04926192519982288,-0.6314263005125773,0.30305183134615366,0
0.3417289799017183,0.09490062515812683,-0.6128038964687735,-0.579553618376696,2.083572384711446,-0.16424606676701303,-0.6749099405575467,-1.0227010911920489,0.24740621677423488,-0.2612678761768634,0
0.34381516327940276,0.3907385341902948,3.0015972980879204,1.9002198673354436,1.7867517482129531,-1.0178268325256294,-0.35924797149073395,2.6478770831639142,-0.5714062179030236,0.2909773207994684,0
-0.3667388951599142,-0.9167099027308968,-0.11532367567070843,-0.7726260065586629,-0.7891532160851558,-1.184379177063896,-0.7837271345626547,-0.5682377035380919,0.9457167932892354,-0.2727059290893107,0
-0.3462942980586068,0.21234938305104742,-0.23254165935022697,1.3873713362270932,-0.4279868471988778,0.48114426831877,-0.09345506714935754,-0.32837545763926984,0.15922286463250573,-0.017468233256066536,0
-0.28662945345683205,0.2167814116507803,1.5868118436164567,0.05396515534538333,-0.4944082483733658,1.0016203450008532,-0.5147762947241532,2.603697024427508,-0.0748554575447538,-0.14032274116782184,0
1.1027686760809983,2.0915295093377773,-0.18608718541765404,2.6664759079326252,-0.08757716617962738,1.7511058954230532,0.07141548192972394,-0.5461046765458146,-0.29923822791585475,-0.14221392956670026,0
-0.9254188037038047,-2.317230940246478,-0.18659342213643063,2.129493328301529,-0.6812184391766131,0.06476340697310355,-0.48201271394147854,-0.673237901527681,2.8266538436840203,-0.302455777363975,0
0.5732953348246901,0.4937831991340836,0.4751643757486118,-0.27787801184237243,-0.6085700316420168,-0.20588415290157971,-0.42701200403321354,-0.4260015631001061,0.656004471462351,-0.2571218093023992,0
-0.3158360207444141,-0.07462446878165475,1.3288525284290886,0.5849142228457929,-0.4778028980797438,0.48114426831877,-0.5409608432211501,0.10706148136178244,0.3473627389662994,-0.2591766582357959,0
-0.5632573693377875,0.32647411949416844,0.15584938520803754,0.31943968909558823,-0.517240605027096,0.10640149310767025,-0.3355634552622944,0.7403842357590621,-0.06723752398277202,-0.17534609555474323,0
-0.8382163385165954,-1.3266725482061856,-0.5131451256866069,-0.8993297613030787,1.064419010440397,-0.6222650142472463,1.7989377795029566,0.3307781194206821,2.8266538436840203,-0.27025102107153587,0
-0.4998373946561808,-1.6723707789853481,-0.7863334601273615,-0.3744142059333559,-0.614797038002125,-0.10178893756516322,-0.4813548107129107,-0.9948386307918631,2.8266538436840203,-0.2738879218386097,0
-0.2398989457967008,0.3785504555410294,-0.5155193866457946,-0.5312855213312041,-0.8306665918192108,-1.0386458755929129,-0.7093840697344975,-0.9739525348977423,0.19708168597083967,-0.1901300971728985,0
-0.4668756972887668,0.18243319000285071,3.0015972980879204,1.8881528430740702,-0.8846339802734822,0.6060585267224701,-0.6464885210834194,2.6478770831639142,-0.12194813774609597,-0.25693996426404553,0
-0.8970467097672963,-0.30619796311769626,-0.008231501179287485,1.0132935841245323,-0.3989274841850394,0.3354109668477866,-0.6924101664374492,-0.279476409660703,0.7688883960626272,-0.2643228728212055,0
-0.8040029311225707,-0.6563282224965916,-0.46733124004361104,-0.8389946399962142,-0.13324187948708777,0.6268775697897534,-0.8314909089566744,-0.6517068412724448,0.8208288521670486,-0.2675597145039012,0
-2.5326144778718893,-1.3842889200027126,-0.8976636205681157,-1.1406702465305376,-1.0444604768495938,-1.3717505646694461,-0.7916219733054679,-1.1000215686837682,-1.4301550921627928,-0.2736151542810792,1
1.1970641647523343,-1.833031815725664,-0.4691691695321629,1.0072600719938456,0.6056962085790902,0.002306277771253514,0.4356307092648376,-0.8948476560069369,-1.4301550921627928,-0.27756119161335435,0
0.6897043672994811,2.0915295093377773,3.0015972980879204,-0.7545254701666035,-0.5359216241074207,-0.33079841130527976,2.955926397262225,2.6478770831639142,-0.9345277176908239,-0.028648066214051606,0
-0.4777238508527259,0.057228382060397605,0.37501549043616456,-0.5433525455925771,-0.3034467199967131,-0.8096364018527963,-0.7943851668654526,-0.34643445975050136,-0.2798471243035375,-0.2613406141922049,0
-3.4772383112873992,-2.1111416103589002,-0.719568253127441,1.2365335329599314,-0.15607423614081803,-1.2676553493330294,-0.7672795538484607,-1.167893318285147,-1.4301550921627928,-0.2624753272315319,1
2.59522426447644,1.8034476503551415,-0.6696819026703381,1.097762753954143,-0.6625374200962881,0.06476340697310355,2.955926397262225,0.7407927131877686,-0.8417274361175909,-0.04778180114962722,0
-0.4710480640441357,0.3807664698408959,-0.5776962187997339,-0.259777475450313,0.01205493558210456,-0.9137316171892128,1.1601137445636585,0.08795978686674764,0.10774410147123485,-0.22598993873624684,0
0.0429875202173079,0.30098995504570447,0.9744158876561118,-0.006369965961481161,-0.5296946177473124,0.08558245004038689,-0.7001734245345488,0.3723783207126263,-0.510462749407169,-0.2517028271594591,0
-0.042545998267753765,-1.141635354167339,-0.6138722601597797,-0.7846930308200358,-0.6293267195090444,-0.7679983157182296,-0.7972799410711506,-0.7039059568987188,-1.4301550921627928,-0.26872352274936484,0
-0.02126692781537251,0.0827125465088615,-0.5580421962104595,1.1098297782155155,-0.006626083498220317,0.27295383764593656,0.1352320951007969,-0.9959028219877035,0.5204975926477045,-0.25437594922325846,0
-0.0454666549965119,0.8594255586120438,0.15632015311212286,1.139997338868948,-0.6293267195090444,0.7726108712607368,-0.5003024236956624,-0.19664148688144673,-0.18496922448612751,-0.10964548319755374,0
-0.22070605872200408,-0.4325107782100826,-0.5168177602260113,-0.4528498636322801,-0.5130892674536904,-0.4973507558435463,2.073809748398568,0.19673302636886209,0.06688427600242301,-0.4357481904772323,1
-0.10638320962489729,-0.11894475477898327,-0.7734109886414791,-0.5614530819846365,-1.3516594572816003,-1.3925696077367296,-0.8058326830425316,-0.8245357912393383,0.4336993193354266,-0.2637955222099797,0
-0.1297484634549629,-0.14996895497711324,-0.24669049197437698,-0.5433525455925771,-0.17683092400784545,0.21049670844408697,-0.5828034885580599,-0.42947362124411076,-0.20782302517207288,-0.26248623793383313,0
-0.47480319412396765,0.37411842694129654,2.390368588574691,1.0675951933007104,0.8236414311828785,1.2098107756736867,-0.7991220701111404,-0.13794973001994412,-0.07070022105640009,-0.25803103449416764,0
-0.008332590873729097,-0.09013656888071975,-0.29829116847489506,-0.07273859939903253,-0.40307882175844484,-1.4758457800058629,-0.4808284881300566,-0.22434270619135369,-0.2225971993528861,-0.2627408209875283,0
0.47607918942459554,0.04504030341113227,0.48753654320049494,0.07206569173744289,-0.8119855727388859,0.7101537420588868,-0.6028037467065198,0.6607956335974202,0.2707217104033309,-0.20338660046888274,0
0.36050463030087815,0.9957104380538292,-0.586662305228681,2.6664759079326252,-0.4944082483733658,0.46032522525148667,0.7086605491204593,-0.9080694254098028,0.0075567328075950265,0.41341358512301024,0
-0.5962190667052015,0.8361574084634465,2.202160309696715,2.6664759079326252,0.15942741943799957,1.2514488618082533,0.2318122890545446,0.9529322409646465,0.5761315922973292,0.008117363640298178,0
2.59522426447644,-0.5532835575528028,-0.9107397902509939,-0.9898324432633758,-1.0320064641293771,-1.0386458755929129,2.6403960088411256,-1.070385456290515,2.8266538436840203,-0.27559726519913447,0
