[제조]총자본증가율,[제조]자기자본증가율,[제조]매출채권회전률,[제조]순운전자본비율,[제조]자기자본배율,[제조]비유동비율,[제조]유동자산구성비율,[제조]자기자본구성비율,[제조]자본분배율,year,label
10.06,11.78,2.81,15.96,2705.16,89.68,39.17,67.83,54.11,2018,0
17.03,17.98,3.78,63.72,2190.86,26.5,78.46,81.29,56.14,2013,0
22.83,19.62,3.49,65.3,2295.46,25.58,79.38,80.6,62.85,2016,0
5.17,2.83,3.33,62.9,2357.41,27.18,78.63,78.61,55.29,2017,0
17.92,3.14,26.82,10.91,2304.23,84.23,43.93,66.56,63.69,2013,0
19.47,14.57,27.89,-2.06,2639.88,120.34,23.19,63.83,68.83,2014,0
0.69,12.7,16.09,-0.84,2559.37,121.55,12.66,71.85,-22.17,2015,0
-0.85,-3.8,50.51,-5.56,2462.23,124.69,13.45,69.41,39.98,2016,0
-0.56,-5.02,40.0,-0.45,2338.7,127.6,15.51,66.21,0.3,2017,0
2.41,-3.25,25.51,-14.11,2262.58,138.85,12.9,62.73,46.58,2018,0
6.88,12.05,56.52,37.19,2221.53,40.81,75.9,59.05,24.57,2015,0
12.31,4.35,59.98,39.14,2318.1,33.9,81.4,54.86,21.64,2016,0
3.74,14.21,59.98,45.03,2647.57,28.96,82.51,60.4,28.25,2017,0
5.32,7.59,9.81,35.08,2094.75,63.84,41.67,91.37,39.72,2012,0
4.0,1.42,8.88,39.81,2124.5,60.43,46.1,89.2,34.72,2013,0
-0.29,1.25,8.22,39.12,2150.98,60.05,45.66,90.5,30.89,2014,0
-0.41,0.58,6.36,39.93,2163.53,60.24,44.89,91.5,-13.41,2015,0
-1.65,-1.92,6.45,34.96,2121.96,65.84,40.03,91.09,-5.09,2016,0
13.71,14.67,7.28,30.73,2433.16,70.21,35.78,91.47,44.66,2017,0
-1.48,-2.41,8.71,25.62,2374.42,76.83,30.55,90.39,24.21,2018,0
14.14,17.29,8.39,53.36,2544.84,37.86,69.31,81.07,37.28,2011,0
86.21,50.18,2.23,17.94,2152.78,72.56,71.29,39.57,43.77,2016,0
19.72,21.88,3.35,22.06,2623.74,58.43,76.37,40.44,48.79,2017,0
32.47,45.48,11.88,4.54,2337.11,137.75,29.85,50.93,75.26,2015,0
11.96,12.55,16.95,-2.02,2630.42,145.02,25.75,51.2,81.41,2016,0
44.44,5.29,7.87,6.42,2269.75,142.36,37.95,43.58,58.72,2011,0
-0.07,5.33,5.95,18.77,2390.72,105.44,51.39,46.1,45.55,2012,0
-19.01,12.72,6.01,11.14,2694.76,115.92,32.34,58.37,53.5,2013,0
-16.48,-3.89,5.9,34.64,2589.97,78.43,47.23,67.28,21.68,2014,0
-11.57,-6.61,5.81,43.87,2418.85,40.48,71.42,70.6,-11.14,2015,0
-15.21,2.5,7.13,48.97,2479.42,44.57,61.94,85.39,27.72,2016,0
-4.12,-2.16,8.1,51.27,2425.79,43.65,62.03,86.99,6.69,2017,0
20.49,12.28,9.25,28.38,2723.74,70.86,42.26,81.49,37.03,2018,0
3.38,-0.92,2.77,46.9,1016.41,42.45,65.4,81.5,6.32,2014,0
23.79,29.84,2.94,62.3,1011.99,28.25,75.47,86.82,4.65,2016,0
41.26,42.55,6.22,34.16,2229.22,83.08,60.89,47.07,55.74,2013,0
56.06,84.95,8.08,42.54,2459.5,47.42,62.87,78.31,53.91,2016,0
27.54,34.14,15.49,57.28,2174.1,71.25,84.61,21.61,70.55,2015,0
42.64,11.84,20.41,46.55,2266.45,93.64,84.21,16.87,64.29,2016,0
33.29,8.95,27.64,45.08,2469.36,91.52,85.99,15.3,67.38,2017,0
45.78,-7.93,40.07,30.64,2273.53,126.29,83.54,13.04,64.39,2018,0
4.97,6.96,6.01,21.23,2088.09,86.98,25.58,85.56,66.89,2014,0
16.54,20.75,5.98,16.85,2190.32,96.8,21.57,81.03,82.8,2016,0
22.49,32.93,6.96,55.9,2664.34,31.63,75.16,78.53,50.16,2017,0
9.86,4.61,5.56,47.44,2787.09,37.59,72.88,72.15,53.95,2018,0
16.0,21.57,12.5,14.65,2378.1,92.31,32.64,72.97,69.54,2018,0
36.91,60.8,2.3,34.73,1030.96,56.27,61.57,68.29,40.75,2014,0
23.14,20.86,15.0,-25.92,2212.68,206.09,13.16,42.14,82.24,2011,0
-0.2,9.3,16.63,-27.91,2418.48,183.91,15.13,46.15,81.59,2012,0
13.25,10.42,18.02,-20.41,2670.43,194.6,12.45,44.99,80.63,2013,0
3.2,6.78,5.31,62.61,2129.35,31.57,71.56,90.09,56.76,2017,0
2.38,2.96,5.26,64.89,2192.33,29.44,73.31,90.65,67.55,2018,0
31.7,104.44,3.89,37.71,2108.12,40.34,75.83,59.92,22.96,2018,0
48.05,78.7,7.01,39.27,2126.99,56.64,59.99,70.64,44.72,2016,0
21.39,11.65,58.99,34.52,2066.55,21.52,92.89,30.09,67.37,2016,0
17.83,11.44,53.71,30.95,2303.04,21.62,92.89,28.46,64.6,2017,0
2.32,5.08,59.98,29.9,2420.1,23.43,92.89,29.23,60.96,2018,0
136.09,130.7,5.28,74.99,2745.55,14.36,87.52,86.92,26.35,2018,0
-1.15,5.26,6.41,43.09,996.77,53.06,53.53,87.56,42.81,2015,0
6.81,16.28,4.75,40.72,2056.19,45.12,69.11,68.46,53.26,2013,0
32.45,11.82,3.77,47.32,2268.25,66.04,61.84,57.78,47.37,2014,0
0.96,26.14,4.85,41.21,2242.79,39.19,74.16,65.94,36.19,2018,0
-35.35,-45.77,8.51,20.36,2134.81,74.8,46.43,71.62,34.53,2015,0
19.25,20.23,8.15,26.46,2566.73,66.22,52.32,72.0,39.32,2016,0
7.9,10.61,8.2,37.62,2839.16,53.87,60.35,73.6,34.59,2017,0
12.59,9.95,4.04,21.38,2145.66,79.16,39.51,76.42,66.28,2013,0
187.78,333.24,16.11,70.71,2416.41,20.74,82.17,85.97,79.65,2017,0
10.27,15.82,14.77,64.41,2765.82,30.78,72.21,90.3,67.75,2018,0
27.28,27.63,16.44,3.56,2376.89,96.53,38.44,63.78,62.56,2013,0
7.84,32.71,19.07,26.05,2628.69,67.34,47.14,78.49,69.06,2014,0
10.58,20.98,11.18,36.4,2208.5,58.05,49.75,86.57,64.22,2015,0
23.86,19.44,10.93,30.74,2637.8,64.01,46.47,83.63,57.58,2016,0
1.11,0.12,10.94,28.63,2054.47,66.02,45.44,82.64,44.84,2017,0
65.39,38.61,7.29,34.87,2580.56,43.74,73.74,60.03,59.56,2017,0
-13.84,4.57,8.94,47.19,2628.61,36.84,73.16,72.86,53.89,2018,0
-17.61,33.51,3.59,18.63,2639.28,92.24,43.02,61.78,57.97,2017,0
33.98,30.43,5.73,58.08,2206.33,34.17,70.97,84.94,64.78,2016,0
5.92,14.35,5.26,63.86,2522.85,30.93,71.67,91.6,52.9,2017,0
13.61,11.6,5.99,59.67,2815.45,35.28,68.24,90.0,50.64,2018,0
-6.99,25.56,12.65,79.64,2048.08,15.26,85.67,93.93,81.98,2018,0
32.94,34.51,3.78,60.67,2052.9,34.28,68.65,91.45,25.26,2011,0
-3.45,-0.31,4.91,62.1,2046.6,34.86,67.09,94.42,39.61,2012,0
15.22,12.83,7.5,65.97,2309.22,28.75,73.42,92.46,52.88,2013,0
11.43,19.15,28.68,64.89,2133.81,23.08,80.76,83.35,77.66,2018,0
26.84,141.83,8.85,70.21,2187.18,28.34,72.88,95.2,54.38,2018,0
15.03,16.25,7.1,59.16,2194.43,33.87,70.36,87.52,62.98,2015,0
7.4,6.57,7.3,50.2,2338.63,43.91,61.57,87.51,52.74,2016,0
6.95,8.0,8.77,26.08,2094.13,74.5,44.13,75.0,43.6,2016,0
-4.93,0.69,11.02,31.63,2108.63,69.16,45.06,79.43,42.9,2017,0
-1.55,2.33,8.99,37.59,2157.66,59.28,51.06,82.56,25.04,2018,0
18.61,29.93,11.76,-32.41,351.46,198.26,32.66,33.97,61.46,2016,0
5.09,0.05,19.19,-7.84,2635.03,191.15,10.92,48.1,76.5,2014,0
2.4,-2.67,18.85,-25.09,2339.76,207.67,10.92,45.71,39.83,2015,0
26.33,12.67,20.49,-23.2,2636.2,231.7,10.92,40.77,80.61,2016,0
14.78,34.09,18.53,-13.21,2500.16,244.23,10.92,37.6,64.64,2018,0
26.08,22.49,6.59,36.84,2037.02,57.26,51.75,84.28,53.51,2012,0
12.62,12.73,6.15,38.45,2296.31,57.62,49.06,88.39,49.79,2013,0
21.18,15.09,5.88,49.44,2642.89,44.42,60.92,87.97,53.12,2014,0
16.29,4.65,7.03,53.41,660.14,29.66,79.71,68.4,65.17,2014,0
68.88,82.7,10.31,-8.08,2396.42,127.84,35.27,50.63,44.87,2018,0
11.92,6.08,4.06,42.65,2170.46,53.76,61.59,71.43,57.82,2011,0
13.86,16.27,4.36,44.66,2523.62,49.84,63.71,72.81,72.08,2012,0
14.55,11.32,4.12,35.44,2218.64,36.12,80.64,53.59,46.29,2016,0
-6.07,8.55,3.29,38.85,2400.52,36.62,79.16,56.91,33.69,2017,0
36.62,4.19,5.76,28.39,2501.11,45.95,80.07,43.38,25.58,2018,0
12.63,15.12,5.7,3.43,2602.61,135.08,49.31,37.52,60.23,2011,0
-1.99,8.84,6.13,-4.47,2610.63,148.68,42.66,38.57,50.96,2018,0
28.86,12.28,9.78,34.6,2218.47,40.6,77.11,56.38,23.21,2016,0
23.84,18.49,10.62,34.51,2628.59,37.2,80.24,53.13,10.66,2017,0
-7.85,-6.48,5.25,61.2,991.09,35.06,66.98,94.21,-11.5,2017,0
37.3,33.35,6.19,10.54,2473.23,105.65,41.7,55.19,61.67,2012,0
11.73,5.74,7.45,11.9,2474.32,106.41,42.74,53.81,44.43,2015,0
22.86,5.13,7.3,2.83,2501.04,123.79,42.98,46.06,41.16,2016,0
15.79,-5.22,7.09,-3.31,2370.45,155.74,41.28,37.7,27.82,2017,0
15.92,-1.29,9.24,4.15,2272.79,158.35,49.16,32.11,30.11,2018,0
20.86,3.71,1.97,21.72,2087.14,89.53,46.86,59.36,30.02,2011,0
53.2,22.59,1.68,10.34,2224.35,119.56,43.21,47.5,30.68,2012,0
9.16,7.1,1.63,31.62,2339.81,130.9,38.99,46.61,34.7,2013,0
13.78,27.32,1.8,8.48,2270.29,123.47,35.61,52.15,43.17,2014,0
13.52,10.17,1.81,7.9,2265.15,134.37,32.0,50.61,34.71,2015,0
92.11,333.24,5.17,55.05,2430.17,30.38,77.92,72.67,72.83,2013,0
5.25,8.82,3.91,48.48,1014.85,48.0,56.79,90.04,34.95,2018,0
2.71,3.91,4.01,60.84,2077.12,38.13,62.55,95.2,52.51,2017,0
4.78,3.66,3.69,50.62,2153.11,48.02,53.33,95.2,0.0,2018,0
9.1,10.17,6.24,57.85,2745.8,39.33,62.98,94.13,78.66,2017,0
-43.35,-44.45,3.5,57.1,2065.6,38.72,64.06,92.83,46.89,2015,0
44.65,47.96,6.68,39.91,2232.02,60.02,43.28,94.5,64.59,2016,0
3.25,3.74,6.73,39.22,2315.58,60.74,42.37,94.87,77.29,2017,0
11.06,7.31,8.53,42.78,2484.76,57.58,45.96,93.86,71.88,2018,0
7.85,6.57,4.18,68.38,1012.35,29.63,71.81,95.12,29.17,2013,0
39.25,-6.16,8.62,-14.6,2618.58,158.82,40.9,37.21,9.38,2011,0
6.57,-16.94,7.09,-20.07,2175.06,187.87,48.07,27.64,7.86,2012,0
-30.0,-1.81,3.89,-17.67,2135.78,190.79,27.71,37.89,36.96,2013,0
-3.23,11.58,6.2,-17.79,2274.42,173.61,25.38,42.98,24.04,2014,0
-2.39,-1.39,5.45,-13.48,2175.97,155.08,35.84,41.38,-14.81,2015,0
-0.71,16.37,5.54,-10.72,2288.1,130.51,35.86,49.15,47.2,2016,0
-2.76,8.01,5.38,-11.35,2206.26,144.81,36.65,43.75,48.11,2018,0
4.67,2.55,4.88,-17.16,377.87,190.67,45.36,28.66,3.88,2011,0
19.68,12.35,1.86,51.46,652.57,34.09,77.34,66.48,52.42,2012,0
53.54,101.23,7.05,59.7,2178.18,35.32,71.33,81.18,67.62,2011,0
27.29,8.21,6.28,33.9,2041.53,73.6,54.98,61.18,62.08,2016,0
6.49,11.76,3.46,43.44,992.84,58.1,58.46,71.5,50.68,2017,0
22.12,11.88,59.98,38.18,2014.03,52.41,59.89,76.52,40.79,2011,0
-1.65,11.11,59.98,47.33,2237.83,47.14,59.25,86.44,41.94,2012,0
16.32,5.42,59.98,32.63,2359.01,72.56,43.16,78.34,36.64,2013,0
-0.18,3.21,24.88,38.77,2440.84,65.27,47.13,81.0,32.15,2014,0
7.53,7.48,36.26,33.52,2623.43,71.33,41.97,81.35,46.51,2015,0
16.97,4.94,28.84,19.52,2752.91,88.1,35.82,72.85,33.73,2016,0
16.14,17.11,8.46,66.62,2247.34,29.35,72.33,94.27,64.41,2018,0
-18.02,7.96,6.75,-19.14,366.55,178.01,49.56,28.33,41.12,2017,0
26.65,29.56,8.56,-4.78,2453.97,193.28,25.44,38.57,65.19,2013,0
4.05,11.56,7.31,-3.32,2736.79,185.65,25.45,40.16,63.83,2014,0
141.09,168.71,5.71,-3.19,2499.21,144.45,26.74,50.71,63.74,2018,0
40.15,42.58,1.24,72.28,1029.89,31.25,78.21,69.73,49.12,2015,0
-0.87,4.16,55.2,43.44,2033.82,48.09,59.76,83.68,48.35,2015,0
13.49,-4.03,4.93,-9.94,2185.9,163.76,27.05,44.55,22.88,2011,0
24.55,7.15,6.03,-12.67,2342.14,167.58,35.78,38.32,42.17,2012,0
2.71,16.25,6.52,-6.16,2706.03,154.42,33.02,43.37,41.64,2013,0
5.09,-3.06,5.09,-4.15,2623.3,162.27,35.08,40.01,25.15,2014,0
10.46,-9.25,3.95,29.92,981.85,53.37,69.54,57.07,0.0,2013,0
17.83,52.25,4.18,64.17,2523.54,31.37,70.95,92.61,67.37,2013,0
6.83,5.19,4.94,60.32,2654.56,34.69,68.37,91.19,52.46,2014,0
-8.03,-4.98,4.76,70.67,2700.08,23.33,79.03,89.86,-24.5,2016,0
1.35,-0.09,5.46,69.21,2833.16,24.87,77.18,91.75,29.42,2018,0
53.63,50.69,4.37,33.65,2278.28,76.97,43.22,73.77,58.05,2013,0
15.62,14.04,4.19,38.74,2585.03,73.03,46.93,72.66,49.9,2014,0
21.01,13.37,4.7,28.82,2181.67,79.47,43.61,70.96,43.85,2016,0
7.58,8.77,4.51,29.9,2370.66,83.74,40.92,70.55,39.29,2017,0
7.68,11.14,4.05,32.75,2634.11,77.09,43.94,72.71,42.95,2018,0
18.33,14.22,7.94,28.75,2223.98,75.46,38.74,81.18,61.4,2013,0
10.2,30.71,7.17,21.18,2230.02,78.67,36.77,80.38,63.42,2015,0
0.64,4.61,5.72,22.0,2321.21,78.34,35.11,82.84,51.26,2016,0
7.49,6.7,5.59,28.38,2359.27,70.47,42.7,81.32,47.03,2017,0
2.63,4.93,5.1,26.17,2427.82,75.19,38.24,82.14,49.23,2018,0
9.21,-1.32,7.03,29.53,2498.03,63.42,52.35,75.14,19.04,2011,0
7.3,8.69,5.4,32.41,2715.17,59.75,54.53,76.11,30.97,2012,0
-0.48,2.27,5.97,34.99,2776.89,56.85,55.53,78.22,19.87,2013,0
86.27,13.01,3.81,-11.81,2104.31,132.88,41.95,43.68,58.52,2012,0
-30.49,-35.21,4.78,31.42,2180.62,65.27,50.01,76.6,0.0,2014,0
-7.41,-5.13,5.8,28.39,2066.46,69.21,45.65,78.53,24.71,2015,0
-1.07,-1.37,5.21,30.82,2038.19,64.35,49.71,78.16,35.69,2016,0
66.05,132.62,12.53,38.66,2506.2,46.98,66.75,70.79,64.23,2018,0
40.6,9.79,5.56,33.44,1022.85,56.2,61.9,67.81,0.0,2018,0
4.56,3.7,36.3,56.95,1017.38,35.96,68.7,87.03,16.77,2012,0
87.53,31.57,7.71,42.95,2136.47,31.87,81.1,59.32,73.84,2018,0
17.73,21.9,7.61,33.72,1009.23,48.73,68.12,65.41,76.28,2011,0
92.04,126.1,11.36,35.12,2052.37,53.38,61.38,72.35,77.14,2012,0
21.52,10.24,8.15,33.59,2238.3,55.43,62.36,67.9,68.03,2013,0
-2.46,4.44,6.24,29.18,2337.71,66.09,51.37,73.58,59.54,2014,0
20.13,17.44,7.57,27.95,2722.36,72.06,49.29,70.37,57.17,2015,0
41.95,30.26,3.35,23.77,1007.79,51.51,76.48,45.65,52.24,2016,0
15.72,15.56,12.5,23.21,2269.11,76.38,33.19,87.46,71.36,2011,0
8.17,11.31,11.31,21.11,2525.64,79.25,28.71,89.95,66.37,2012,0
6.79,9.01,11.09,40.07,2753.1,57.56,47.16,91.8,63.85,2013,0
30.34,8.29,4.79,39.44,2155.33,60.36,67.06,54.57,51.09,2013,0
9.3,-0.66,6.82,19.32,2141.2,67.18,66.68,49.59,50.09,2014,0
14.12,13.6,5.75,21.28,2260.03,75.0,62.97,49.37,44.69,2015,0
-4.64,0.75,6.98,22.24,2276.95,74.64,60.92,52.35,26.98,2016,0
-4.12,-2.3,6.71,22.14,2224.59,67.74,63.88,53.33,-16.28,2017,0
5.78,5.87,20.5,62.53,2066.67,33.56,69.12,92.03,66.59,2017,0
23.68,18.54,24.57,65.09,2449.89,27.57,75.68,88.2,75.59,2018,0
1.57,-15.19,5.79,18.25,2445.79,125.17,42.7,45.78,-41.84,2018,0
10.91,7.87,10.36,73.63,2715.77,10.87,91.05,82.29,67.79,2011,0
10.39,16.56,5.13,5.33,2088.45,96.33,46.56,55.48,61.03,2013,0
41.34,25.67,4.63,8.18,2592.34,85.25,57.95,49.33,66.33,2014,0
-5.45,5.03,4.15,19.99,2722.82,83.83,54.06,54.8,50.87,2015,0
-8.75,-10.09,3.71,22.18,2448.11,82.98,55.2,53.99,50.58,2016,0
-2.37,2.6,4.64,17.33,2511.83,76.93,56.34,56.75,51.55,2017,0
-1.86,3.88,3.84,25.13,2609.35,70.44,57.69,60.06,50.17,2018,0
-2.39,4.8,3.62,50.15,2055.19,33.79,75.23,73.32,36.35,2017,0
14.84,8.37,4.75,50.83,2226.51,35.47,74.09,73.04,26.57,2018,0
30.68,83.91,6.78,25.16,2571.7,78.83,40.76,75.15,37.07,2015,0
42.15,29.18,8.56,41.18,2545.62,70.94,66.58,47.11,61.02,2017,0
9.54,12.26,3.85,65.18,2035.43,30.27,72.8,89.85,69.61,2013,0
20.38,11.66,4.57,27.23,2135.1,66.92,58.85,61.49,36.04,2016,0
8.02,18.24,10.66,6.85,2149.91,92.22,35.44,70.01,62.39,2018,0
12.18,4.41,4.05,9.18,2065.97,127.47,48.69,40.25,39.48,2018,0
12.39,13.37,8.34,56.98,2059.54,33.15,71.81,85.04,64.9,2013,0
157.83,60.54,12.62,64.51,2306.38,35.91,74.03,72.31,62.93,2014,0
10.25,14.91,12.3,54.26,2650.18,48.09,65.5,71.74,57.64,2015,0
29.04,43.51,8.7,11.03,2259.37,98.68,29.79,71.15,69.42,2016,0
8.6,6.77,13.75,53.67,2807.27,42.75,60.63,92.08,42.96,2011,0
0.6,-3.5,10.12,41.65,2709.05,57.7,46.65,92.45,-13.55,2012,0
10.65,1.59,8.44,54.08,2752.23,42.25,61.46,91.24,53.95,2013,0
-9.73,-3.88,4.02,45.42,2189.78,51.23,52.99,91.76,5.35,2014,0
121.8,102.44,17.29,75.77,2643.61,7.43,92.89,77.82,85.04,2014,0
16.19,13.88,13.93,77.94,2491.0,14.77,86.76,89.6,65.14,2016,0
2.7,6.84,12.91,67.05,2661.34,29.59,72.62,92.53,58.43,2017,0
-3.81,6.52,5.93,54.25,2054.27,41.36,63.99,87.06,59.33,2016,0
2.86,1.75,7.66,42.5,2042.64,52.48,54.57,86.56,52.76,2018,0
43.97,199.97,13.74,40.44,2069.5,51.59,59.4,78.69,60.32,2017,0
45.44,51.56,59.98,66.65,2133.79,27.7,74.76,91.1,0.0,2018,0
187.78,333.24,8.51,69.53,2004.7,14.23,88.46,81.07,82.66,2018,0
18.52,25.73,4.54,48.87,2301.4,45.27,63.3,81.07,66.88,2011,0
2.53,10.1,4.95,52.6,2533.95,42.88,63.93,84.12,53.11,2012,0
1.95,3.68,5.42,47.63,2627.1,46.01,60.61,85.61,26.14,2013,0
5.36,2.26,3.35,28.88,2686.4,67.33,44.37,82.62,25.76,2014,0
-7.65,-4.65,3.5,28.89,2561.6,68.05,42.06,85.15,7.82,2015,0
-8.97,-12.6,4.27,26.98,2238.89,68.5,44.0,81.75,3.35,2016,0
4.33,-1.62,5.29,24.71,2202.68,70.34,45.78,77.09,15.98,2017,0
13.79,1.51,4.63,32.03,2235.87,72.7,50.0,68.77,19.3,2018,0
27.13,64.85,6.16,18.32,2039.22,76.42,48.81,66.99,69.0,2013,0
-2.24,7.98,5.14,16.76,2201.92,82.29,39.12,73.99,58.2,2014,0
58.34,1.02,7.1,17.12,2224.42,101.55,40.15,58.94,43.9,2015,0
7.85,3.59,5.1,17.97,2302.3,90.95,50.03,54.95,39.36,2016,0
-18.7,-19.01,4.7,13.28,2834.37,103.86,26.03,71.22,0.0,2018,0
18.88,47.56,8.09,28.86,2128.5,49.78,73.03,54.18,58.47,2012,0
42.95,26.26,6.05,27.7,2687.53,45.55,78.2,47.86,57.45,2013,0
63.87,-39.53,3.4,-19.67,362.34,180.16,53.3,25.92,0.0,2017,0
15.36,15.69,6.08,17.32,2276.99,79.34,48.38,65.06,65.55,2016,0
3.77,16.35,5.87,17.96,2649.36,78.28,43.67,71.96,68.06,2017,0
62.84,106.48,3.8,62.25,2186.08,30.99,72.39,89.12,74.62,2017,0
28.05,23.96,4.16,63.3,2709.76,27.26,76.49,86.27,68.93,2018,0
42.48,30.88,12.87,16.5,2476.55,90.34,40.03,66.38,41.11,2018,0
23.36,18.46,1.81,46.0,2201.64,48.0,60.14,83.04,47.14,2018,0
-17.45,-19.43,4.61,10.78,2685.76,85.25,55.48,52.23,-168.28,2015,0
28.57,52.22,8.72,26.88,2782.76,66.59,57.11,64.41,53.45,2017,0
19.15,15.56,3.47,45.33,2057.2,64.6,62.83,57.54,40.39,2018,0
12.65,12.92,9.18,81.09,2532.09,7.43,92.89,94.19,78.4,2011,0
23.37,57.11,14.59,6.64,2082.67,94.03,40.93,62.82,29.85,2016,0
14.94,16.47,9.27,11.61,2181.98,93.42,39.93,64.3,46.65,2018,0
64.19,23.55,18.19,15.09,2365.05,105.32,52.91,44.71,56.98,2018,0
104.33,163.51,5.69,38.91,2362.74,61.84,45.31,88.45,-0.49,2014,0
24.53,24.6,2.74,20.19,2781.43,78.47,30.55,88.51,19.53,2015,0
166.33,181.37,1.58,44.47,2830.47,61.56,47.36,85.51,0.0,2018,0
54.88,85.09,6.34,56.64,2153.25,32.38,75.08,76.96,59.63,2018,0
2.17,13.91,16.97,43.15,2128.86,52.22,54.04,88.01,54.96,2012,0
-0.25,11.93,4.1,30.24,2086.43,54.04,70.68,54.24,43.67,2011,0
-12.39,0.6,3.26,33.39,2098.94,56.2,65.33,61.69,20.71,2012,0
32.86,14.1,5.57,33.13,2394.87,51.44,72.72,53.03,44.57,2013,0
10.38,16.45,6.04,29.13,2788.75,67.35,62.0,56.43,44.31,2014,0
-29.47,21.42,3.06,-9.74,2169.71,128.1,52.91,36.76,71.05,2011,0
-12.44,14.5,2.64,-6.05,2484.24,114.69,44.87,48.06,62.66,2012,0
64.46,108.75,13.19,18.34,2099.24,82.06,28.72,86.86,72.26,2013,0
29.2,12.29,3.64,41.94,990.38,51.15,58.02,82.07,20.04,2018,0
10.03,14.03,4.82,57.39,2099.78,34.51,71.07,83.83,83.3,2016,0
5.9,7.93,4.7,59.91,2266.26,31.92,72.86,85.02,81.13,2017,0
8.25,11.15,4.65,58.61,2518.97,36.41,68.17,87.41,78.13,2018,0
20.62,-0.87,4.66,-6.67,2703.65,145.64,33.91,45.38,26.65,2016,0
-7.58,-4.37,4.78,-11.48,2375.32,146.84,30.21,47.53,43.95,2017,0
-4.63,-3.01,4.22,-4.95,2303.71,150.08,34.87,43.4,35.17,2018,0
17.77,18.32,9.29,46.77,2138.35,50.24,54.17,91.23,51.03,2013,0
31.83,27.86,6.47,75.2,2464.54,16.59,85.46,87.66,71.93,2011,0
14.96,11.05,7.94,51.6,2182.38,44.35,59.51,91.31,52.24,2016,0
8.35,6.49,6.52,51.35,2324.11,43.62,60.75,89.99,64.42,2017,0
18.21,20.17,6.9,52.77,2792.79,43.64,60.16,91.29,70.76,2018,0
16.96,4.66,5.37,16.51,2445.11,85.07,54.56,53.41,39.6,2011,0
10.4,-3.71,5.18,11.59,2354.38,97.92,54.38,46.59,24.44,2012,0
-20.98,6.14,7.42,6.71,2831.43,91.4,43.43,61.89,41.66,2015,0
-8.96,-11.21,5.33,7.26,2513.94,89.94,45.58,60.5,14.64,2016,0
-22.8,-16.75,8.06,14.55,2092.78,85.74,44.13,65.16,0.0,2017,0
36.54,22.83,7.48,17.64,2099.8,99.42,26.99,73.43,58.43,2017,0
11.4,1.68,4.98,0.07,2237.65,117.73,30.2,59.29,58.4,2011,0
8.58,4.12,7.05,2.42,2300.46,114.32,35.0,56.85,52.74,2012,0
11.69,5.08,5.87,21.92,2174.89,88.75,57.02,48.43,48.21,2011,0
19.52,24.77,7.2,4.05,2209.06,124.61,46.56,42.89,64.23,2013,0
5.51,12.89,7.05,44.94,2223.82,53.05,54.2,86.34,67.52,2015,0
17.35,11.86,7.15,48.31,2487.62,45.31,62.71,82.3,66.99,2016,0
1.75,6.04,7.98,51.32,2637.89,42.77,63.31,85.77,58.59,2017,0
92.21,34.89,9.28,30.9,2144.36,116.13,50.26,42.83,51.57,2018,0
108.55,10.14,7.26,13.72,2340.35,112.22,38.87,54.48,29.72,2018,0
2.17,14.01,3.46,50.16,2171.9,43.01,64.77,81.92,67.85,2011,0
3.76,11.21,3.64,56.27,2389.16,38.23,66.44,87.8,57.96,2012,0
5.0,6.94,5.15,59.56,2534.19,35.83,67.96,89.42,55.94,2013,0
-0.86,0.38,4.75,58.85,2543.78,37.19,66.33,90.54,33.11,2014,0
29.11,28.89,5.55,67.04,2732.3,27.17,75.44,90.39,61.0,2015,0
0.22,10.96,9.65,33.81,2052.58,60.06,51.13,81.37,0.0,2011,0
22.55,-2.2,7.63,16.71,2007.38,89.57,37.21,70.09,0.0,2012,0
26.78,5.86,6.52,16.51,2124.98,102.82,43.18,55.26,55.98,2013,0
20.42,9.2,7.81,12.5,2070.49,81.06,55.77,54.56,46.84,2018,0
1.29,6.86,7.87,21.15,2520.66,76.52,42.67,74.92,52.39,2011,0
8.33,6.35,8.43,21.18,2680.61,75.65,44.44,73.45,53.8,2012,0
-0.28,12.03,19.19,59.18,2149.22,33.65,70.44,87.85,68.83,2018,0
19.32,1.18,2.25,37.86,662.31,47.9,71.99,58.48,53.71,2011,0
10.89,6.91,4.99,25.36,2120.79,59.55,63.96,60.52,42.31,2018,0
125.13,27.3,5.47,22.74,1040.09,49.9,80.02,40.04,59.94,2016,0
28.33,27.6,10.82,46.24,2491.66,46.71,59.75,86.17,74.93,2017,0
26.71,12.45,7.56,21.45,2377.93,79.58,42.83,71.84,55.0,2011,0
-1.56,3.31,6.28,19.6,2237.03,82.77,37.38,75.66,44.49,2012,0
0.12,-3.58,6.69,24.62,2156.98,78.0,42.89,73.22,40.44,2013,0
5.08,5.72,7.37,29.26,2280.35,69.61,48.5,73.98,44.47,2014,0
7.59,6.07,5.52,34.42,2381.13,60.8,51.24,80.2,36.16,2015,0
-1.92,-9.74,4.53,27.64,2149.27,69.47,47.59,75.45,3.15,2016,0
8.92,12.33,6.13,30.16,2414.19,69.67,45.84,77.74,45.78,2017,0
11.31,11.36,5.24,32.68,2688.47,65.51,49.12,77.66,39.17,2018,0
56.03,-4.96,12.94,-1.12,2284.18,122.16,32.47,55.28,45.86,2011,0
2.15,4.67,16.93,-5.8,2390.75,109.51,30.31,63.64,57.24,2012,0
0.74,8.98,10.67,6.68,2161.92,95.83,33.37,69.53,31.41,2013,0
4.1,-0.7,8.07,4.56,2146.69,100.08,33.97,65.98,46.81,2014,0
-5.1,0.82,7.14,9.62,2164.36,90.7,36.64,69.86,39.88,2015,0
-35.67,-1.21,4.9,52.03,2128.8,43.64,60.52,90.47,19.02,2016,0
30.23,38.28,21.73,23.12,2148.23,76.12,44.01,73.55,45.08,2014,0
24.47,1.22,21.2,23.0,2174.42,100.72,35.01,64.52,38.77,2015,0
15.76,2.09,32.04,8.75,2219.97,138.66,21.32,56.74,37.18,2016,0
5.52,-4.78,42.19,3.78,2113.92,161.65,14.15,53.11,26.57,2017,0
29.38,27.96,45.11,-2.99,2705.03,173.62,10.92,51.61,27.62,2018,0
1.81,-1.59,7.04,40.29,998.89,43.61,75.16,56.96,1.19,2018,0
27.85,95.99,24.9,11.17,2028.45,103.51,26.37,71.13,40.2,2014,0
1.13,-15.54,6.81,11.4,2731.63,93.83,41.31,62.55,0.0,2012,0
-0.69,-16.24,4.67,5.47,2260.52,119.04,38.43,51.72,0.0,2013,0
5.9,2.1,6.78,-10.89,2115.87,141.58,37.8,43.93,30.76,2011,0
-1.23,0.56,6.86,-3.82,2127.75,133.24,40.13,44.93,32.87,2012,0
16.35,16.14,5.66,43.27,2169.5,59.89,52.61,79.12,58.44,2014,0
9.92,9.55,3.69,19.58,2376.6,78.7,37.59,79.3,52.83,2015,0
9.51,12.61,4.2,25.24,2562.77,71.83,41.57,81.35,56.96,2016,0
6.74,9.81,12.7,44.87,1000.54,50.42,57.55,84.2,38.57,2012,0
-12.85,-14.99,59.98,74.83,2494.71,19.48,81.91,92.86,-72.17,2016,0
-8.94,-5.3,59.98,71.15,2362.52,26.56,74.35,95.2,-27.84,2017,0
11.87,-6.76,23.98,45.46,2831.27,46.06,63.01,80.31,19.42,2017,0
-14.03,-5.39,24.03,50.87,2678.63,45.19,59.63,89.33,15.12,2018,0
12.58,12.66,3.42,55.8,1014.66,35.95,69.15,85.81,58.15,2015,0
3.1,9.52,2.68,61.32,2174.26,32.61,70.38,90.83,76.6,2012,0
12.64,11.37,4.07,60.49,2421.52,32.86,70.49,89.81,79.29,2013,0
11.54,7.27,3.21,54.18,2597.47,38.68,66.59,86.37,73.86,2014,0
4.54,5.58,3.15,39.7,2742.5,55.42,51.66,87.23,69.09,2015,0
84.53,37.53,3.26,-2.03,2191.69,120.32,22.43,64.46,70.21,2016,0
47.09,47.22,3.98,-5.78,2838.23,117.35,24.92,63.98,78.95,2017,0
-1.88,25.41,6.52,52.02,2371.15,39.93,67.47,81.47,0.0,2018,0
187.78,149.61,4.72,18.64,2283.93,84.72,38.24,72.9,76.12,2016,0
187.78,228.04,1.17,63.3,2762.95,37.5,63.67,95.2,22.59,2016,0
-21.16,-25.39,0.93,60.93,2061.32,41.72,61.75,91.68,0.0,2017,0
4.27,9.69,6.13,39.0,2048.62,46.04,69.12,67.07,44.1,2017,0
-1.54,4.59,5.32,42.52,2142.75,44.63,68.2,71.26,37.71,2018,0
1.31,0.54,12.16,5.85,2069.07,99.77,32.04,68.11,57.25,2012,0
10.13,9.08,10.27,1.33,2243.15,103.85,29.94,67.46,53.52,2013,0
-6.9,-4.09,7.68,7.92,2126.08,92.15,35.96,69.5,51.69,2014,0
-5.88,2.18,7.06,17.92,2172.53,78.88,40.48,75.45,49.42,2015,0
12.19,4.09,6.09,15.97,2261.29,79.57,44.3,70.0,46.25,2016,0
-8.08,-2.35,6.09,18.76,2208.26,76.26,43.28,74.37,43.11,2017,0
-3.64,-4.49,7.95,19.76,2109.05,75.09,44.65,73.71,34.65,2018,0
-13.03,-14.51,0.93,-11.77,2623.65,114.28,10.92,85.48,0.0,2017,0
-7.4,-4.23,0.93,-2.12,2380.26,102.4,10.92,91.17,0.0,2018,0
95.89,104.7,4.57,66.11,2510.79,30.53,71.08,94.74,74.29,2015,0
13.17,2.92,2.82,56.31,2494.96,43.11,62.85,86.16,69.21,2016,0
-1.93,-1.93,3.19,41.87,2399.75,56.07,50.8,87.75,68.62,2017,0
-3.24,-4.38,4.06,32.21,2189.27,63.84,43.65,88.27,60.7,2018,0
11.16,34.79,2.85,22.11,2152.44,77.53,52.92,60.73,51.01,2013,0
23.42,33.5,3.15,38.53,2706.56,51.66,61.76,74.01,51.64,2014,0
-4.53,-15.73,5.7,21.27,1000.96,67.66,69.75,44.71,-74.25,2011,0
-3.21,18.09,6.35,15.9,2162.91,69.86,69.06,44.28,78.74,2011,0
-3.5,11.14,7.62,21.22,2403.8,63.24,67.75,51.0,71.16,2012,0
-2.55,8.02,7.2,34.17,2596.66,56.72,67.93,56.54,67.47,2013,0
19.47,9.29,5.33,31.73,2837.87,53.71,72.22,51.72,70.2,2014,0
-2.36,4.12,5.46,60.65,1015.16,25.51,80.06,78.15,56.01,2014,0
18.22,29.45,10.63,13.16,2479.23,69.82,70.25,42.61,73.16,2015,0
7.9,4.15,10.73,22.14,2074.69,82.93,29.82,84.62,56.74,2016,0
4.55,5.65,7.66,22.21,2191.94,83.16,28.83,85.57,65.41,2017,0
-0.58,-0.16,4.52,19.77,2188.44,85.93,26.21,85.87,18.83,2018,0
1.98,-4.74,3.17,30.85,2346.98,60.43,54.15,75.88,39.76,2016,0
8.44,3.57,2.74,31.38,2430.7,62.77,54.3,72.81,30.27,2017,0
10.15,31.04,2.58,44.06,2841.37,50.09,56.66,86.53,25.15,2018,0
13.72,23.45,3.12,52.37,658.65,41.22,65.63,83.39,61.56,2011,0
46.83,56.91,6.34,44.73,2012.58,42.84,67.16,76.67,45.38,2011,0
22.46,13.78,8.4,27.51,2289.88,62.93,55.17,71.24,48.16,2012,0
9.06,14.08,8.2,31.1,2612.2,60.06,55.24,74.51,51.31,2013,0
5.44,19.29,6.3,26.95,2061.12,60.99,67.87,52.68,60.78,2013,0
-16.17,3.43,7.63,31.15,2045.34,63.12,61.71,60.67,35.71,2015,0
42.5,18.87,6.63,26.54,2431.32,60.86,69.2,50.61,62.8,2016,0
-3.14,14.0,5.57,35.79,2519.7,52.36,68.81,59.57,52.18,2017,0
7.44,9.03,6.29,38.89,2747.22,47.8,71.01,60.64,45.41,2018,0
31.16,17.49,5.05,51.52,2272.99,52.23,61.56,73.61,69.27,2013,0
10.3,7.99,4.83,26.54,2454.7,74.94,45.99,72.07,58.24,2014,0
1.58,12.43,4.83,34.38,2643.12,71.91,42.64,79.77,60.25,2015,0
10.89,15.16,2.6,14.88,2136.57,107.4,47.7,48.7,37.71,2014,0
5.48,19.88,2.79,21.65,2561.3,89.3,50.57,55.35,42.22,2015,0
26.33,12.86,22.56,38.26,2550.65,59.21,51.41,82.07,59.87,2017,0
27.63,38.39,16.12,22.77,2356.53,76.43,30.27,91.24,68.79,2011,0
88.32,112.1,16.22,30.36,2087.92,58.49,57.3,73.01,70.69,2017,0
-5.16,-5.23,7.28,81.09,2659.18,13.93,86.28,95.2,-710.1,2016,0
-4.73,-6.4,5.69,76.54,2474.89,22.52,78.18,95.2,0.0,2017,0
2.64,12.75,18.45,62.64,2074.66,29.96,74.03,86.7,64.02,2017,0
-1.71,0.17,17.78,68.06,2078.11,27.38,75.81,88.36,8.71,2018,0
14.72,21.38,18.6,30.15,2409.16,69.24,45.77,78.32,83.57,2012,0
-4.37,3.44,15.04,30.28,2491.93,70.51,40.36,84.59,69.54,2013,0
12.25,7.72,12.42,24.93,2684.2,75.81,38.47,81.17,66.56,2014,0
2.39,4.14,13.26,34.45,2795.28,66.25,45.23,82.66,70.83,2015,0
187.78,200.17,7.06,65.44,2078.11,32.7,68.21,95.2,30.35,2015,0
33.93,34.76,7.39,69.48,2494.14,28.98,71.65,95.2,-15.73,2016,0
-7.22,-7.51,3.27,24.46,999.47,57.02,67.94,56.23,-23.67,2017,0
9.78,9.83,3.37,31.22,2058.23,65.08,49.54,77.54,38.12,2018,0
12.68,13.64,6.45,60.85,2603.17,34.92,67.52,93.01,65.11,2011,0
12.64,12.07,6.36,54.13,2050.35,42.83,59.82,93.81,65.41,2014,0
13.06,14.01,6.61,50.85,2337.56,46.7,55.82,94.59,66.32,2015,0
15.07,12.78,7.21,57.12,2636.35,39.33,63.53,92.71,66.89,2016,0
-22.42,-31.01,10.52,26.44,2516.33,98.24,30.16,71.09,-34.54,2017,0
58.5,40.18,4.69,11.51,2085.64,159.58,62.57,23.46,61.46,2012,0
-2.77,13.85,5.5,9.78,2374.5,140.11,61.66,27.36,53.82,2013,0
-4.02,-8.07,6.49,-3.16,2182.82,159.41,58.18,26.23,32.75,2014,0
27.01,23.53,5.88,-10.5,2410.36,129.81,20.12,61.54,83.45,2013,0
7.08,37.68,7.65,-10.0,2212.57,176.19,45.75,30.79,49.93,2014,0
10.88,16.24,8.07,-11.76,2275.59,183.87,42.22,31.43,48.52,2015,0
7.22,25.59,8.89,-23.7,2857.93,217.24,40.69,27.3,41.29,2016,0
5.06,10.1,9.12,-19.05,2689.39,199.99,43.13,28.44,39.56,2017,0
2.28,3.13,8.69,-15.57,2651.14,193.54,44.5,28.68,38.05,2018,0
-0.8,5.37,3.14,41.29,2105.98,59.22,45.53,91.97,34.63,2014,0
4.83,4.42,3.28,43.06,2199.02,55.91,48.78,91.61,34.29,2015,0
6.13,6.31,3.35,38.35,2337.78,60.14,44.81,91.77,41.37,2016,0
3.51,4.83,3.1,43.07,2450.61,55.45,48.47,92.94,38.37,2017,0
3.4,3.07,3.33,39.43,2525.95,58.28,46.01,92.64,41.17,2018,0
-9.38,-7.24,6.79,38.7,1001.08,45.62,67.89,70.39,1.09,2011,0
8.38,0.89,5.78,25.97,1007.02,65.58,52.04,73.13,-63.22,2014,0
21.34,13.88,10.8,24.15,2257.49,70.83,62.2,53.37,28.0,2018,0
11.01,13.23,4.41,39.2,1001.67,56.07,54.6,80.98,48.46,2014,0
5.45,0.01,4.68,33.82,2080.93,66.54,53.9,69.27,45.9,2011,0
-1.51,-0.49,4.95,32.1,2070.7,59.69,58.23,69.98,41.81,2012,0
-4.0,4.99,3.81,9.86,2068.73,90.03,46.18,59.78,56.86,2016,0
12.54,-1.42,3.9,11.41,2039.28,96.44,46.89,55.07,59.5,2017,0
5.41,9.08,3.71,14.6,2224.4,95.44,46.5,56.06,62.83,2018,0
22.18,13.25,8.7,46.34,2228.25,37.95,72.22,73.19,50.79,2016,0
-2.34,4.44,6.39,52.8,2327.09,34.97,72.61,78.31,37.15,2017,0
3.05,4.01,4.45,53.88,2420.41,32.57,74.26,79.02,35.81,2018,0
3.46,13.82,11.08,30.63,1003.21,56.4,60.92,69.29,49.89,2014,0
89.83,170.7,5.22,43.34,2628.24,46.03,63.09,80.19,81.62,2017,0
12.36,11.53,2.66,47.33,2207.35,50.77,54.86,88.92,47.19,2016,0
4.56,4.29,2.62,38.4,2302.05,60.36,46.47,88.69,42.81,2017,0
3.79,4.68,2.76,37.23,2409.74,62.39,44.19,89.46,34.2,2018,0
90.27,117.48,8.06,77.01,2689.04,13.2,88.45,87.54,59.73,2018,0
9.52,-13.73,2.3,-23.38,382.13,185.88,31.12,37.06,0.0,2016,0
124.49,333.24,6.8,42.55,2766.15,64.52,54.84,69.99,-382.48,2018,0
13.42,18.64,9.66,-17.45,2097.31,292.87,23.68,26.06,48.05,2016,0
-2.69,5.89,7.92,-10.71,2176.03,278.87,20.69,28.44,40.09,2017,0
6.01,4.63,3.25,35.96,2100.19,54.45,64.03,66.06,31.26,2017,0
2.34,7.16,3.02,45.41,2250.6,43.58,69.87,69.14,32.16,2018,0
-2.12,0.77,5.7,49.68,1009.75,45.69,58.45,90.95,7.95,2014,0
8.32,9.62,4.26,49.51,1011.7,46.54,57.58,91.16,41.37,2018,0
45.4,82.93,10.63,34.27,2030.23,40.74,78.19,53.53,76.09,2011,0
7.4,9.1,29.99,-12.45,2027.27,257.3,32.92,26.07,67.1,2018,0
2.61,11.18,6.26,43.84,2052.01,33.61,78.77,63.16,30.64,2015,0
7.94,10.91,6.19,44.97,2275.84,32.84,78.69,64.89,30.64,2016,0
-3.6,0.25,6.06,47.38,2281.5,32.79,77.87,67.48,26.76,2017,0
5.82,11.66,6.18,53.13,2547.51,28.11,79.99,71.21,31.2,2018,0
187.78,286.1,3.19,51.32,1095.21,64.06,64.42,55.54,0.0,2018,0
-47.32,-10.31,0.93,26.77,2727.86,80.89,36.04,79.07,0.0,2017,0
22.18,28.59,4.07,11.91,2145.46,97.08,19.25,83.19,-35.75,2018,0
118.39,123.12,59.98,73.25,2299.38,11.66,90.37,82.61,76.2,2018,0
7.92,10.66,34.07,30.72,1005.37,48.11,72.55,57.04,67.39,2015,0
83.9,199.7,18.62,59.04,2212.9,35.35,68.4,89.37,81.14,2013,0
10.11,10.13,17.19,53.33,2337.04,41.25,63.13,89.39,70.98,2014,0
38.27,5.14,18.5,13.38,2457.11,92.5,36.61,68.53,63.64,2015,0
17.14,5.35,19.36,15.78,2351.26,106.55,34.2,61.75,27.91,2016,0
-0.47,-3.2,18.31,11.22,2275.93,112.17,33.1,59.64,30.7,2017,0
16.0,1.75,23.31,9.7,2315.83,110.97,39.3,54.71,46.07,2018,0
138.01,158.04,5.32,36.92,2043.95,44.06,76.98,52.26,85.04,2015,0
30.05,9.1,6.98,37.31,2229.89,51.36,76.57,45.62,73.94,2016,0
21.7,23.22,7.47,-6.91,2747.62,25.61,11.53,47.01,82.78,2017,0
12.54,-0.31,8.6,-6.7,2739.07,23.42,11.76,47.61,80.61,2018,0
26.81,103.19,8.57,0.31,2416.26,176.24,26.47,41.72,85.04,2011,0
19.97,17.69,3.2,70.43,2624.32,25.78,76.87,89.71,76.07,2011,0
0.61,5.31,3.43,59.98,2533.4,38.65,63.71,93.89,49.33,2012,0
4.48,4.82,3.33,41.12,2451.14,58.28,45.1,94.2,51.92,2013,0
11.5,12.36,3.45,57.01,2409.78,41.54,60.57,94.92,70.14,2014,0
5.71,7.2,3.91,65.95,2356.7,33.01,68.22,95.2,62.12,2015,0
3.71,3.83,3.82,66.76,2214.02,32.27,68.9,95.2,51.57,2016,0
4.01,3.55,4.34,67.69,2124.06,31.27,70.0,95.2,48.87,2017,0
1.98,1.91,4.74,68.59,2044.43,30.13,71.11,95.2,39.19,2018,0
22.19,48.27,5.25,11.9,2161.0,84.19,63.99,42.78,70.0,2017,0
8.2,10.26,5.14,13.72,2382.66,76.7,65.78,44.61,71.67,2018,0
24.27,28.25,5.37,15.98,2301.63,96.76,39.09,62.95,35.56,2012,0
11.96,-0.53,4.74,6.93,2285.15,101.9,43.0,55.93,16.69,2013,0
-9.72,-3.75,5.03,9.5,2183.45,108.57,35.26,59.63,-1.95,2014,0
4.42,9.28,7.75,-1.47,2025.86,109.3,35.66,58.87,7.4,2016,0
40.28,15.0,9.9,21.49,2139.2,81.1,47.06,65.27,41.72,2013,0
25.59,12.92,9.97,15.45,2415.6,80.76,52.61,58.68,49.85,2014,0
1.29,5.81,9.17,23.95,2555.83,70.97,56.5,61.3,46.55,2015,0
19.33,10.97,6.18,31.15,1022.86,63.53,53.58,73.07,26.13,2011,0
18.7,3.32,3.88,11.44,2580.09,106.57,35.86,60.19,66.64,2012,0
37.79,8.98,4.06,-6.24,2811.68,143.96,31.47,47.6,65.22,2013,0
0.68,-1.69,4.56,-2.76,2764.07,114.94,46.58,46.48,45.29,2014,0
14.62,14.45,2.76,56.26,2117.58,20.26,85.7,70.56,85.04,2012,0
17.14,25.18,2.48,64.12,2617.08,14.95,88.73,75.39,85.04,2013,0
29.18,8.58,2.38,63.34,2791.36,12.72,91.94,63.37,85.04,2014,0
16.4,10.41,3.98,52.07,668.44,40.32,65.6,85.3,85.04,2018,0
44.95,28.94,6.44,31.69,2386.25,56.91,64.22,62.88,0.0,2011,0
16.82,7.2,4.57,25.43,2716.29,62.11,63.92,58.09,0.0,2012,0
106.62,333.24,10.53,54.85,2331.44,30.92,76.14,77.18,-49.68,2018,0
2.76,21.98,6.34,10.44,2165.61,93.33,48.63,55.04,64.55,2012,0
30.69,30.24,7.33,22.49,2585.22,67.6,63.03,54.68,60.66,2013,0
20.01,29.17,6.01,28.7,2289.0,55.25,67.53,58.77,65.08,2014,0
-5.45,13.39,6.58,45.82,2595.55,37.13,73.02,72.67,68.8,2015,0
-12.58,-12.48,4.68,41.22,2271.52,44.1,67.59,73.49,21.05,2016,0
9.32,5.62,3.95,25.45,2034.12,70.45,45.74,77.02,45.86,2018,0
-1.63,0.65,5.85,41.68,2355.19,43.52,70.84,67.01,45.21,2011,0
16.61,10.01,4.1,45.87,2578.16,48.15,69.56,63.22,34.72,2012,0
27.58,-0.96,2.69,32.83,2553.4,74.72,63.33,49.08,24.46,2013,0
-4.96,0.95,2.52,32.47,2577.71,73.98,61.43,52.13,39.07,2014,0
0.65,20.83,3.2,30.48,2547.48,67.83,57.51,62.64,42.26,2015,0
4.08,7.79,6.34,33.9,2722.45,64.93,57.63,65.25,39.18,2016,0
-0.67,7.14,8.67,36.19,2758.77,62.11,56.47,70.08,38.01,2017,0
-3.43,1.06,8.02,36.2,2787.95,60.44,55.76,73.2,31.66,2018,0
5.24,3.38,4.56,16.34,2024.66,89.79,27.72,80.5,76.76,2012,0
5.2,7.43,4.54,19.89,2175.11,82.27,32.09,82.54,67.12,2013,0
5.08,4.28,4.78,21.54,2268.19,81.06,33.43,82.12,61.2,2014,0
7.68,6.01,4.6,21.53,2404.42,81.55,34.18,80.71,63.17,2015,0
6.92,7.89,5.23,24.69,2036.73,76.61,37.98,80.95,67.84,2018,0
17.51,14.78,11.64,58.96,2245.92,31.89,73.69,82.52,73.78,2017,0
15.59,18.96,8.46,58.02,2671.67,33.73,71.35,84.92,69.23,2018,0
19.76,16.73,3.29,39.21,2314.02,48.92,65.21,71.12,59.53,2011,0
10.83,17.18,3.29,44.92,2711.59,43.37,67.36,75.25,60.22,2012,0
15.38,14.3,4.12,23.93,2210.74,74.83,41.57,78.08,79.33,2016,0
7.44,5.99,4.09,20.23,2343.11,89.23,31.27,77.02,71.79,2017,0
14.57,16.2,4.47,22.22,2722.78,87.98,31.27,78.12,74.96,2018,0
-13.79,-14.54,3.01,49.18,2585.55,37.95,69.92,79.26,0.0,2016,0
10.91,25.17,6.87,28.83,2393.8,46.83,76.02,51.2,41.84,2016,0
0.46,10.49,8.93,28.32,2644.93,52.96,70.18,56.32,29.57,2017,0
1.52,1.43,6.05,52.72,2021.55,48.32,57.0,88.99,37.75,2018,0
2.35,2.12,59.98,8.1,2490.7,96.72,13.74,89.19,0.0,2011,0
1.22,2.34,59.98,10.39,2548.9,94.19,15.07,90.17,0.0,2012,0
4.27,4.37,59.56,13.18,2660.37,91.78,17.16,90.26,67.22,2013,0
1.75,2.63,51.18,10.49,2730.47,93.55,14.83,91.04,59.94,2014,0
2.43,1.91,59.98,6.39,2782.66,97.71,11.49,90.59,61.56,2015,0
14.27,42.1,21.15,79.1,2458.7,15.26,85.76,93.34,51.87,2014,0
6.24,13.78,0.93,15.69,330.81,67.19,69.97,44.7,-55.74,2012,1
-6.54,-18.85,14.7,-1.06,42.59,104.65,65.62,32.85,0.0,2012,1
4.18,2.87,4.91,54.43,1272.29,41.61,62.25,90.74,35.15,2017,1
-20.5,-18.06,3.33,28.63,140.54,55.22,64.93,63.5,0.0,2011,1
-32.48,-76.57,9.86,-46.37,42.59,468.34,34.76,8.93,-120.01,2011,1
18.73,4.16,10.07,16.07,51.48,68.44,69.1,45.14,-15.78,2018,1
-47.32,-28.83,12.58,-30.13,96.78,468.34,46.55,8.93,16.28,2014,1
-47.32,-27.63,39.92,-46.37,132.94,468.34,12.66,11.8,25.21,2012,1
-12.15,24.46,3.44,23.58,116.41,79.2,24.72,95.06,0.0,2011,1
-22.36,-75.26,4.61,-21.49,441.31,294.79,54.17,15.55,0.0,2013,1
-22.49,-76.57,7.0,6.82,42.59,468.34,60.46,8.93,0.0,2016,1
-47.32,-76.57,1.24,-43.55,42.59,7.43,59.72,8.93,0.0,2013,1
-33.83,-64.6,3.77,-38.04,53.32,391.42,44.24,14.25,0.0,2012,1
-12.46,-36.48,3.09,-27.4,697.1,295.86,30.17,23.6,0.0,2012,1
-25.01,-76.57,59.98,-46.37,42.59,7.43,10.92,8.93,0.0,2013,1
-22.1,-76.57,5.72,-46.37,42.59,7.43,31.77,8.93,0.0,2011,1
-26.25,-42.4,3.96,-27.58,42.59,443.88,58.88,9.26,0.0,2011,1
24.32,89.77,2.91,2.35,474.95,120.19,34.09,54.84,0.0,2011,1
2.65,0.4,4.38,4.47,136.32,94.6,37.41,66.17,0.0,2011,1
5.47,38.94,2.59,33.64,181.01,72.8,47.38,72.27,0.0,2016,1
-47.32,-76.57,5.47,-46.37,42.59,7.43,45.91,8.93,0.0,2012,1
25.46,17.74,6.44,2.81,753.45,98.84,45.45,55.19,36.63,2016,1
30.09,53.1,3.45,47.97,345.21,36.88,73.84,70.93,29.55,2015,1
-26.26,-70.6,3.01,-46.37,53.19,468.34,17.65,9.5,0.0,2017,1
-38.88,-76.57,8.36,-46.37,42.59,468.34,14.06,11.37,0.0,2014,1
7.33,31.34,10.95,37.66,881.87,44.02,75.05,56.68,54.15,2013,1
-33.99,-58.24,3.01,-35.38,90.45,341.71,36.16,18.68,0.0,2016,1
-3.56,-10.04,4.24,-12.09,476.55,136.23,28.14,52.75,-506.25,2018,1
-3.79,-4.5,18.83,12.9,549.22,79.37,52.04,60.42,0.0,2017,1
-32.12,-67.34,10.69,0.53,67.53,236.24,86.8,8.93,-8.01,2017,1
7.11,4.09,15.07,46.55,67.02,51.29,52.61,92.4,30.69,2014,1
-16.03,-57.1,5.98,-27.33,42.59,221.68,46.24,24.25,0.0,2015,1
-47.32,-56.95,2.35,-27.26,65.94,165.19,12.59,52.92,0.0,2013,1
-36.62,-76.57,0.93,-42.03,42.59,468.34,34.43,8.93,0.0,2011,1
-18.7,8.24,1.6,29.79,80.2,67.13,40.48,88.66,41.8,2013,1
19.97,113.52,6.9,-40.62,306.93,372.31,41.94,15.6,34.79,2015,1
-46.35,33.45,1.32,23.14,570.67,145.24,41.8,40.07,81.01,2015,1
-47.32,-76.57,3.93,-46.37,42.59,7.43,10.92,8.93,0.0,2011,1
-5.98,2.92,5.39,-46.37,66.06,448.24,19.47,17.97,0.0,2012,1
-47.32,-76.57,59.98,-46.37,149.04,468.34,20.57,8.93,0.0,2012,1
13.71,16.47,9.35,80.79,481.44,14.27,87.17,89.84,72.57,2012,1
-47.32,-76.57,6.63,-15.31,42.59,468.34,74.43,8.93,0.0,2016,1
-45.37,-44.38,4.9,6.4,190.95,98.39,20.65,80.65,0.0,2011,1
-47.32,-76.57,1.42,-39.47,42.59,468.34,56.04,8.93,0.0,2013,1
187.78,333.24,2.72,16.4,409.5,82.74,22.05,94.21,0.0,2017,1
-45.95,-72.07,5.2,6.13,63.89,106.14,63.45,34.44,-39.45,2018,1
-47.32,-76.57,0.93,-11.44,42.59,7.43,11.13,8.93,0.0,2011,1
-14.98,0.01,6.12,8.55,177.42,98.24,55.79,45.0,-432.76,2011,1
-47.32,-76.57,3.13,-46.37,42.59,7.43,58.48,8.93,0.0,2011,1
-30.81,-55.61,5.74,-46.18,96.44,336.03,23.35,22.81,0.0,2016,1
-4.22,-5.64,2.69,20.18,55.97,77.36,36.98,81.47,53.71,2011,1
-14.84,-18.38,3.09,-25.89,206.17,199.86,28.87,35.59,0.0,2012,1
26.28,44.5,0.93,12.92,796.17,83.73,47.04,63.25,0.0,2011,1
2.59,-6.74,5.9,58.91,236.68,7.43,92.89,46.17,0.0,2015,1
-47.32,-76.57,0.93,-46.37,42.59,7.43,72.09,8.93,0.0,2014,1
0.48,24.6,3.13,18.35,270.82,74.1,49.07,68.73,0.0,2012,1
-47.32,-76.57,3.35,-46.37,42.59,7.43,82.35,8.93,0.0,2014,1
-47.32,-76.57,6.3,-46.37,42.59,7.43,35.44,8.93,0.0,2016,1
32.07,333.24,6.05,24.04,66.26,83.24,52.37,57.22,0.0,2017,1
-42.39,-39.39,2.22,28.67,65.21,64.0,49.13,79.48,0.0,2016,1
-25.67,-76.57,6.98,-22.29,42.59,416.79,62.12,9.09,0.0,2012,1
-44.94,-76.57,2.35,-31.54,52.09,468.34,41.42,9.37,0.0,2013,1
-44.68,-76.57,1.41,-46.37,42.59,7.43,77.16,8.93,0.0,2011,1
-23.05,-76.57,0.98,-26.1,42.59,7.43,88.7,8.93,0.0,2012,1
-26.73,-1.49,3.07,-12.09,109.95,148.97,38.06,41.58,-86.38,2012,1
21.0,33.06,50.31,13.94,605.7,120.05,44.32,46.38,40.89,2017,1
-32.68,-76.57,2.42,-3.82,42.59,468.34,55.11,8.93,0.0,2011,1
-19.13,6.11,2.3,30.61,1181.34,82.43,44.18,67.72,-42.33,2015,1
-31.78,-9.58,59.98,-22.9,46.43,184.88,37.09,34.03,0.0,2012,1
-3.73,24.78,18.55,1.76,976.55,158.37,37.7,39.34,45.38,2015,1
-23.67,-29.78,5.68,51.45,80.08,29.92,80.57,64.93,0.0,2011,1
24.06,112.72,7.37,8.65,467.81,113.82,41.66,51.26,68.64,2018,1
-40.08,-14.26,59.98,37.33,142.11,59.94,50.38,82.79,14.37,2018,1
-18.27,-25.08,19.36,24.45,739.7,65.6,55.25,68.21,0.0,2017,1
-17.61,-14.18,3.8,11.13,51.01,90.19,37.11,69.73,-710.1,2012,1
-5.6,52.82,1.5,30.99,125.28,61.1,52.73,77.37,0.0,2012,1
-43.53,-72.49,5.18,-45.13,42.59,430.78,35.07,15.07,-41.56,2014,1
4.89,51.99,59.98,0.04,66.96,101.22,47.07,52.29,-710.1,2015,1
-47.32,-75.8,17.22,9.25,223.22,110.41,23.24,69.52,0.0,2011,1
-8.66,1.14,8.08,24.4,1137.58,64.84,59.2,62.92,23.7,2018,1
22.99,1.07,5.45,32.2,115.58,135.76,47.49,38.68,-210.95,2011,1
-36.22,-49.01,3.89,0.59,196.19,122.49,56.12,35.82,0.0,2011,1
-30.85,-49.36,9.61,-19.31,42.59,140.19,27.47,51.74,0.0,2014,1
-31.93,-62.93,6.71,-16.01,42.59,306.41,30.62,22.64,0.0,2013,1
-26.14,-15.13,9.33,-15.59,133.63,127.16,11.74,69.41,0.0,2012,1
105.6,198.7,20.28,-21.31,180.16,212.14,13.76,40.65,-710.1,2011,1
-44.56,-55.64,0.93,-23.43,62.76,151.5,29.6,46.47,0.0,2017,1
-10.45,10.67,12.05,-1.92,660.16,163.01,11.34,54.39,0.0,2011,1
23.8,28.16,12.93,29.72,394.53,70.82,43.81,79.34,85.04,2011,1
2.71,-28.87,1.86,-4.94,846.06,272.01,61.89,14.01,-81.36,2014,1
-23.04,-42.57,3.23,-46.37,171.46,468.34,35.2,8.93,0.0,2018,1
-29.04,-76.57,3.92,-46.37,42.59,7.43,28.74,8.93,0.0,2011,1
15.73,30.08,6.32,12.47,1585.94,89.88,41.19,65.43,58.51,2018,1
-47.32,-76.57,14.18,-15.16,42.59,194.83,31.99,34.91,0.0,2011,1
42.38,55.95,5.25,55.77,862.87,30.97,75.91,77.77,73.44,2013,1
-17.38,-76.14,4.81,-13.39,143.64,468.34,27.47,8.93,0.0,2014,1
6.22,-7.39,1.27,-0.6,108.35,102.56,43.88,54.72,27.41,2015,1
-14.35,-76.57,23.79,-46.37,42.59,7.43,47.76,8.93,-208.96,2015,1
-37.67,-76.57,9.74,-46.37,42.59,7.43,18.08,8.93,0.0,2015,1
47.63,41.61,27.09,-23.0,163.82,180.93,10.92,53.49,23.78,2014,1
-33.71,-76.57,6.13,-46.37,42.59,7.43,68.46,8.93,0.0,2012,1
-11.4,-10.81,3.95,7.81,1192.91,104.01,68.72,30.08,0.0,2012,1
-0.92,5.68,4.98,7.83,1390.35,118.84,52.87,39.66,30.93,2014,1
8.2,-15.14,3.35,-6.7,1804.47,152.15,51.99,31.55,-208.85,2011,1
70.04,10.93,6.4,-6.33,681.46,205.35,61.39,18.8,36.95,2011,1
25.06,23.37,3.03,22.08,413.6,64.86,64.47,54.79,34.89,2015,1
104.69,-22.44,4.94,-32.43,42.59,415.81,50.45,11.92,0.0,2011,1
3.45,81.81,7.08,39.77,100.56,40.59,74.4,63.07,-144.36,2013,1
21.1,-14.93,6.44,-36.19,197.62,301.62,34.87,21.59,-710.1,2018,1
-21.47,-44.61,5.1,-24.04,160.57,171.89,42.34,33.55,0.0,2017,1
43.87,-76.57,6.72,-46.37,42.59,7.43,75.66,8.93,0.0,2011,1
-20.14,-44.6,5.09,-19.14,50.88,159.3,47.13,33.19,0.0,2011,1
-11.14,-2.93,2.63,5.72,908.55,109.31,32.6,61.66,-291.99,2015,1
20.08,-76.57,1.9,-17.95,190.26,350.57,66.78,9.48,0.0,2011,1
-31.22,327.25,9.55,-46.37,42.59,7.43,65.65,8.93,0.0,2013,1
111.27,7.23,4.86,21.29,1543.03,52.1,79.9,38.58,33.79,2015,1
-47.32,-76.57,11.74,-46.37,42.59,7.43,54.59,8.93,0.0,2011,1
-46.13,-76.57,7.74,-4.47,42.59,300.03,19.04,26.98,0.0,2016,1
-47.32,-76.57,8.32,-6.03,42.59,144.46,49.16,35.19,0.0,2011,1
-47.32,-69.15,6.19,6.99,42.59,89.45,49.73,56.2,0.0,2011,1
-47.32,-75.03,3.1,21.97,42.59,85.92,67.07,38.33,0.0,2011,1
-42.36,-76.57,3.89,-46.37,42.59,468.34,28.31,8.93,0.0,2013,1
10.21,10.5,1.46,17.31,1725.97,66.39,74.07,39.06,61.1,2011,1
53.65,204.51,3.22,16.59,201.73,80.57,66.78,41.24,53.32,2016,1
2.19,-0.53,6.56,-13.44,75.8,235.93,14.94,36.05,77.82,2014,1
-13.44,-12.44,5.62,40.89,541.05,48.38,62.73,77.04,11.35,2015,1
-7.9,70.93,4.41,-9.34,90.99,115.18,18.14,71.07,0.0,2014,1
-5.21,-42.55,25.1,-46.37,101.24,468.34,10.92,8.93,35.71,2013,1
6.18,-27.62,3.73,-9.96,69.78,285.25,62.51,13.14,-11.3,2012,1
18.15,48.06,11.85,13.17,1332.22,121.03,57.88,34.8,55.83,2013,1
-47.32,-76.57,59.98,-46.37,42.59,7.43,37.45,8.93,0.0,2014,1
-7.24,-14.44,3.59,-28.45,47.87,468.34,60.12,8.93,36.53,2016,1
-47.32,-76.57,2.96,-46.37,42.59,468.34,14.32,15.07,0.0,2012,1
-46.18,-76.57,1.66,-45.7,42.59,468.34,48.21,8.93,0.0,2014,1
15.93,-14.52,3.86,31.93,643.91,64.75,71.22,44.45,-704.84,2015,1
2.1,6.24,2.14,81.09,3494.2,7.43,92.89,89.16,81.48,2018,1
-39.94,-36.03,5.34,30.28,187.31,56.65,63.04,65.24,0.0,2017,1
-11.5,-47.32,1.5,-12.6,136.89,216.72,53.8,21.32,0.0,2017,1
