[제조]자기자본배율,[제조]1주당순이익,[제조]매출액순이익률,[제조]부가가치,[제조]총자본증가율,[제조]총자본투자효율,[제조]유동비율,[제조]비유동자산회전률,[제조]매입채무회전률,[제조]유형자산증가율,label
-0.0858258602358003,-0.604914009658041,0.0383182615655605,-0.6968037692804373,-0.5978880134073491,-0.9350487642283897,0.16878330463565988,-0.00033645383079481967,-0.4263607847773084,-0.4292472263307806,0
-0.18359170797487823,-0.17805106489069958,0.2615930293720829,-0.06450909665880857,-0.4326622898947422,-0.5330602588274286,-0.8130143891138595,-0.9113967855644517,0.59404947614286,-0.14464241273696987,0
0.7469521228364209,0.042369347394703404,0.27764546365882625,0.0505180833385347,-0.18190304789707365,0.21259392669791108,-0.35114741308052927,-0.22357640266619414,-0.3001394207487947,-0.48402022819223095,0
0.15190800327134082,0.08430298680509714,0.33251560267533115,-0.41731152326865345,2.323603188701927,-0.5017039011518466,-0.46731555732977864,-0.4950844485470853,-0.6396313653772109,2.319874175921133,0
-0.2922682028228253,0.2273074494097732,0.8517388862410871,-0.32819766078912926,0.17566878303803765,0.6026670161821509,0.18748731106011035,-0.9958659553940623,2.664370010265723,-0.37527970979082215,0
0.12851729577488855,2.7304231557532765,1.0221865521221447,2.8231488449976228,2.59522426447644,0.9394342976179015,-0.8664021291906059,-0.9596648826099435,0.011303331873285135,-0.07698164573164881,0
1.6271242370446062,0.08215254375841029,0.2887362364387581,-0.16688948159785558,0.03547726005764396,0.31481565272030826,-0.790366276986862,-0.12704020857521067,-0.5820821610883483,0.09539221306762145,0
-0.9540553843573317,0.036993239777986256,0.37191703228824685,-0.6388735664599358,1.8433637751589709,0.7356179727266187,-0.5596564238296196,2.11139279190947,-0.7455412455390672,-0.5194615823378753,1
-0.9288157790256819,-0.3210555274953757,0.10748966021934585,-0.7240114990367807,-0.5741055229017465,-0.8140132236006432,-0.3179681321188955,-0.21754289053550768,3.2272882774273706,-0.3446712675741293,0
1.453811563806876,0.21978089874636922,0.33601795197425693,0.29930153233015977,0.22573718410246402,-0.016307484333837358,-0.5511582991715541,-0.8208941036041547,0.7067298509269354,-1.3308537961873999,0
-0.1558582404469155,-0.16407318508723498,0.28406643737352366,-0.41429519578659024,0.2737194017892059,0.29161194804037777,-0.7621476238160607,-0.9113967855644517,-0.367844366970986,0.6377523295388458,0
-1.1137270613574708,-0.9565114477913423,-2.3943551889800134,-1.1452769616872387,-1.490774499056285,-1.7659922426313124,-1.0130659360884158,-1.092402149485046,-0.755213380713666,-0.4590501832259815,1
-0.22780401492933977,-0.3683652745224866,0.17403429689893682,-0.577568166632427,-1.0243038958060466,-0.14236004218967704,-0.13235119879799118,0.27720510418078276,0.4257543241048417,-0.5355712887677136,0
0.6376199142213398,-0.07052891255635665,0.26684655332047164,-0.07454807273450152,-0.4401725500544061,-0.2314120979883299,-0.5078137973270669,-0.7786595186893495,-0.7595658415422354,-0.8499790592567253,0
-1.0240985139744656,-0.7446928076926868,-1.9279590073397217,-0.8883788066626339,-0.34170469462770103,-1.7659922426313124,-0.29296168874707595,-0.8932962491723924,-0.46891817954554293,-0.7632551396427623,0
-0.8340705143778278,-2.3478480989977393,-0.9473012036404866,-0.6369244769299645,-0.6967731055095909,-1.0234736928735308,-0.6603734323369317,-0.476983912155026,-0.8142134052787184,-0.2160621112425865,0
0.05958135497766963,0.472457956732075,0.6772051461779494,-0.1097613534319044,0.126852092000222,0.9990113772015075,0.5650642755328197,-0.5373190334618906,2.314722323703978,-0.18948109563335325,0
-0.38615351498919226,0.07355077157166284,0.4442989177993809,-0.3430305968067176,-0.20777172178036057,0.30666299972465705,-0.6500049070364212,-0.8208941036041547,-0.3649427264186063,-0.33446845350189836,0
-1.113694813139415,-1.1876840753101796,-0.1403015526796574,3.3204609633463678,-0.15311371728502854,1.977956863833177,-0.8630272758574986,-0.7967600550814088,-0.9534921517929404,-0.1782043011324664,0
-0.2308138486145451,-0.023219165529245776,0.44371519291622663,-0.4842005479489789,-0.14602069380090146,-0.38631250490570485,2.8516697218054103,-0.11497318431383773,0.4804018878413246,-0.16102061427397218,0
-1.0060502612692526,-0.3210555274953757,0.17520174666524543,0.04764864669942673,-0.10012465949184399,-0.08529147122011782,-0.8939295473413731,-0.4468163515015936,-0.7034674575295626,-0.44723639851076674,0
0.37758103322562386,-0.14149353309702298,0.22014856266812707,-0.43251168639362986,-0.7451725598718699,-0.7506733810959676,-0.762960841486689,-0.13910723283658363,-0.5477460812185228,-0.36749335168306696,0
-0.3659231328622054,0.12301096164546059,0.6185407954209414,0.01901835510708422,-0.09052821595449563,0.27781515066312157,2.0741116460341824,-0.3683806938026694,-0.19809839465677787,2.799674932423151,0
-1.0900461198985165,-0.8941485994374234,-3.8624232701130956,-1.1415732863641745,-1.136540561525469,-1.7659922426313124,-0.6917636344231833,-0.7605589822972899,-0.367844366970986,-0.4168964514012379,1
-0.8710162228637224,-0.34686084405561796,0.0952314376731054,-0.19422181531063687,-0.5774434163060416,0.23517050422433006,0.6358548737610111,-0.4166487908481612,0.3029182073874376,-0.18464818370440172,0
-0.2122603738264584,0.4606305199752973,1.0221865521221447,0.1837974636133601,2.173397985508648,-0.3417864770063785,1.1761160332429075,-1.182904831445343,0.11769681879387138,0.3673777566247255,0
0.4662098858489002,1.0853342250378297,0.37571124402874984,2.37251888980012,-0.05130796845402833,0.8641790391965049,-0.6395550599688479,0.18066891008979943,0.6554675345015623,-0.7968170280382587,0
-0.8520865188649851,-0.27912188808498195,0.18570879456202297,-0.5773501097086609,-0.7589413701645871,-0.37941410621707683,0.08969788616705994,-0.35631366954129645,3.034812787452855,-0.39568533793528404,0
-0.9644500599773086,-0.429652901353062,0.12762816868816942,-0.09135086560813419,-0.44434491680977495,-0.07839307253148982,-0.9032408896700669,-0.35028015741060997,-0.6502707140692695,-0.5707441478061941,0
-0.5427508618680145,-0.1683740711806087,0.2887362364387581,-0.40897698749138917,-0.1839892312747581,0.6227350850945235,0.18545426688353966,-0.04257103874560001,-0.5564510028756616,0.090290806031506,0
0.3856968347696594,-0.4844891990435769,0.14134570344229563,-0.1373332711747471,-0.36298376508008223,0.14674557557918885,1.35046990182561,0.5969812471071658,0.1201148525875211,-0.44401445722479904,0
-0.37576958877523403,-1.7360470522153284,-4.391569876692475,-0.983030960441718,-1.1574023953023131,-1.660634880841357,-0.37131521131211054,-1.1889383435760295,0.6786806589205991,-1.6323738015325409,1
-0.5026448280126544,-0.24794046390802246,0.2099333772129267,-0.2377078363272332,-0.5432300089120169,0.15552535572835183,-0.7425490779539193,0.20480295861254508,-0.17972133782504018,-0.0858419842680599,0
1.7258037842952645,2.062710589757007,0.5128865915700119,3.68082598902774,-1.1882779092920428,1.0610969653991595,-0.48040836182689395,-0.4830174242857123,-0.44280341457412625,-0.39917577432841567,0
-0.9546681005003914,-2.3478480989977393,-4.391569876692475,-0.7615861766647257,-1.7815884619054947,-1.1463906149618122,-0.6969682275152042,-0.9355308340871976,-0.7847133929961922,-1.7548075703993125,0
-0.05944681786617983,0.15526760734576348,0.324635316752748,-0.9243085601095544,-0.18732712467905316,-1.3878345690637937,-0.5429041398146771,-0.10893967218315125,-0.5114755743137774,0.18319011311024047,0
-0.4281191960857684,-0.4135245785029106,0.1728668471326282,0.06665252287672113,-0.5177785717042669,-0.3925837764408213,-0.8142748765033333,-0.8027935672120954,-0.7518281334025564,-0.3226546687866836,0
-0.6097304107698501,-2.3478480989977393,-0.9122777106512282,-0.4919059857022764,-0.7935720142341486,-0.5123650627615444,-0.6889986943430472,-0.8691622006496464,-0.6628444897962479,-0.20693327759901145,0
-1.1148449995834042,-0.32750685663543627,-0.6373432906855496,-0.7855395144693889,-0.949201294209407,-1.592278021108588,0.2685244519382182,-0.7122908852517983,1.5409515097360778,-0.4048141715788591,0
0.7959586648751735,-0.9038255931475143,-0.04019273521869376,-0.0672055566673331,-0.09803847611415957,0.1818646961758408,2.2669255557401473,-0.3744142059333559,-0.9534921517929404,-0.455022756618522,0
-0.024210264937241138,-0.10386077978000297,0.33893657639002855,0.010398141966279442,-0.9558770810179972,-0.05205373208400084,1.345468613151246,-0.3744142059333559,-0.2807951503995972,0.03229586288408795,0
2.2987041274620483,2.373449610003258,0.7259461739213339,0.845396352884407,0.26203677487417304,1.083046415772067,1.8958136717489331,0.2349705192659776,0.5471396205460561,0.15016521492907184,0
1.3852303534082704,1.434781220124444,0.5677567305865168,0.8951021880598605,0.7193281712626001,1.25237074722021,-0.2861713211973299,-0.34424664527992355,0.32661493856520446,1.0004892193173724,0
0.3759363741047796,0.23483400007317723,0.2907792735297982,1.4183990432673095,0.15355523923458272,0.6634983500727801,-0.8561962474242211,-0.5131849849391447,-0.023032747996540478,0.04813707420676232,0
2.107063716962622,1.5433785939821305,0.31325268153123903,1.1101387321828944,-0.1506102972318072,0.7306009554985257,-0.10201817968355639,1.3270362149202286,-0.46311489844078363,-0.22787589595780133,0
-0.8529142231284166,-0.42642723678303174,0.05291138364441817,-0.47917206917850336,-0.6003914334605703,-0.16180098394853779,-0.02342069181733343,-0.4950844485470853,-0.266770554396429,-1.0462489825935892,0
-0.11924576354759718,0.040218904348016546,0.26772214064520305,0.1410960423062039,0.602919138787809,0.14047430404407257,-0.5803934744306408,0.832288220203938,-0.5008362256217188,0.04840556931392628,0
0.904860897249511,-0.2984758755051637,0.1372596292602155,-0.5939396575999343,2.59522426447644,-0.6885877928983152,2.8516697218054103,0.5245791015389282,-0.5714428123962897,-0.40347169604303923,0
-1.0846929157012586,-0.23718824867458818,0.7049320781277789,-0.682592586744668,-1.175343572350399,0.6390403910858261,0.4390968583524994,-0.7062573731211118,-0.6995986034597231,2.913516857860676,1
-0.7685313858824834,-0.4027723632694763,-0.18641581844884766,-0.6916126975424147,2.59522426447644,-0.746283491021386,2.2583054484314875,-0.3985482544561018,-0.27499186929483793,2.913516857860676,0
-0.9368563347275874,-0.2608431221881436,0.2087659274466181,-0.5437435109210991,-0.5081821281669185,0.06145628270160588,0.8610348467579811,-0.4709504000243395,1.2541727018092248,-0.24130065131599995,0
0.7570135668698212,0.5660022292629534,0.5610438944302423,-0.26803370411541216,-0.3825938888303158,0.17183066171965458,2.533132360220314,1.1641313873916936,-0.4737542471328423,0.22239039875618036,0
-0.1374122597190146,-0.09848467216328581,0.2653872411125858,-0.2285436205473459,0.15814484266548842,0.13357590535544459,2.718708632657687,1.1037962660848293,0.5379510921301872,-0.3591700033609838,0
-1.1049770448583385,-0.2522413500013962,0.24087079602010494,-0.38028869934208676,-0.5553298725025867,0.37690124091796073,-0.6894459640618927,0.6090482713685388,-0.46021325788840406,-0.17417687452500683,0
-0.42598006428806895,-0.2275112549644973,0.24437314531903076,-0.6448173271380668,-0.6333531308279843,-0.5048395369194048,2.04556770579513,-0.7303914216438577,1.922033635615269,-0.31996971771504384,0
0.6242799013522693,0.6455686219903671,0.58176612778222,1.242066969962606,0.08721460782421785,0.6133281777918489,1.3991003185291808,-0.5433525455925771,0.49249205680957303,-0.4287102361164527,0
-0.19983406046896804,0.4939623871989436,0.4305813830452547,0.2711339468931261,0.05049778037697184,0.8152631212225968,-0.516271261101601,0.29530564057284237,-0.6526887478629193,0.5601572435684576,0
0.6547544674149727,0.39826767162137844,0.44663381733199814,-0.21919376513317212,-0.1030453162206022,0.3461720103958903,1.91585948732992,1.676979918500044,-0.3871886373201834,-1.7980352826527115,0
-0.23476963002938622,0.43267476036836816,0.73353459740234,-0.15321521041909497,0.3433979266038658,1.2511164929131864,2.8516697218054103,0.011730570430578131,3.2272882774273706,-0.230829342136605,0
0.14916690473660038,-0.642546762975061,0.014677403797811059,-0.15728434002902855,-0.4923271344965169,0.336137975939704,-0.5614455027050018,-0.8027935672120954,1.9273533099612983,-0.6021580753443788,0
-0.8813249032355505,-2.01237898371459,-1.4641895876736253,-1.1452769616872387,-0.5361369854278899,-1.7609752254032192,-0.669928739966814,-0.7786595186893495,2.951148818192576,-0.15081780020174124,0
0.6507449389700385,-2.3478480989977393,-2.810842893110611,-1.1409973729557603,1.6063733434540197,-1.7659922426313124,2.7169195537823048,-0.8450281521269006,-0.8122789782437987,0.5418995762813076,0
0.8703338051177993,0.35203314611761094,0.3223004172201308,0.48841564157270817,-0.31708773077102476,0.23705188568486504,-0.6700100617338768,-0.65798927607562,0.020008253530423997,0.13432400360639743,0
-1.170903151970352,-1.098440688872675,-4.391569876692475,-1.1452769616872387,-2.3502820506622704,-1.7659922426313124,-0.9080795348103051,-0.9113967855644517,3.2272882774273706,-1.8777783294804113,1
0.4098722489054688,0.6444934004670237,0.5776800536001401,-0.31560278404601544,-0.16437910752452445,0.17183066171965458,0.3455361653467161,-0.5131849849391447,-0.5888526557105674,-0.29768462382043415,0
0.932357877845065,0.7702943186982049,0.5554985080402763,0.3767745487655569,0.18860311997968113,0.08403286022802488,1.4110546182874169,-0.006369965961481161,-0.08348359283778269,-0.601621085130051,0
0.4702409131058715,1.6283210943262614,0.7139798138166706,0.6751293518333092,1.8266743081374957,0.809618976840992,0.3696887301643759,0.8745228051187435,-0.21502463121232568,1.0482813483925595,0
-0.3566141472501063,-1.0113477454818571,-0.07784299018214658,0.06828832969507934,-0.5478196123429228,-0.4935512481561953,-0.5012267341949779,-0.08480562366040548,-0.5646723177740706,-0.43032120675943647,0
0.8282176323369628,1.1541484025318092,0.7367450842596887,0.4527515579434773,-0.030863371352720905,0.6841935461386641,-0.42641070849717627,-0.7002238609904253,0.5432707664762165,-0.047447183943611866,0
-1.0466615172074865,-0.580183914621142,-0.8489435608289858,-0.7264716673962066,0.5641161279628785,-0.9312860013073199,0.1619522762023823,-0.7726260065586629,-0.16037706747584277,2.913516857860676,1
-0.538698335799006,-0.5081440725571323,-0.3437296744589333,-0.6238610690498384,-0.9066431533046446,-0.3292439339361456,-0.21050141694536864,-0.5916206426380689,-0.6599428492438683,-1.436103878195677,0
-1.0747819633521185,-0.5640555917709906,-0.436250068438891,-0.5800116198269648,-1.238763547032006,0.5249032491467077,-0.8385494239715874,-0.30201206036511835,-0.38622142380272356,-0.46576256090508084,0
-0.3139605041683403,-0.6662016364886164,-0.03698224836134508,-0.5808519367526983,-0.477306614177189,-0.3035317206421685,-0.7511285243790475,-0.8570951763882735,0.586795374761911,-0.45099533001106235,0
-1.170903151970352,-0.8737193904938982,-2.297164995934821,-1.1452769616872387,-2.2593244553952294,-1.7659922426313124,-0.8785597333664986,0.17463539795911284,-0.6207707017867433,-1.8863701729096587,1
0.30915031451127845,-0.8393123017469085,0.13375727996128967,1.3484108750607031,-0.45477583369819713,0.13733866827651434,-0.7283584296014558,0.09016622812950217,-0.6647789168311677,-0.2708351131040369,0
-0.32819271773695374,-0.022143944005902347,0.3345586397663712,-0.38639454646761673,-0.3462942980586068,0.921247610166064,0.10677545725025372,0.9710589992097268,-0.34269681551702913,-0.3409123360738337,0
-0.3579900712204859,0.1305375123088646,0.31821434303805063,2.2601481547196,0.4347727585464439,2.8032561978544948,-0.5356665025460854,0.10223325239087513,3.2272882774273706,0.22346437918483633,0
-0.1661346726006877,0.5380464696560242,0.533900687363567,-0.1257803063763191,1.7040067255296512,0.39446080121628674,-0.788414554577354,-0.748491958035917,-0.25613120570437037,0.7279666855459405,0
1.0506443416736315,0.7713695402215484,0.5627950690797051,-0.526897157314728,-0.1539481906361023,-0.12981749911944418,2.8516697218054103,0.30737266483421527,0.2579427788255534,-0.38494553364872514,0
-1.1354516109210415,-0.9371574603711605,-1.5374470605094908,-0.7012517759611657,-2.2113422377084873,-0.1868860700890034,-0.9228800964157398,-0.9958659553940623,-0.35768862503765725,1.2585130173019499,1
-0.028725015465049075,-0.25546701457142645,0.13784335414336982,-0.3668580643545726,0.1005661814413982,-0.786419628846131,-0.36537872231652413,-0.14514074496727009,-0.5419428001137635,-0.42656227525914087,0
0.9904476679695264,0.367086247444419,0.3792135933276757,-0.21230711719931303,-0.22905079223274177,0.017557381955791138,0.03171546625126379,-0.3321796210185506,-0.4331312793995275,-0.008515393404835838,0
2.6478770831639142,3.1443834422404966,0.5838091648732602,2.0652999841402426,-0.20234764499838107,0.3286124500975645,-0.13995478401836559,-0.6217882032915013,1.1100578877077036,0.0986141543535891,0
-1.0124246590382766,-0.1974050523108813,0.5870196517306089,-0.4236855728126137,0.04507370359499236,0.2853406765052613,0.5248100008367198,-0.55541956985395,-0.20873774334883644,-0.3836030581129053,0
-1.1118244164921802,-0.3511617301489917,-1.7680183893554418,-0.795216328639175,0.2920778155128288,-1.2291713992253486,-0.7166074342608773,-1.0441340524395542,-0.3610738723487668,-0.10866406837699755,0
-1.0829085143021726,-0.1382678685269927,0.5242692267915209,-0.030786758017401224,-0.681752585190263,0.19001734917149207,-0.8291974207593623,-0.7122908852517983,-0.6052952855073853,-0.5272479404456305,0
2.2445056223163165,-2.3478480989977393,0.11274318416773461,0.886099552207224,-0.9103982833844766,-0.7211984048809206,-0.5738064112985516,1.652845869977298,-0.6546231748978389,-0.42360882908033715,0
-0.726490458943777,-0.8489892954569994,-0.08893376296207837,-0.7418602560162841,-0.769789523728546,-1.0397789988648334,-0.3778616135606681,2.413068398443793,-0.5970739706089764,-0.20934973356348718,0
-0.6212000269916859,-0.12106432415349783,0.23182306033121322,-0.010654608210166236,-0.3467115347341436,-0.19127596016358492,-0.525501281663232,2.6664759079326252,0.03645088332724187,-0.26815016203239717,0
1.3814573118957454,-0.4328785659230923,0.06283470665804138,-0.2703246947453654,-0.4568620170758816,-0.6032985000207323,1.4151207066405582,-1.080335125223673,0.8793774637935231,0.11311289014044364,0
-0.8948476560069369,-1.096290245825988,-0.3586146589793682,-0.7551419740802506,1.1970641647523343,-1.1075087314440906,0.06379690335754928,1.0072600719938456,-0.24452464349485184,-1.7241991281826192,0
-0.8452606460431802,-0.05332536818286179,0.49362367042591987,-0.60529102737941,0.15939655269209907,0.37690124091796073,0.33020701225537313,2.6664759079326252,-0.6207707017867433,2.913516857860676,0
2.219835735503652,3.1443834422404966,1.006134117835401,1.631206898738609,0.7255867213956534,1.6531049983141477,0.8872611166357433,0.18066891008979943,0.7396151105205712,-0.2388841953515242,0
2.6478770831639142,3.037936511429497,1.0221865521221447,-0.3871226691805413,-0.24824367930743857,-0.13420738919402567,2.8516697218054103,-0.567486594115323,3.2272882774273706,-1.0854492682395291,0
-0.17607787316788365,-0.21138293211434586,0.229488160798596,-0.6532379713405119,0.42267289495587423,-0.5838575582618714,-0.5124491380496482,-0.7062573731211118,0.8024839891554633,0.692525331400296,0
-0.306048941338658,0.05527200567482455,0.229488160798596,-0.4039751010286899,0.040901336839623444,-0.34868487569500645,-0.5248507075267294,2.6664759079326252,-0.02013110744416074,2.913516857860676,0
-0.2915587420255984,0.002586151030996525,0.2674302782036259,0.12570162870442295,0.29416399889051326,0.6083111605637557,-0.417831262072048,2.038990646341232,-0.6991149967009932,-0.3556795669678522,0
-1.0736747745322037,-1.2801531263177144,-2.283739323622272,-1.1452769616872387,-1.8132984492462982,-1.7659922426313124,-0.8951900347308469,-0.8510616642575871,-0.6454346464819701,-0.40347169604303923,1
2.6478770831639142,-0.2500909069547093,0.21022523965450385,1.09424767557588,0.3638425237051733,0.04264246809625664,-0.9040134464571637,-0.7002238609904253,-0.1874590459647192,0.028268436276628357,0
0.22891674798852124,0.4746083997787619,0.4872026967112224,-0.43731248435752496,-0.5690986827953038,0.3367651030932158,0.42645132357422966,0.18670242222048578,0.6385412979460143,-0.3325889877517505,0
-0.7421523435128629,-0.3952458126060723,0.09990123673833987,-0.4457473111241173,-0.9475323475072596,0.3530704090845185,-0.8745343058968886,-0.7846930308200358,0.022909894082803733,-0.531812357267418,0
0.9439779857511609,1.2208121369791016,0.6089093348488953,-0.22483589306309698,0.20153745692132463,0.6879563090597342,1.8464106982582649,0.9167573900335486,1.0152709629966357,-0.5890018150933441,0
0.30804312569136366,0.39611722857469156,0.27355938947674613,1.1281918700421645,0.6796906870865961,0.29913747388251727,-0.6076769272802194,0.1686018858284265,-0.4998690121042589,-0.17578784516799065,0
-0.9908291023469289,-0.14471919766705327,0.511135416920549,-0.15264816111327303,-0.21110961518465568,-0.7525547625565026,-0.7924806429304955,-0.9958659553940623,-0.6715494114533868,-0.27915846142612,0
0.010488817690768044,-0.18450239403076016,0.22511022417493867,0.3562746653307857,0.1648206294740786,0.16054237295644508,-0.6861117716123168,-0.26581098758099947,-0.47859031472014163,0.03390683352707175,0
-1.0601950193848915,-0.35572066940796776,-0.28185483684457674,-0.5948795057347737,-0.5970535400562752,-0.49166986669566043,-0.6381319290452484,-0.6519557639449335,-0.4723034268566525,-0.4512638251182264,0
-1.070385456290515,-0.2801971096083254,-0.11374207049613645,-0.7358926888911913,2.59522426447644,-1.061728449237741,1.4319543124225635,-0.9898324432633758,-0.7266805819485996,-0.3108408840714688,0
0.7446410005424239,-0.24686524238467902,0.2087659274466181,0.24636713773058,-0.27494682654179925,-0.13608877065456057,-0.8191948434106343,-0.748491958035917,-0.3238361519265616,-0.23297730299391678,0
-1.0437484281764486,-0.8468388524103125,-3.6134646074477836,-1.1452769616872387,-0.7289003295259313,-1.7659922426313124,0.09510578367673793,-0.6941903488597388,-0.7721396172692138,0.35314751594503496,0
-0.5239394013354816,-0.3780422682325774,-0.03318803662084212,-0.6336027177985841,-0.5428127722364801,-0.8140132236006432,-0.1856982779912062,0.01776408256126474,-0.28224597067578694,-0.7017697601022126,0
0.05192777789243327,-0.19955549535756814,0.21314386407027539,-0.2480593353343171,-0.7564379501113656,0.19189873063202706,-0.4089671894621998,2.0691582069946644,-0.38815585083764337,-0.28291739292641566,1
-0.9286975355594775,-0.17697584336735614,0.3015781838681529,-0.4829218378350464,0.3225360928270215,-0.25524292982177216,-0.47678954319259814,0.4220093953172582,-0.8214675066596674,-0.9616730238369379,0
-0.9355771554113752,-0.2307369195345276,0.3876776041334131,-0.6761319222553789,-0.5807813097103367,-0.568806506577592,2.8516697218054103,-0.9536313704792572,0.446549414730229,-0.1811577473112701,0
-1.098925129269872,-0.48556442056692034,-1.871337693673754,-0.752695481764824,-0.19108225475888516,-1.0962204426808813,-0.6937560177162226,-0.9355308340871976,-0.6783199060756059,-1.2825246768978849,1
-0.33141753954253084,0.22838267093311665,1.0221865521221447,-0.5267067057390343,2.150032731678582,-0.22576795360672514,-0.16386338353483693,1.2365335329599314,-0.9534921517929404,2.913516857860676,0
-1.111071958070879,-0.8264096434667874,-4.360048733002142,-1.1452769616872387,-2.2251110480012044,-1.7659922426313124,-0.12186069084688646,0.6995509533288358,3.2272882774273706,2.913516857860676,1
-0.9421127942706781,-0.4049228063161632,0.06137539445015562,-0.6161417019924675,0.4789998461533538,-0.8836243376404352,-0.9149918850106454,-0.35028015741060997,0.6153281735269772,1.6094361223652618,0
0.32311379292942716,-0.2683696728515476,0.2595499922810428,0.13746353306395095,0.04549094027052924,0.2721710062815168,-0.38412338962450593,-0.9355308340871976,0.8532626988221066,-0.2152566259210946,0
-0.8982659671208486,-0.1974050523108813,0.3167550308301648,-0.6729598398277684,0.08930079120190222,-0.06835903807530357,2.7803911929748417,0.24703754352735055,0.8885659922093923,-0.9179083213692104,0
2.087747034347215,3.0637418279897397,1.0221865521221447,0.5153511167494363,0.2762228218424272,1.3069308095757224,2.8516697218054103,-0.27787801184237243,1.1719595528251356,0.6527880555400282,0
-0.025715181779843863,-0.8995247070541406,0.013218091589925296,-0.474666319200889,0.6951284440814608,-0.2201238092251204,-0.4051044055267155,-0.18737532988207528,-0.6676805573835473,1.3581247020597835,0
-0.6430105718034055,-0.08479710217112398,0.29223858573768396,-0.37952714629938616,0.03839791678640218,-0.5023310283053583,-0.7162821471926257,-0.32011259675717774,2.401287933516637,-0.17041794302471122,0
-0.12789903539256237,-0.194179387740851,0.21139268942081246,0.4728036775673091,-0.17898239116831546,-0.20883552046191078,-0.7592200402017989,-0.07273859939903253,-0.6198034882692834,-0.2523089507097228,0
-0.3314820359786424,0.6681482739805792,0.6538561508517771,1.567531744398114,-0.5511575057472178,0.7180584124282926,-0.19952297839188693,-0.3321796210185506,-0.6628444897962479,0.017260136882905487,0
-0.49283062031768154,-0.12428998872352812,0.625253631577216,-0.5697568661681721,-0.2916362935632747,-0.45466936463847357,0.33061362109068715,-0.7786595186893495,3.2272882774273706,-0.39004694068484064,0
-0.4197991558273796,-0.46083432553002146,-0.6901703926110144,-0.636526605353615,-0.5983052500828859,-0.7456563638678745,-0.6546809086425338,-1.0622345888316136,0.16847552846051486,-0.5229520187310069,0
-0.9755326975824751,-0.36298916690576943,-0.1767843578768016,-0.7039735619770964,-0.16396187084898756,-0.6346548576963142,-0.11576155831717437,-0.5373190334618906,0.18153291094622315,-0.4714009581555243,0
-0.7249532938831186,-0.7597459090194948,-0.8328911265422425,-0.8749864139463028,-0.9174913068686036,-1.6600077536878453,2.7121622304091293,-0.18134181775138883,0.5181232150222598,2.437475032858953,0
-0.8042516620822586,-0.339334293392214,0.16002489970323347,-0.36053340052505417,-0.3513011381650494,1.2856084863563269,-0.42645136938070777,0.7779866110277599,-0.26725416115515893,0.4522222104885408,0
-0.27269353446297245,0.17677203781263204,0.41686384829112844,-0.07164267316487688,0.1714964162826688,0.4001049455978915,-0.5688457835077191,-0.4950844485470853,0.1254345269335504,-0.269492637568217,0
0.729817569642788,3.1443834422404966,0.583225439990106,3.037470182671509,0.5858124350907967,4.055001996263728,-0.3039807881840892,2.6664759079326252,0.22940998006048707,2.4122364927855395,0
-0.7159560410455585,-0.38986970498935514,0.0689638179311616,-0.426618577730311,-0.8574092255912922,-0.4371098043401477,0.22607448953142217,-0.36234718167198293,-0.19084429327582877,-0.7415070359624805,0
-1.0418027856870837,-0.24794046390802246,0.23444982230540756,-0.6114543645417516,0.16315168277193112,-0.45466936463847357,-0.7195756787586703,0.22290349500460463,-0.7895494605834915,-0.10007222494775045,0
-0.8725641373303994,-0.9511353401746252,-0.5743010033048845,-0.8559797519081939,0.558692051180899,-1.6876013484423575,-0.39144234866016037,0.11430027665224808,3.2272882774273706,-2.8808760498450123,0
-1.0341062109777732,-0.33503340729884024,0.16352724900215931,-0.6045535340437451,1.6401695141725077,-0.5261618601388005,-0.4325505019104199,2.063124694863978,-0.7764920780977832,-1.5612225981340881,0
1.033101311051292,-0.1017103367333161,0.3462331374294574,1.0194374355591576,-0.16104121412022934,0.38881665683468175,0.9132027603287853,-0.3804477180640424,-0.03125406289494933,-0.008515393404835838,0
-0.3732434783608654,-0.06622802646298294,0.324635316752748,-0.34408314567451403,-0.04797007504973324,0.08027009730695511,-0.10364461502481297,0.6573163684140303,-0.7687543699581042,-0.33715340457353804,0
0.5284059490724631,1.5261750496086357,0.6173733456546329,0.4385122635394873,2.1083090641248936,0.508597943155405,-0.5372116161202791,-0.3683806938026694,-0.421524717190009,2.1303166302633687,0
-0.9092841082899036,-0.19202894469416415,1.0221865521221447,-0.43753788582343905,2.435839854421349,-0.7757584672364332,0.34838242719391505,-1.207038879968089,-0.739737964434308,-1.7252731086112751,0
-0.3690942076376896,-0.05547581122954865,0.34535755010472585,-0.6670705300655604,-0.17898239116831546,-0.5380772760555217,2.324948636539475,2.6664759079326252,-0.43168045912333775,2.913516857860676,0
0.5288036770951511,0.7993252998284774,1.0221865521221447,-0.3988139139794064,0.24826796458145584,0.22388221546112055,2.8516697218054103,-0.03653752661491367,3.2272882774273706,1.0174044110687026,0
0.9017435695041199,-0.24041391324461847,0.214311313836584,-0.17089175054823713,-0.41221769279343473,0.4728516954052417,0.15796750961630393,-0.4709504000243395,-0.134262302504426,0.16466395071592632,0
-0.6785696069129018,-1.0694097077424023,-4.347790510455901,-0.8387132398389558,1.9030286197607456,-1.390970204831352,-0.10742607719323448,-1.0682681009623,-0.6604264560025983,0.09834565924642513,0
-0.7026590258005625,-1.6554054379645713,-0.9242440707558913,-0.3646709103549842,1.360203704887257,0.8334498086744345,-0.7723128446989143,-0.7545254701666035,-0.036090130482248774,1.6889106740857978,0
0.2265196304463756,-0.09633422911659896,0.2595499922810428,-0.4212834010101478,-0.18732712467905316,-0.24144613244451613,1.0130252293984063,0.13240081304430765,-0.9534921517929404,-0.3414493262881616,0
-0.4260015631001061,-0.4920157497069809,0.10457103580357431,-0.5252132310822982,0.5732953348246901,-0.4690932891692413,-0.5082204061623811,-0.27787801184237243,0.12253288638117082,-0.0439567475504802,0
-0.3418874610046377,0.14128972754229888,0.6719516222295606,-0.6231159779119517,0.1297727487289802,0.30039172818954074,1.7063339544925444,-0.5614530819846365,-0.3736476480757452,-0.32641360028697913,0
0.8645613740858162,0.3531083676409544,0.7682662279500211,0.14189786370068025,2.59522426447644,-0.30980299217728485,1.4362237051933617,-0.7183243973824848,0.20571324888272005,0.5252528796371413,0
0.8038809771108745,0.4789092858721356,0.4904131835685712,0.2594979127904063,-0.8165200313886772,1.4116610442121664,-0.6515906814941465,-0.9294973219565112,-0.9534921517929404,-0.5959826878796075,0
-0.09787594438263984,0.00796225864771367,0.2721000772688604,-0.006842537575404233,-0.2636814363023033,0.4258171588918687,-0.730147508476838,-0.4106152787174748,-0.6671969506248173,-0.3688358272188868,0
0.4253083959481645,0.6229889700001551,0.40898356236854533,0.39247312771628484,-0.20276488167391796,0.3950879283697982,-0.6250797854316645,-0.6398887396835605,-0.08590162663143223,-0.4410610110459953,0
0.21723214364631355,0.9068474521628204,0.642473515630268,-0.13428680574387067,-0.40429019595823396,0.7870423993145731,0.16382267684482751,-0.19944235414344824,-0.5438772271486833,-0.4799928015847714,0
-0.3246669125628562,0.19182513913944005,0.3237597294280165,-0.294067066908336,0.6133500556762311,0.016303127648767884,-0.49183407009922125,0.22893700713529097,-0.6633280965549778,-0.823666538754656,0
-0.4506714499127707,-0.030745716192649777,0.29048741108822107,0.06125048549700594,-0.37716981204833633,0.5148692146905215,-0.6271534904917667,-0.06670508726834591,-0.36349190614241655,-0.27217758863985675,0
-0.20437030980881313,0.4713827352087316,0.4016870013291165,-0.4471453067329325,-0.18482370462583186,0.308544381185192,-0.09811473486454074,1.7976501611137736,0.00018037642249654794,0.011890234739626058,0
0.303130647140868,-0.47158654076345574,-0.20363570250189972,-0.6499782609272763,1.0535347483676458,-0.7795212301575031,-0.5388380514615356,-0.4890509364163988,-0.9534921517929404,-0.007978403190507905,0
0.6607956335974202,-0.11568821653678069,0.2356172720717162,-0.2908458520263577,0.47607918942459554,0.06333766416214087,-0.2875944521209294,0.07206569173744289,1.4268203146758125,0.18345860821740437,0
2.6478770831639142,-1.5511089502002586,-0.06791966716852336,0.783769312762841,-0.9425255074008169,-0.36812581745386735,-0.24977983043671442,-0.86312868851896,0.15541814597480658,0.8224769632676586,0
-0.054910568526334726,-0.179126286414043,0.254296468332654,-0.4425726960957661,-0.33210825109035264,1.4060168998305613,0.5311530986676204,0.06603217960675628,-0.45440997678364475,-0.33688490946637406,0
-0.6815686911920884,-0.15224574833045726,0.2589662673978884,-0.3417782257404874,-0.638359970934427,-0.39070239498028636,-0.34565819380378837,0.7900536352891327,-0.15457378637108346,-0.18948109563335325,0
-0.7222014459423594,-0.2930997678884465,0.19971819175772632,-0.023665337994887715,0.37719409732235365,-0.05079947777697759,-0.559981710897871,2.6664759079326252,-0.6613936695200581,-0.4915380911928222,0
1.1100778075504167,-0.429652901353062,0.08851860151683089,-0.2886541393454362,-0.46395504056000864,-0.5644166165030106,2.11343072040906,-0.9717319068713164,0.680131479196789,-0.455022756618522,0
0.6788331368966146,1.4831661886748984,0.5388623488703785,-0.4182349094986789,1.6218111004488847,0.6371590096252912,2.8516697218054103,2.6664759079326252,0.20087718129542076,0.8616772489135985,0
0.04920817816972997,0.04989589805810741,0.47027467509974746,-0.18457058040833083,0.42267289495587423,-0.5129921899150561,-0.17793204923670616,-0.8088270793427818,-0.630926443720072,-0.11295999009162111,0
-0.9865938363756044,-1.3457416392416637,-4.391569876692475,-0.8691637115835729,-1.3564242895334078,-1.7151949431968694,-0.9468293568157425,-1.056201076700927,-0.328672219513861,-1.1372688239221758,1
1.0549763522991231,-0.13934309005033613,0.22773698614913307,2.1926928405136743,-0.4581137271024922,-0.2596328198963536,-0.1946436723681172,0.047931643214696985,-0.17101641616790134,-0.4883161499068545,0
-0.9624829186759065,-0.14041831157367954,1.0221865521221447,-0.5187573785344164,0.03380831335549638,-0.17685203563281718,0.08185033564549704,-0.8027935672120954,1.1782464406886246,-0.39380587218513624,0
1.7379183648782157,2.665909864352671,0.37191703228824685,0.627264717396277,-2.363216387603914,0.6666339858403384,-0.7610497799607125,-0.7183243973824848,0.4557379431460979,-2.192991585290915,0
-1.0180680971980365,-1.1866088537868362,-3.452064677255617,-0.9782924644560419,-0.7923203042075379,-1.6650247709159385,-0.03753001840273393,-1.0984356616157323,-0.8451642378374344,-1.0833013073822173,0
2.6478770831639142,0.7036305842509123,1.0221865521221447,-0.37535468657923576,2.59522426447644,0.06898180854374561,1.9989703332681301,2.6664759079326252,-0.9534921517929404,-0.5946402123437875,0
-0.32747250753370827,-0.635020212311657,-0.03960901033553946,-0.49617367121027367,-0.3337771977925002,-0.5255347329852889,-0.32898723155590875,-0.4226823029788477,-0.5980411841264363,-0.3543370914320323,0
-0.7321553959155739,-0.13611742548030584,0.389428778782876,0.08057093676687634,0.1360312988620335,0.2357976313778418,0.17463847186418346,0.18670242222048578,0.38513135637152696,-1.2379544891086653,0
-0.46129186305913783,-0.11031210892006353,0.2963246599197641,-0.0054865831388831035,-0.6571356213335868,0.3568331720055883,-0.5181823226275775,-0.3744142059333559,-0.21840987852343524,-0.1462533833799537,1
1.2653959751130266,0.3832145702945704,0.5727183920933284,3.68082598902774,1.3839861953928596,-0.8008435533768988,-0.19155344521972978,-0.6941903488597388,1.3059186249933281,-0.4786503260489515,0
-0.8797877381748921,-0.33503340729884024,-3.1870535803035622,-0.8278954890355262,-0.37508362867065187,-1.6092104542534025,-0.45121384745133886,-1.1648042950532835,-0.6763854790406861,-0.8330638675053951,1
-0.9917857994825835,-0.19848027383422473,0.5374030366624929,-0.3666942050866553,1.5195881149423476,0.011913237574186388,-0.15784557277218772,-0.7605589822972899,-0.421524717190009,-0.2920462265699907,0
2.6478770831639142,1.156298845578496,0.43962911873414645,0.5594312858997792,-0.2620124896001558,-0.14298716934318867,-0.8381428151362733,-1.0863686373543593,-0.12990984167585656,0.002224410881723019,0
0.6428871231704488,1.5143476128518578,0.4693990877750161,3.68082598902774,0.2007029835702508,0.7751269833978519,-0.5628686336286013,-0.00033645383079481967,-0.1328114822282363,-0.12235731884236016,0
1.7190424079095707,1.0552280223842136,0.40664866283592815,1.4033206982379562,0.07678369093579569,1.222268643851651,0.11437904247062813,-0.33821313314923707,0.40737726727310414,-0.10007222494775045,0
-0.6295093178440561,-1.8381930969329543,-0.1251247057176454,-0.5032950912327872,-1.4991192325670228,-0.7951994089952941,-0.8649789982670064,-0.6217882032915013,-0.7271641887073296,-1.4403997999103004,0
0.4299521393481954,-0.07805546321976066,0.32697021628536527,-0.5670006367821694,-0.30790852390921325,-0.5669251251170572,0.5299332721616778,-0.5976541547687554,-0.5999756111613561,-0.09711877876894674,0
-0.8113677688665653,-1.727445280028581,-0.6160373324504175,-0.729701999640851,-0.9688114179596408,-0.9425742900705294,-0.7519417420496759,-0.22960991479688062,-0.19954921493296765,-0.1655850310957597,0
-0.8409716330417627,-1.409179709118926,-0.49783304361167036,-0.15515746192706661,0.4381106519507389,0.9187391015520175,-0.8941328517590301,-0.8751957127803329,-0.5777297002597789,-0.6153143355954135,1
-0.2543872960133134,-0.6522237566851519,-0.051283507998625605,-0.7098593260982676,-0.04630112834758573,-0.8685732859561559,1.446266943425621,0.00569705829989179,2.151263239253259,2.913516857860676,0
-0.4504994594164733,-0.12428998872352812,0.25692323030684844,0.3429818038235607,-0.34379087800538544,0.21196679954439956,-0.7895937201997651,-0.3321796210185506,-0.5313034514217049,-0.3207752030365357,0
-0.5944340060053962,-0.33395818577549685,0.12937934333763235,-0.569559829830553,-0.4998373946561808,-0.4214316255023567,-0.6522005947471176,-0.7846930308200358,0.3237132980128249,-0.639210400133007,0
-0.10881883970956474,-0.09633422911659896,0.28698506178929517,-0.18959348745717716,0.2311612608844435,-0.49919539253780004,0.013296086011533419,0.047931643214696985,0.4794346743238648,2.913516857860676,0
0.09632282474921104,0.19074991761609664,0.37366820693770975,-0.034803716052078264,-0.24824367930743857,0.19001734917149207,-0.011303748524972023,-0.2839115239730589,1.0075332548569567,-0.7084821377813119,0
-0.08383722012236108,0.025165803021208535,0.3993521017964993,0.41705531028484066,-0.12432438667298339,0.32484968717649454,-0.306420441195974,-0.7303914216438577,1.5211236326281505,-0.1773988158109745,0
1.122794354870409,-2.3478480989977393,-4.391569876692475,-0.879750235939385,1.5008124645431875,-1.47061535332733,2.6474301038271184,-1.2975415619283859,-0.9534921517929404,0.053775471457205716,0
1.4606696848467366,-1.8328169893162372,-0.09593846155993006,0.2331424031832772,-0.7601930801911978,0.0865413688420716,-0.4208401674533727,-0.6097211790301283,0.5500412610984357,-0.49341755694297,0
-0.2446268353484334,-0.09525900759325552,0.26276047913839146,0.681767804894589,-0.17564449776402039,0.423308650277822,-0.8488366275050351,-0.7605589822972899,-0.5796641272946986,-0.3172847666434041,0
2.6478770831639142,3.1443834422404966,1.0221865521221447,3.68082598902774,2.59522426447644,0.9444513148459945,-0.5119205465637396,-0.9837989311326893,-0.5167952486598067,2.913516857860676,0
0.4155049376592101,0.3337543802207727,0.2665546908788945,2.9028242110370517,0.34923924006138224,-0.3982279208224261,-0.7480382972306601,-0.30201206036511835,-0.4892296634122003,-0.33903287032368584,0
-0.018029356476551763,-0.06622802646298294,0.37979731821082996,-0.5386615942749967,-0.630849710774763,-0.44087256726121754,-0.027852728122257444,-0.7424584459052306,-0.2885328585392762,-0.3433287920383094,0
-0.5228967089516783,-0.9500601186512817,-0.04690557137496829,-0.5356984514084863,-0.7034488923181811,-0.3900752678267747,-0.8183409648564747,-0.4468163515015936,-0.6507543208279994,-0.4117950443651224,0
0.1578739236116586,0.0606481132915417,0.32959697825955964,-0.4017831350876943,-0.3984488825007175,-0.3950922850548678,0.2767786112950951,-0.13910723283658363,-0.17101641616790134,-0.2802324418547759,0
2.3770565479315526,2.541184167644833,0.3482761745204975,3.68082598902774,-0.38801796561229535,0.5067165616948702,-0.6195905661549237,0.3254732012262746,-0.5105083607963176,-0.4091100932934827,0
-0.04524685251562212,0.6832013753073871,0.832475965096995,0.19439234555161647,-0.4355829466235004,0.5217676133791495,-0.7133545635783641,-0.8691622006496464,2.426919091729324,-2.3248226829084255,0
0.061956973707778105,0.2993472914737829,0.2837745749319465,-0.0591559384733871,-0.4914926611454431,0.5098521974624285,0.9854978112476392,2.6664759079326252,0.3561149508477306,-0.7774853803224527,0
2.6478770831639142,1.6433741956530694,0.4212417849147858,1.3172302545225691,-0.4902409511188324,0.09155838607016462,1.0100569849006131,-0.35028015741060997,-0.12313934705363741,-0.20290585099155184,0
-0.3047590126164271,0.018714473881147962,0.3228841421032851,0.11009245055983839,0.6650874034428049,0.4082575985935427,-0.5265178037515172,-0.39251474232541533,-0.4771394944439519,-0.10732159284117769,0
0.2717208827545474,0.4584800769286104,0.6092011972904726,0.17296122482452392,0.19444443343719756,0.4559192622604272,1.1217524319614072,-0.8208941036041547,0.6042052180761888,-0.27513103481866047,0
-1.2439453658666728,-1.3382150885782595,-4.391569876692475,-1.1452769616872387,-1.3568415262089446,-1.7659922426313124,-0.7865441539349091,-1.1346367343998511,-0.933664274685013,-2.093648395640246,1
2.603697024427508,0.9219005534896284,0.33747726418214274,-0.1109306551938427,-0.28662945345683205,0.05769351978053612,0.20606933483396647,0.05396515534538333,-0.5564510028756616,-0.3323204926445866,0
-0.4460814535428327,0.17784725933597548,0.6996785541793902,-0.3498784959492455,0.01544989963187342,0.9739262910610416,2.8516697218054103,0.19876944648185874,3.2272882774273706,-0.13282862802175507,0
2.6478770831639142,1.8272370761447958,1.0221865521221447,0.2891027491477344,0.39555251104597655,0.7450248800292933,0.5569727597100682,2.5699397138416415,3.2272882774273706,2.606626950372255,0
-0.6101388881985566,0.06602422090825884,0.36082625950831504,-0.2853496018990919,-0.25408499276495494,0.40198632705842624,-0.2988981777426624,1.2365335329599314,0.12108206610498096,-0.18867561031186134,0
0.3861698086344774,-0.039347488379397215,0.5455751850266531,-0.41880373162501927,0.20863048040545168,1.3558467275496304,1.4753801360341132,0.4461434438400041,0.5539101151682753,-0.3433287920383094,0
-0.8161405051388194,-0.4232015722130014,-0.0752162282079522,-0.3398985294708087,-0.20485106505160242,0.2803236592771683,-0.21871491541871427,-0.5011179606777717,0.2564919585493635,0.44228789152347375,0
-0.9739525348977423,0.2703163103435104,0.585268477081146,-0.15487938236574797,-0.2398989457967008,0.3844267667601005,2.307179830436247,-0.5312855213312041,-0.9534921517929404,0.4919594863488087,0
-0.8841197488003839,-0.4102989139328803,-0.2909025725334686,-0.7244569835070536,1.953514257500709,-0.9682865033645066,-0.5725052630255464,-0.9053632734337653,-0.3455984560694088,0.5349187034950442,0
-0.5651096263866822,0.018714473881147962,0.4110265994595854,-0.19436414747225897,0.9713391232868792,0.013167491881209642,-0.5344873369236744,-0.24771045118894006,-0.5554837893582018,2.5540019093681168,0
-0.3927751490966438,-0.22428559039446702,0.22394277440863006,-0.4850864516880434,0.9125087520361784,-0.26903972719902824,-0.8105747361019746,-0.3261461088878642,-0.5932051165391369,1.2858995182326751,0
-0.6517068412724448,-0.8984494855307972,-0.1429283146538518,-0.5504688321877816,-0.8040029311225707,-0.3957194122083795,-0.8710781307967185,-0.8389946399962142,-0.5569346096343916,-0.6835120928150624,0
-0.279476409660703,-0.5253476169306273,0.1285037560129009,-0.14697614849460913,-0.8970467097672963,0.26339122613235383,-0.30942934657729865,1.0132935841245323,0.8276315406094198,0.029073921598120257,0
0.03213812141220884,-0.03504660228602349,0.27618615145094055,-0.17022846241427214,-0.6154119537798982,0.08089722446046685,-0.5079764408611925,-0.645922251814247,-0.320934511374182,-0.40830460797199075,0
1.4034398472037621,1.83798929137823,0.45363851592984983,0.7959118670136824,0.975928726717785,0.6829392918316409,-0.35391235316066544,0.8503887565959976,-0.4326476726407976,-0.43461712847406003,0
-0.8928267676754419,-0.3726661606158603,0.14630736494910723,-0.38608759525785513,-0.4885720044166849,0.8271785371393181,-0.5372116161202791,0.30737266483421527,-0.5211477094883762,-0.43032120675943647,0
-1.0280005483592138,-1.3231619872514517,0.1066140728946144,-0.16374323169779922,-2.688243757847148,0.06271053700862914,-1.038153701227298,1.4658069939260172,-0.5317870581804348,-0.3207752030365357,1
-0.17891571635679146,-1.7812063561957525,-0.6916297048189002,-0.6623031624314413,-1.1002409707537597,-0.8246743852103411,-0.4096584244822339,-0.29597854823443187,-0.127008201123477,-0.3103038938571408,0
2.6478770831639142,0.8412589392388712,0.5347762746882984,-0.4153350816506836,-0.43474847327242655,-0.5111108084545212,0.4519456975484263,-0.9777654190020029,-0.09122130097746169,-0.5213410480880232,0
2.599461758456184,0.2079534619895915,1.0221865521221447,-0.6089222703212925,-0.2252956621529098,-0.9576253417548087,-0.36151593838103985,-1.27340751340564,-0.9534921517929404,-1.2307051212152382,0
0.11212445159653846,-0.11891388110681096,0.24524873264376226,-0.12250109493738087,-0.3458770613830699,0.22827210553570207,-0.8275709854181056,-0.6097211790301283,-0.5047050796915583,-0.24855001920942718,0
0.4707998822188382,-0.7737237888229593,-2.645648751177942,-0.8085147618680294,-1.0881411071631901,-1.2642905198220007,0.3684282427749021,-1.2432399527522078,-0.5516149352883623,0.46806342181121513,0
-0.19664148688144673,0.3014977345204698,0.35644832288465766,-0.06571892003259663,-0.0454666549965119,0.5205133590721261,-0.3287432662547202,1.139997338868948,-0.4964837647931494,-0.221432013385866,0
-0.3922376787957143,-0.16514840661057842,0.22044042510970424,-0.2681884460206633,0.595408878628145,0.18688171340393384,-0.8653856071023205,-0.18134181775138883,-0.7131395927041615,0.8810088966294047,0
-0.9364371078928624,-0.0834315708364778,0.6261292189019475,-0.49382468402336044,-0.17355831438633595,0.7073972508185948,-0.029519824347045514,2.6363083472791926,0.6071068586285685,0.293810097261797,0
-0.7581904572925995,-0.7489936937860605,-4.391569876692475,-0.8389414271656847,-1.0026075886781285,-1.62739714170524,0.8184222408170595,-1.2130723920987752,-0.22179512583454472,0.1807736571457647,0
-0.22434270619135369,-0.10278555825665953,0.20905778988819523,-0.11075210684162991,-0.008332590873729097,-0.5474841833581963,-0.603610838927078,-0.07273859939903253,-0.545811654183603,-0.6225637034888407,0
-1.0164986839193224,-2.3478480989977393,-0.6449317141665557,-0.7741012764845103,-1.1202683311795303,-1.247985213830698,-0.8272863592333857,-0.5373190334618906,-0.4152378293265198,-0.25767885285300224,1
0.2378602537959882,0.086453429851784,0.2481673570595338,2.115018482319399,1.4123582893293678,3.8348803653811423,-0.37822756151245085,2.6664759079326252,-0.4940657309994997,-0.11161751455580125,0
-1.263348043730228,-2.3478480989977393,-0.4969574562869389,-1.1452769616872387,-1.4085788739755185,-1.564684426354076,-0.8279369333698884,0.844355244465311,-0.6749346587644963,0.35556397190951067,0
-0.9948493801978817,-1.4102549306422694,-0.2672617147657191,-0.7150392543930315,-0.9078948633312554,-0.7481648724819211,-0.6333339447885415,2.6664759079326252,-0.5656395312915304,-0.5710126429133581,0
0.5331786853447171,0.027316246067895397,0.3377691266237199,-0.2730426818601852,-0.04004257821453242,-0.10535954013249031,-0.16699427156675584,-0.7907265429507224,0.0804590983716662,-0.3760851951123141,0
-0.7601360997819644,-1.3984274938854917,-2.6082903586560664,-0.870123820524337,0.0020983260146930542,-1.7659922426313124,-0.8685164951342395,-1.1286032222691647,-0.5598362501867712,-0.35192063546755653,0
-0.8636958773650625,-0.18127672946072987,0.31471199373912473,-0.43392994280836994,-0.03837363151238484,-0.22890358937428326,-0.11925839430087591,1.592510748670433,-0.7126559859454314,-0.6692818521353718,0
-0.4074480883120194,0.12838706926217774,0.408399837485391,-0.1703277403633039,-0.3571424516225658,0.928146008854692,-0.06001548699560592,-0.34424664527992355,3.2272882774273706,-0.33822738500219396,0
0.8077077656534928,-0.20278115992759843,0.23386609742225326,-0.1929937572115164,-0.6951041588074435,-0.640299002077919,-0.3600521465739089,-0.9174302976951383,-0.1666639553393319,-0.3913894162206605,0
-0.7508916106059768,-0.48341397752023346,-3.749472505222737,-1.09706080226741,-0.7689550503774724,-1.7659922426313124,-0.4508478994995561,-1.1105026858771052,-0.9534921517929404,-2.921418811026772,0
1.6825911721005316,0.7874978630716998,0.4656048760345131,0.09848275550482091,-0.11013833970472926,0.24834017444807455,2.352760680874962,0.2349705192659776,-0.19713118113931793,0.6501031044683885,0
-0.5941760202609501,0.028391467591238825,0.4174475731742827,-0.4284896631574715,1.2437946724124658,0.0978296576052811,-0.428728378858467,-0.5735201062460095,2.6658208305419127,-0.38870446514902074,0
-0.565926581244095,-1.3575690759984413,-1.3862623157725253,-0.9423736011923058,-0.7389140097388165,-1.6907369842099156,-0.6542742998072196,-0.9294973219565112,0.51667239474607,-0.852932505435529,0
0.6973543634666455,0.7154580210076901,0.21343572651185255,3.68082598902774,0.1360312988620335,0.46093627948852045,-0.7328717876734429,2.455302983358599,-0.5400083730788438,-0.2872133146410392,0
-0.7014013452963874,-0.3511617301489917,0.13025493066236382,1.092883363556915,-0.4518551769694389,0.5161234689975447,0.0575351272937117,-0.9777654190020029,-0.9534921517929404,-0.7619126641069425,0
-0.6598441416285176,-0.08235634931313437,0.3795054557692528,-0.3832171455784509,-0.07175256555533575,0.43835970196210144,-0.25347997083807305,-0.5192184970698311,3.2272882774273706,-0.687539519422522,0
0.68595999308694,1.0251218197305976,0.8065002077966283,0.48329295005468204,-0.09762123943862269,0.07211744431130386,-0.8586765613196372,-1.0139664917861217,0.7222052672062934,-0.32641360028697913,0
-1.0178853572957205,-0.133966982433619,0.31412826885597045,-0.5475563413360833,2.59522426447644,-0.12417335473783944,-0.35537614496779624,2.6664759079326252,-0.7407051779517678,2.363370383281696,0
-0.9730065871681063,-0.6027635666113541,-0.5156366525478767,-0.712701157389303,0.8628575876472888,-1.0454231432464383,-0.7351487971512018,-0.8088270793427818,-0.4926149107233099,2.913516857860676,0
1.1088201270462417,1.058453686954244,0.33747726418214274,1.425482980798862,0.059259750563246484,0.7368722270336419,-0.4269392999830848,1.2305000208292451,-0.5482296879772527,-0.11886688244922852,0
0.8301847736383647,0.549873906412802,0.35907508485885203,0.4675057300780328,0.456051828998825,0.5255303763002195,-0.41929505387917887,-0.34424664527992355,-0.2701558017075385,0.7336050827963838,0
-0.7067008024635525,-0.4554582179133043,-0.28331414905246255,-0.6351914182431669,0.22865784083122215,-0.8924041177895982,-0.44853022913826557,-0.9536313704792572,-0.429262425329688,0.39583823798410656,0
-0.9732753223185711,-0.43072812287640544,-0.33730870074423597,-0.742572929864691,2.59522426447644,-1.0767795009220202,1.4821705035838597,-0.3683806938026694,-0.623188735580393,-0.5924922514864758,0
-0.8716719366308564,-0.10278555825665953,0.4337918699026034,-0.15741755482798456,0.1652378661496155,0.7224483025028742,0.5530693148910526,0.12636730091362103,-0.31513123026942275,-1.3853583029416863,0
0.5921714255747403,0.6810509322607002,0.37396006937928694,0.22218282673837353,0.39221461764168153,0.06647329992969911,-0.5636818512992297,0.2349705192659776,-0.5564510028756616,0.9921658709952892,0
-0.0592963261819197,0.35203314611761094,0.31325268153123903,0.1354632849990195,0.22406823740031642,0.08152435161397836,-0.49187473098275275,2.038990646341232,2.2426649166532173,0.09539221306762145,0
-1.0317520910597018,-0.44685644572655686,-0.7152705625866497,-0.7685011897268798,2.59522426447644,-1.1131528758256954,-0.4663396961250248,-1.0018994675247488,1.2599759829139843,0.0870688647455383,0
0.5662008606338264,-2.3478480989977393,-2.2563042541140192,-0.8799814623870026,2.59522426447644,-1.6643976437624268,-0.6543556215742826,-0.9837989311326893,-0.6202870950280134,2.913516857860676,0
-0.177013071491501,0.045595011964733693,0.36870654543089815,-0.3174558880079178,0.12852103870236956,0.14235568550460737,-0.38497726817866557,-0.4528498636322801,-0.3620410858662267,-0.022477138977362438,0
-0.3520026520681312,0.1896746960927532,0.3117933693233532,1.5594555338963916,-0.30832576058475014,0.5819718201162669,-0.7694665828517153,0.31340617696490164,-0.6531723546216491,-0.6365254490613673,0
-0.9964832899127074,-1.5188523044999558,-1.6282162798399855,-1.1452769616872387,-0.38551454555907405,-1.7659922426313124,-0.8753475235675169,-0.7364249337745442,-0.4998690121042589,-0.2200895378500461,0
-0.9195067934135829,-0.7317901494125656,-0.7502940555759081,-0.7461864446013894,2.59522426447644,-1.0880677896852298,-0.7765415765861813,-0.7243579095131712,-0.41330340229160006,0.7258187246886286,0
1.7734344023636377,0.9971660601236685,0.7545486931958949,3.68082598902774,0.1281038020268326,-0.1574110938739564,-0.8415989902364435,0.8805563172494298,1.5554597124979763,0.057265907850337375,0
-0.3209798662984798,-1.2554230312808157,-0.24712320629689558,-0.6819100508450744,-1.1453025317117433,-0.8434881998156902,-0.6481751672775076,-0.4830174242857123,-0.5105083607963176,-0.6021580753443788,0
1.4388591400350172,0.8380332746688409,0.5102598295958176,0.6016877292568107,-0.2853777434302214,0.4433767191901945,0.1874059892930476,-0.7605589822972899,-0.07961473876794309,-0.08718445980387976,0
-2.2544755268623016,-2.3478480989977393,-4.391569876692475,-1.1452769616872387,-3.2786336537318417,-1.7659922426313124,-1.050921218656162,-1.27340751340564,-0.5869182286756477,-0.6969368481732611,0
-1.0005895630118087,-0.2683696728515476,-0.9286220073795488,-0.8381970958080202,-0.8227785815217307,-1.6524822278457054,-0.8070372392347417,-0.8088270793427818,-0.6652625235898976,0.015917661347085606,0
-0.9693517891217857,-0.15117052680711385,0.25488019321580835,-0.2636968786071964,0.6479806997457926,0.26150984467181904,-0.9388598236435853,-0.45888337576296656,-0.6067461057835751,0.6200316524660234,0
-1.4512369115291663,-2.3478480989977393,-3.9365563302736923,-1.1452769616872387,-2.417039918748172,-1.7659922426313124,-0.9672004594649809,-0.6760898124676794,-0.6565576019327587,-0.8102417833964574,1
-1.0227010911920489,-0.18557761555410357,0.28289898760721505,-0.0896623806943714,0.3417289799017183,-0.05330798639102409,-0.9507734625182896,-0.579553618376696,-0.5525821488058221,0.24091656115049448,0
-0.9340292409446982,0.10365697422527886,0.3558645980015034,-0.10753772998165118,-0.2165336919666352,0.3436635017818438,-0.8851467964985877,-0.633855227552874,-0.6526887478629193,-0.2931202069986466,0
-0.1706709219405328,0.4262234312283076,0.3503192116115375,0.07423715557469163,2.59522426447644,-0.3380237140853086,-0.6132068074404917,0.9046903657721757,-0.5685411718439101,2.913516857860676,0
1.0853326748956222,0.045595011964733693,0.2615930293720829,0.336672842118634,-0.9120672300866243,0.5662936412784759,-0.2690530892306046,0.3978753467945123,-0.49358212424076975,-0.21310866506378282,0
0.8848777514609518,2.3218389768827734,0.4340837323441805,3.68082598902774,0.4727412960203005,1.9240239286311762,-0.6152398516170624,0.8503887565959976,-0.5975575773677063,1.2246826337992893,0
0.6450800019982414,-1.7037904065150256,-4.391569876692475,-0.8628552563987942,2.59522426447644,-1.5885152581875182,2.8516697218054103,-1.285474537667013,-0.9534921517929404,-0.24505958281629553,0
0.3307781194206821,-1.704865628038369,-0.8801728420777413,-0.6204765014200909,-0.8382163385165954,-0.703011717429083,1.1115872110785536,-0.8993297613030787,-0.9534921517929404,-0.13578207420055877,0
0.6245593859087526,0.6530951726537711,0.7501707565722376,0.23348405102318504,0.0671872473984473,-0.16556374686960768,0.7207954594581348,-0.27184449971168595,-0.374614861593205,0.033638338419907786,0
0.9912108757968463,1.510046726758484,0.5919813132374205,0.47451520914781153,0.08930079120190222,1.7252246209679862,-0.1385723139782975,-0.06067157513765958,3.2272882774273706,0.022361543919020947,0
0.5091860111112239,0.4864358365355396,0.29720024724449556,1.0494799053244623,-0.5136062049488981,0.7230754296563858,0.004553996052279297,1.676979918500044,-0.44860669567888556,-0.444282952331963,0
2.183320003258501,2.416458470936995,0.5738858418596371,0.7664399921952361,0.32044990944933704,0.2602555903647958,1.8708478892606446,1.8398847460285785,0.25407392475571383,-0.17498235984649874,0
2.6478770831639142,-0.7661972381595553,-0.9420476796920979,-0.15283506704792987,1.0731448721178793,-0.9751849020531346,-0.6085714667179105,-1.2191059042294619,3.2272882774273706,-0.0694637827310576,0
-0.7783778417955118,-1.9672196797341657,-3.73371193337757,-1.1452769616872387,-0.20777172178036057,-1.7659922426313124,-0.608612127601442,-0.8932962491723924,-0.9534921517929404,-0.10490513687670194,0
1.258494856449092,0.5778296660197311,0.43525118211048913,0.008515406575712028,0.1940271967616606,-0.3342609511642387,-0.486507494356606,-0.5011179606777717,-0.5317870581804348,2.157703131194093,0
-0.9164862103223589,-0.4727692844391335,-3.237837645137987,-0.8417389379437594,-0.28704669013236894,-1.4003771121340263,-0.10275007558712186,-0.7967600550814088,0.10995911065419237,-2.6816526803293446,1
0.051132321847057585,-2.3478480989977393,0.13083865554551813,-0.39007796098475583,-0.7543517667336813,-0.2947519404930055,-0.695179148639822,-0.3080455724958048,-0.5936887232978667,-0.28748180974820314,0
2.6478770831639142,3.1443834422404966,0.5887708263800718,3.436299082100853,-0.3212600975263936,0.6572270785376636,0.6032041842852859,0.7598860746357006,-0.5748280597073993,-0.3658823810400831,0
1.5440098297088665,3.1443834422404966,0.743166057974386,0.8540312551095072,-0.054228625182786545,0.17183066171965458,0.4358439876699862,-0.7907265429507224,0.49104123653338333,0.09136478646016186,0
2.6478770831639142,1.1928563773721725,0.2545883307742312,0.7695193814357405,-0.33794956454786906,0.5223947405326612,-0.9042167508748208,-0.7967600550814088,1.7629270119931193,-0.5602728386267991,0
0.19673302636886209,0.1273118477388343,0.4904131835685712,-0.4855415600411305,-0.22070605872200408,0.5430899365985452,2.135956849885463,-0.4528498636322801,0.0935164808573745,-1.0551093211300002,1
0.16508677505013242,-0.171599735750639,0.2525452936831911,0.04685366332695014,-0.04421494496990127,0.351816154777495,-0.1249102571117425,0.482344516624123,0.7932954607395942,0.3544899914808548,0
-0.3575600949797423,-0.0425731529494275,0.6766214212947951,-0.5637148405813055,-0.4055419059848446,-0.4038720652040308,1.1176863436082658,-1.080335125223673,-0.39154109814875293,-0.40320320093587525,0
-0.08268703367837188,0.0004357079843096664,0.5076330676216232,-0.6183784949665718,-0.0675801987999669,0.06647329992969911,2.8516697218054103,-0.2356434269275671,1.4674432824091275,-0.13390260845041096,0
2.3620718759416373,-1.734971830691985,-0.3556960345635966,-0.6326415958175237,-0.685507715270095,-0.9425742900705294,0.454873281162688,-0.5614530819846365,-0.21647545148851544,-0.4759653749773118,0
2.4955902480985466,0.36171013982770184,0.1804552706136342,0.8225426703213155,0.12184525189377939,-0.24395464105856263,0.2986135057514644,-0.9777654190020029,-0.9534921517929404,-0.46200362940478523,0
2.2444303764741864,1.6476750817464432,0.5697997676775569,3.68082598902774,0.7539588153321616,-0.8930312449431098,-0.4674375399803729,-0.7967600550814088,3.2272882774273706,0.722328288295497,0
0.47507814581423713,1.9519627728526336,0.5371111742209157,1.3373385978828423,1.232946518848507,0.533055902142359,-0.8189508781094458,-0.38648123019472885,-0.6889592547676646,0.8350962333043654,0
-0.975296210650066,-0.133966982433619,0.2700570401778203,-0.4544875695400269,0.08596289779760713,-0.18751319724251503,-0.6441090789243662,2.328599228614183,-0.7126559859454314,-0.3444027724669653,0
-0.004130374494514549,-0.061927140369609224,0.2621767542552372,0.008772718810957718,0.31836372607165275,0.3424092474748205,-0.803337098833383,-0.42871581510953416,-0.25419677866945056,0.6103658286081204,0
-0.8757997085419951,-0.27697144503829507,0.21401945139500683,0.04772335842127466,-0.5165268616776563,0.4139017429751475,0.22066659202174418,0.02379759469195108,-0.5211477094883762,-0.3444027724669653,0
-0.20930428717134608,0.6692234955039226,0.5260204014409838,-0.5411777331107899,1.9981585817831558,0.3750198594574258,-0.20013289164485817,0.4461434438400041,-0.4819755620312512,0.22185340854185243,0
-0.5461046765458146,0.5907323242998522,0.5143459037778978,0.6076461790192372,1.1027686760809983,1.4887976840940977,-0.16707559333381858,2.6664759079326252,-0.06607374952350478,-0.25928982349598606,0
0.24935136882986123,-0.8457636308869692,-0.3886764904618149,-0.6803332536239723,2.59522426447644,-0.8980482621712029,0.4920779895939318,-0.8932962491723924,0.5065166528127414,-0.24774453388793524,0
2.6478770831639142,3.1443834422404966,0.5785556409248714,3.68082598902774,0.7485347385501823,1.0178251918068566,-0.7193317134574818,-0.4890509364163988,0.796197101291974,-0.10409965155521002,0
-0.23107183435899126,-0.2683696728515476,0.2636360664631229,0.4403385219335392,2.59522426447644,0.13922004973704932,-0.6632603550676622,0.7236850018515817,-0.18020494458377012,-0.581483952092753,0
0.7924006114830203,-2.3478480989977393,-4.391569876692475,-1.1452769616872387,0.8849711314507438,-1.7659922426313124,1.193559552277884,-1.2915080497976994,-0.80212323631047,2.9089524410388883,0
-0.8725103903003065,-0.2672944513282042,0.21022523965450385,-0.6281497751439826,1.6172214970179786,-0.19692010454518966,2.8516697218054103,-0.8450281521269006,0.6965741089936067,-0.5750400695208177,0
-0.3745334070830962,-0.24256435629130532,0.21285200162869822,-0.17395746374474216,-0.7535172933826074,0.11099932782902536,-0.6314228832625651,-0.8148605914734683,-0.4534427632661849,-0.6260541398819723,0
-0.6226619462102141,-0.018918279435872057,0.47027467509974746,0.024615149483752166,-0.1931684381365696,1.2272856610797445,0.11633076488013608,0.05999866747606993,0.00018037642249654794,-0.6357199637398753,0
-0.5401387562054971,-0.2608431221881436,0.31033405711546747,-0.705027123885189,-0.42974163316598396,-0.7218255320344321,-1.0700318339159265,-1.2191059042294619,3.2272882774273706,-1.9510774937361763,0
-0.5814487235349391,-0.2049316029742853,0.24904294438426522,-0.1567200765840213,-0.2319714489615,0.07149031715779212,-0.14296368939969026,0.3254732012262746,-0.6720330182121167,-0.3009065651064018,0
-0.16844579489468456,-0.5328741675940312,-0.03844156056923087,-0.07715133303577171,-0.4802272709059472,-0.21071690192244577,0.6934306848414933,-0.8812292249110194,-0.19229511355201856,-0.10705309773401372,0
-0.6444402428038779,-0.4511573318199306,0.04619854748814363,-0.602092352644023,-0.34337364132984854,-0.5681793794240804,-0.41823787090736214,-0.6821233245983659,-0.10427868346316999,0.6358728637886979,0
2.6478770831639142,2.557312490494984,0.5534554709492362,1.672613907807241,0.08596289779760713,0.3963421826768215,-0.31386138288222276,-0.7002238609904253,0.15445093245734673,0.0008819353459031856,0
-0.32794548139852614,-0.030745716192649777,0.229488160798596,1.4165170676569643,0.5386646907551285,0.1247961252062816,-0.5872245028639183,2.6664759079326252,0.25504113827317365,2.913516857860676,0
0.026634425530690526,1.1799537190920515,0.9489290792862792,-0.19899956660779233,0.5791366482822065,1.281845723435257,1.9297248486141318,0.011730570430578131,1.267713691053663,-0.23807871003003225,0
0.2165549310671425,-0.17052451422729556,0.38300780506817866,0.0931741710924341,-0.4760549041505783,0.5782090571951972,-0.0631870359110562,-0.09083913579109182,-0.5472624744597928,0.09834565924642513,0
-0.9309549108233814,-0.2683696728515476,-4.391569876692475,-1.1452769616872387,-3.2865611505670422,-1.7659922426313124,-0.42535352552535954,-1.0682681009623,0.04322137794946102,-2.854295034235779,1
0.08440173347459434,-0.16299796356389157,0.2864013369061409,-0.6835311685791371,-0.30164997377615993,-0.8140132236006432,2.3172230686685062,-0.5735201062460095,-0.26386891384404937,-0.3930003868636443,0
-1.382655701130561,-2.3478480989977393,-1.6395989150614945,-1.1452769616872387,-2.39993321505116,-1.7659922426313124,-0.942356659627287,-0.5312855213312041,-0.8495166986660039,-0.34655073332427705,1
-0.5510816515324218,-0.938232681894504,0.07304989211324174,0.49286820693476985,-1.2270809201169732,1.0491815494824386,-0.7527956206038355,0.753852562505014,-0.6430166126883204,-0.26707618160374125,0
-0.8068960159628318,-0.18880328012413386,0.25488019321580835,-0.32050817842049756,0.891229681583797,3.8129309150082356,0.6343910819538804,2.6664759079326252,2.0579271348183816,-0.3197012226078798,0
2.6478770831639142,3.1443834422404966,0.3940985778481105,1.332411423141991,0.34381516327940276,-0.3003960848746102,-0.5468889064007557,1.9002198673354436,0.7086642779618552,-0.6271281203106281,0
0.018056399527855514,0.07892687918838,0.4982934694911542,-0.5527208207663296,-0.4134694028200454,-0.25837856558933037,2.8516697218054103,-0.16324128135932953,0.3396723210509128,-0.3637344201827713,0
-1.0767061070294461,-0.5576042626309301,-2.01843636422864,-1.0004932425482047,-2.3022998329755286,-1.7659922426313124,-0.1894797401596277,-0.8269276157348412,-0.3122295897170431,-0.9995308339470579,0
0.004985121809249971,-0.6866308454321416,-0.5775114901622332,-0.6115283164833775,-0.5736882862262096,-0.5430942932836148,2.8516697218054103,1.4296059211418988,0.0074344778034457154,0.05511794699302559,0
-0.42947362124411076,-0.209232489067659,0.22978002324017313,-0.3601454060915931,-0.1297484634549629,0.5688021498925224,-0.6728156626975443,-0.5433525455925771,1.1850169353108437,-0.2917777314628267,0
-0.5464271587263723,-0.2930997678884465,0.16265166167742784,-0.7352435833213737,-0.20318211834945488,-0.9739306477461114,-1.0261994014690625,-1.1648042950532835,0.6670740967110805,-0.2708351131040369,0
-0.13738001150095888,0.005811815601026812,0.269473315294666,0.85949052926596,-0.16813423760435642,0.028218543565488897,-0.24563242031651028,1.3089356785281692,-0.5264673838344055,-0.5038888661223649,0
0.2474272251525336,-1.9360382555572062,-0.0915605249362728,-0.7586873618570267,-1.7502957112402282,-1.1106443672116486,-0.6977001234187696,-0.06670508726834591,-0.6512379275867294,-1.144786686922767,0
-0.6625422425391837,-1.1414495498064121,-4.391569876692475,-1.1452769616872387,-1.136540561525469,-1.7659922426313124,2.514469014679395,-1.249273464882894,-0.9534921517929404,-0.40051824986423556,0
0.7058248954092947,0.5315951405159637,0.2674302782036259,3.68082598902774,0.8778781079666169,5.444715768445521,-0.41303327781534116,2.6664759079326252,-0.39589355897732237,-0.16988095281038326,0
-1.0730943066071998,-0.8618919537371206,-4.391569876692475,-1.1107464701495033,-0.7247279627705624,-1.7659922426313124,-0.8323689696748124,-1.092402149485046,-0.6875084344914747,-0.5186560970163834,1
-0.24545453961186497,0.1939755821861269,0.547326359676116,-0.2724277664003657,0.05091501705250871,0.8083647225339688,-0.6635449812523821,-0.8691622006496464,-0.243557429977392,-0.3876304847203649,0
1.8371138836177658,0.09290475899184457,0.5108435544789718,3.68082598902774,-0.2812053766748525,-0.3574646558441695,-0.8625800061386529,0.9408914385562945,1.1560005297870475,0.35180504040921506,0
-0.21890350674594708,0.7498651097546798,0.7904477735098848,0.9685660975228764,0.8749574512378587,0.946959823460041,-0.005163955111728564,-0.19340884201276176,1.5540088922217865,-0.1250422699139999,0
-0.306887395008108,-0.11676343806012411,0.2242346368502072,0.876777048881049,-0.31249812734011895,0.41766450589621723,-0.6347164148286096,1.4839075303180769,-0.45924604437094413,0.16197899964428658,0
-0.6856427160731341,-0.25546701457142645,0.210517102096081,0.9647958148003345,-0.13225188350818423,0.5424628094450337,-0.646833358120971,0.7598860746357006,-0.43168045912333775,0.07122765342286393,0
-1.0462852879968358,-0.2952502109351334,0.15389578843011326,-0.4842304326377181,-0.4873202943900742,-0.21698817345756213,-0.5110260071260486,0.20480295861254508,-0.5056722932090182,0.09082779624583392,0
-0.25554823186332115,-0.392020148036042,0.17666105887313122,-0.1889790785175058,2.59522426447644,-0.8259286395173643,-0.6760278724965262,1.3994383604884664,-0.8335576756279158,1.4580048819247813,0
1.4844366215538394,0.5133163746191254,0.412194049225894,-0.42228859024409476,0.29332952553943953,-0.31231150079133135,1.738171426297641,0.13240081304430765,0.7130167387904247,0.18668054950337207,0
-1.0416522940028234,-0.5543785980608998,-0.4482164285435543,-0.7511067813202412,0.562864417936268,-1.0905762982992764,-0.5516055688903997,0.43407641957863113,-0.3992788062884318,2.0215761118619593,0
-0.6973058216033046,-0.1898785016474773,0.26567910355416297,-0.6093029202126058,-0.3867662555856847,0.37313847799689076,2.8516697218054103,1.3994383604884664,2.618910974945109,-0.3427918018239815,0
-0.6854922243888739,-0.06300236189295265,0.3579076350925435,-0.22409763994720994,0.17900667644233273,-0.07525743676393157,-0.3333786069773014,0.07206569173744289,-0.2575820259805601,-0.1470588687014456,0
-0.21638814573759696,0.28429419014697493,0.5245610892330981,-0.2783310054666471,-0.3300220677126682,0.9952486142804375,1.4339060348320714,0.6693833926754033,0.08142631188912605,2.913516857860676,0
-1.0730513089831255,-0.18516903137523308,0.22715326126597876,-0.5079353223097277,0.9596564963718464,-0.32109128094049433,-0.5615674853555961,-0.38648123019472885,-0.4157214360852498,0.5456585077816032,0
2.6478770831639142,1.3853210300506464,0.5730102545349056,0.2773390719676879,-0.3817594154792421,-0.12730899050539768,-0.4375924514683151,-0.8027935672120954,-0.7121723791867015,-0.1518917806303971,0
-0.7805814700293229,0.13698884144892517,0.364620471248818,0.007147802175784127,0.8524266707588667,0.5587681154363362,-0.592103808887688,2.038990646341232,-0.6222215220629331,-0.2839913733550716,0
-0.4432436103539249,-0.43825467353980946,0.1290874808960552,-0.39255990971055094,-0.7368278263611321,0.27091675197449355,-0.5290794394139964,-0.567486594115323,0.6003363640063494,-0.6741147640643234,0
-1.518925921228229,-2.3478480989977393,-1.0780555774670513,-1.1452769616872387,-1.8016158223312653,-1.7659922426313124,-0.9038914638065695,0.6573163684140303,-0.8117953714850688,-0.590344290629164,1
-0.8741550494211507,-0.6135157818447884,-0.5039621548847906,-0.4238002996261633,-0.609153403646845,-0.2358019880629114,-0.6692781658303114,-0.9656983947406301,2.0085992454279276,-0.2821119076049237,0
-0.5257130533285489,-0.08128112778979095,0.2639279289047001,1.1982775433772848,-0.843223178623038,3.3413312955674814,-0.6167036434241933,-0.01843699022285411,-0.1400655836091853,-0.3819920874699214,0
-0.6926083311731805,0.08860387289847085,0.36753909566458953,-0.2708418518165975,-0.29622589699418045,1.3301345142556533,-0.5996260723409994,0.5426796379309874,-0.49938540534552894,-0.40642514222184295,0
2.6478770831639142,0.8659890342757701,0.2615930293720829,-0.24498881019640484,-0.4668756972887668,-0.3380237140853086,-0.3807891971749299,1.8881528430740702,-0.03125406289494933,-0.11081202923430933,0
0.032761586961287,0.1488162782057029,0.3471087247541888,3.68082598902774,0.9488083428078874,0.6114467963313139,0.5936082157718722,-0.01240347809216777,-0.14635247147267444,-0.11295999009162111,0
2.6478770831639142,0.109033081841996,0.22277532464232144,3.347875100063071,0.10515578487230393,0.04201534094274512,-0.6691968440632485,0.4039088589251986,-0.561287070462961,0.13432400360639743,0
0.9290793090093947,0.3057986206138435,0.23444982230540756,2.7990921770827426,0.9145949354138627,-0.2728024901200981,-0.9265395759335671,0.3254732012262746,-0.9534921517929404,0.45490716156018046,0
0.23686055903625927,0.9627589713766788,0.39497416517284195,-0.3093614427808631,1.656858981193983,0.1160163450571186,-0.3942886105073594,0.22893700713529097,-0.3373771411709999,2.313698788456361,0
-0.6466868686617632,0.3337543802207727,0.7341183222854942,-0.6292544955870355,-1.8696254004437778,-0.6635027067578496,-0.5504264032679886,-0.5855871305073824,-0.4587624376122142,-1.4017365044786885,0
-0.2795731543148702,0.11871007555208687,0.30187004630973,-0.15900676179271558,0.19444443343719756,0.028218543565488897,-0.3231727252109165,0.7598860746357006,-0.6449510397232403,0.984916503101862,0
