회사명,거래소코드,회계년도,[제조]영업이익(손실)(연결),[제조]   이자비용(연결)
(주)CMG제약,58820,Dec-11,623816,181404
(주)CMG제약,58820,Dec-12,-4205503,542880
(주)CMG제약,58820,Dec-13,791250,1134104
(주)CMG제약,58820,Dec-14,442322,122840
(주)CMG제약,58820,Dec-15,-2572168,79830
(주)CMG제약,58820,Dec-16,1730753,0
(주)CMG제약,58820,Dec-17,1558607,0
(주)CMG제약,58820,Dec-18,2567820,0
(주)CMG제약,58820,Dec-19,2603774,8593
(주)CMG제약,58820,Dec-20,1822365,22853
(주)금화피에스시,36190,Dec-11,15670906,0
(주)금화피에스시,36190,Dec-12,20453131,0
(주)금화피에스시,36190,Dec-13,27103680,5599
(주)금화피에스시,36190,Dec-14,23448696,16457
(주)금화피에스시,36190,Dec-15,27682715,10491
(주)금화피에스시,36190,Dec-16,29816098,55896
(주)금화피에스시,36190,Dec-17,33863833,62772
(주)금화피에스시,36190,Dec-18,41384787,95873
(주)금화피에스시,36190,Dec-19,34327291,122479
(주)금화피에스시,36190,Dec-20,26993690,87289
(주)나스미디어,89600,Dec-11,7809344,250000
(주)나스미디어,89600,Dec-12,7613038,0
(주)나스미디어,89600,Dec-13,6058109,0
(주)나스미디어,89600,Dec-14,8601869,0
(주)나스미디어,89600,Dec-15,11693294,0
(주)나스미디어,89600,Dec-16,15433276,89944
(주)나스미디어,89600,Dec-17,34298134,232681
(주)나스미디어,89600,Dec-18,24946232,76352
(주)나스미디어,89600,Dec-19,30558603,851345
(주)나스미디어,89600,Dec-20,26967943,191107
(주)나이스디앤비,130580,Dec-11,2848366,0
(주)나이스디앤비,130580,Dec-12,3200317,0
(주)나이스디앤비,130580,Dec-13,3312852,0
(주)나이스디앤비,130580,Dec-14,4103059,0
(주)나이스디앤비,130580,Dec-15,4943229,0
(주)나이스디앤비,130580,Dec-16,6465327,0
(주)나이스디앤비,130580,Dec-17,8454239,0
(주)나이스디앤비,130580,Dec-18,10423254,0
(주)나이스디앤비,130580,Dec-19,12798062,39565
(주)나이스디앤비,130580,Dec-20,14088152,38544
(주)내츄럴엔도텍,168330,Dec-12,5118742,4521
(주)내츄럴엔도텍,168330,Dec-13,24103694,0
(주)내츄럴엔도텍,168330,Dec-14,25886542,6413
(주)내츄럴엔도텍,168330,Dec-15,-10890671,13512
(주)내츄럴엔도텍,168330,Dec-16,-9391306,271474
(주)내츄럴엔도텍,168330,Dec-17,-5391216,2754233
(주)내츄럴엔도텍,168330,Dec-18,-13587338,2228053
(주)내츄럴엔도텍,168330,Dec-19,-11129701,2558323
(주)내츄럴엔도텍,168330,Dec-20,-315913,2487427
(주)네오팜,92730,Dec-11,1199197,31753
(주)네오팜,92730,Dec-12,209147,7419
(주)네오팜,92730,Dec-13,2147648,11410
(주)네오팜,92730,Dec-14,5002662,7949
(주)네오팜,92730,Dec-15,6258403,729
(주)네오팜,92730,Dec-16,9552938,0
(주)네오팜,92730,Dec-17,14037876,0
(주)네오팜,92730,Dec-18,19161762,2080
(주)네오팜,92730,Dec-19,22960501,17169
(주)네오팜,92730,Dec-20,21902092,56370
(주)네이블커뮤니케이션즈,153460,Dec-11,3859395,131374
(주)네이블커뮤니케이션즈,153460,Dec-12,5101595,71512
(주)네이블커뮤니케이션즈,153460,Dec-13,38631,8361
(주)네이블커뮤니케이션즈,153460,Dec-14,132220,1044
(주)네이블커뮤니케이션즈,153460,Dec-15,254292,0
(주)네이블커뮤니케이션즈,153460,Dec-16,194621,0
(주)네이블커뮤니케이션즈,153460,Dec-17,-6481007,0
(주)네이블커뮤니케이션즈,153460,Dec-18,-2389050,0
(주)네이블커뮤니케이션즈,153460,Dec-19,-484726,1067
(주)네이블커뮤니케이션즈,153460,Dec-20,399554,1597
(주)넥스지,81970,Dec-11,3167722,0
(주)넥스지,81970,Dec-12,2474759,18653
(주)넥스지,81970,Dec-13,1227029,0
(주)넥스지,81970,Dec-14,865562,1573
(주)넥스지,81970,Dec-15,312489,1603
(주)넥스지,81970,Dec-16,-409428,1782
(주)넥스지,81970,Dec-17,-598029,3527
(주)넥스턴바이오사이언스,89140,Dec-11,4349627,99651
(주)넥스턴바이오사이언스,89140,Dec-12,3358160,21236
(주)넥스턴바이오사이언스,89140,Dec-13,3465175,12177
(주)넥스턴바이오사이언스,89140,Dec-14,4053988,1869
(주)넥스턴바이오사이언스,89140,Dec-15,1606617,206
(주)넥스턴바이오사이언스,89140,Dec-16,19292470,198
(주)넥스턴바이오사이언스,89140,Dec-17,10076522,6575
(주)넥스턴바이오사이언스,89140,Dec-18,4102995,0
(주)넥스턴바이오사이언스,89140,Dec-19,2997381,1252
(주)넥스턴바이오사이언스,89140,Dec-20,-3017727,1041
(주)넥스트아이,137940,Dec-11,5007759,286
(주)넥스트아이,137940,Dec-12,6881417,1478
(주)넥스트아이,137940,Dec-13,5310652,0
(주)넥스트아이,137940,Dec-14,3774180,36767
(주)넥스트아이,137940,Dec-15,2741035,27241
(주)넥스트아이,137940,Dec-16,3696037,579486
(주)넥스트아이,137940,Dec-17,1290427,1533719
(주)넥스트아이,137940,Dec-18,8381537,1655344
(주)넥스트아이,137940,Dec-19,3690399,935348
(주)넥스트아이,137940,Dec-20,-10354834,1263021
(주)노바렉스,194700,Dec-11,1992651,182317
(주)노바렉스,194700,Dec-12,3077503,58059
(주)노바렉스,194700,Dec-13,3132824,229044
(주)노바렉스,194700,Dec-14,5914373,10486
(주)노바렉스,194700,Dec-15,11215035,77190
(주)노바렉스,194700,Dec-16,10273527,600
(주)노바렉스,194700,Dec-17,9897600,0
(주)노바렉스,194700,Dec-18,11334721,0
(주)노바렉스,194700,Dec-19,16305801,41900
(주)노바렉스,194700,Dec-20,26992725,191971
(주)노바텍,285490,Dec-17,5516770,0
(주)노바텍,285490,Dec-18,6672041,0
(주)노바텍,285490,Dec-19,5524953,8296
(주)노바텍,285490,Dec-20,29335292,942354
(주)대유,290380,Dec-11,-230980,162941
(주)대유,290380,Dec-12,1238034,186792
(주)대유,290380,Dec-13,1578893,177663
(주)대유,290380,Dec-14,4084920,168580
(주)대유,290380,Dec-15,4958602,136993
(주)대유,290380,Dec-16,5654952,126217
(주)대유,290380,Dec-17,6873411,66533
(주)대유,290380,Dec-18,7042121,0
(주)대유,290380,Dec-19,5332720,17559
(주)대유,290380,Dec-20,4604224,502463
(주)동방선기,99410,Dec-11,3899448,2994038
(주)동방선기,99410,Dec-12,-3983755,2985516
(주)동방선기,99410,Dec-13,-8003707,2360261
(주)동방선기,99410,Dec-14,-1778523,2057295
(주)동방선기,99410,Dec-15,1340753,1550671
(주)동방선기,99410,Dec-16,1796851,680984
(주)동방선기,99410,Dec-17,-667105,0
(주)동방선기,99410,Dec-18,-2825982,596
(주)동방선기,99410,Dec-19,-1255400,7818
(주)동방선기,99410,Dec-20,-1359095,8725
(주)동원개발,13120,Dec-11,25891707,389790
(주)동원개발,13120,Dec-12,41847489,194486
(주)동원개발,13120,Dec-13,44296221,308245
(주)동원개발,13120,Dec-14,77191364,612470
(주)동원개발,13120,Dec-15,117122111,274983
(주)동원개발,13120,Dec-16,131149315,1964
(주)동원개발,13120,Dec-17,143040410,0
(주)동원개발,13120,Dec-18,160073926,4515
(주)동원개발,13120,Dec-19,106108775,202958
(주)동원개발,13120,Dec-20,187555578,74225
(주)동일기연,32960,Dec-11,6995799,20421
(주)동일기연,32960,Dec-12,3728736,4440
(주)동일기연,32960,Dec-13,3125707,0
(주)동일기연,32960,Dec-14,3124221,0
(주)동일기연,32960,Dec-15,1784953,0
(주)동일기연,32960,Dec-16,1082478,0
(주)동일기연,32960,Dec-17,2387315,0
(주)동일기연,32960,Dec-18,-1363334,537
(주)동일기연,32960,Dec-19,919141,34674
(주)동일기연,32960,Dec-20,190941,45390
(주)듀오백,73190,Dec-11,1130697,104306
(주)듀오백,73190,Dec-12,-1423334,109033
(주)듀오백,73190,Dec-13,90256,31637
(주)듀오백,73190,Dec-14,-3451103,54476
(주)듀오백,73190,Dec-15,-3883835,31484
(주)듀오백,73190,Dec-16,-5073348,32197
(주)듀오백,73190,Dec-17,580033,5335
(주)듀오백,73190,Dec-18,-2880725,0
(주)듀오백,73190,Dec-19,-2468694,20611
(주)듀오백,73190,Dec-20,679200,17188
(주)드래곤플라이,30350,Dec-11,8350352,0
(주)드래곤플라이,30350,Dec-12,4128508,0
(주)드래곤플라이,30350,Dec-13,228926,1282363
(주)드래곤플라이,30350,Dec-14,2765733,1695339
(주)드래곤플라이,30350,Dec-15,3702334,1398275
(주)드래곤플라이,30350,Dec-16,1572232,1177584
(주)드래곤플라이,30350,Dec-17,-5496502,1264654
(주)드래곤플라이,30350,Dec-18,-5899804,1387133
(주)드래곤플라이,30350,Dec-19,-4509707,61226
(주)드래곤플라이,30350,Dec-20,-3474081,49379
(주)디아크,78590,Dec-11,1233074,268081
(주)디아크,78590,Dec-12,492333,316027
(주)디아크,78590,Dec-13,424989,251388
(주)디아크,78590,Dec-14,573479,118492
(주)디아크,78590,Dec-15,1419070,26423
(주)디아크,78590,Dec-16,2088625,0
(주)디아크,78590,Dec-17,2285974,235231
(주)디아크,78590,Dec-18,2404127,608694
(주)디아크,78590,Dec-19,1888369,2238184
(주)디아크,78590,Dec-20,-10062639,3816274
(주)디앤씨미디어,263720,Dec-16,3693827,3912
(주)디앤씨미디어,263720,Dec-17,5432589,0
(주)디앤씨미디어,263720,Dec-18,5801456,1790
(주)디앤씨미디어,263720,Dec-19,7913752,3700
(주)디앤씨미디어,263720,Dec-20,13147012,9929
(주)디에이테크놀로지,196490,Dec-11,2587074,257738
(주)디에이테크놀로지,196490,Dec-12,2074372,181808
(주)디에이테크놀로지,196490,Dec-13,2734018,396237
(주)디에이테크놀로지,196490,Dec-14,4869325,353648
(주)디에이테크놀로지,196490,Dec-15,3205730,0
(주)디에이테크놀로지,196490,Dec-16,3021043,221048
(주)디에이테크놀로지,196490,Dec-17,4641627,1575890
(주)디에이테크놀로지,196490,Dec-18,2109559,1850500
(주)디에이테크놀로지,196490,Dec-19,650130,5847755
(주)디에이테크놀로지,196490,Dec-20,-14188468,2662915
(주)디지털대성,68930,Dec-11,2108352,0
(주)디지털대성,68930,Dec-12,4049529,0
(주)디지털대성,68930,Dec-13,6010400,0
(주)디지털대성,68930,Dec-14,5612111,0
(주)디지털대성,68930,Dec-15,5973446,44818
(주)디지털대성,68930,Dec-16,7898180,216675
(주)디지털대성,68930,Dec-17,10007834,122666
(주)디지털대성,68930,Dec-18,12604179,101029
(주)디지털대성,68930,Dec-19,21090277,262486
(주)디지털대성,68930,Dec-20,14211309,182250
(주)디지틀조선일보,33130,Dec-11,3921258,0
(주)디지틀조선일보,33130,Dec-12,5529331,0
(주)디지틀조선일보,33130,Dec-13,4090797,0
(주)디지틀조선일보,33130,Dec-14,3391383,0
(주)디지틀조선일보,33130,Dec-15,3716900,0
(주)디지틀조선일보,33130,Dec-16,4637268,0
(주)디지틀조선일보,33130,Dec-17,5435360,0
(주)디지틀조선일보,33130,Dec-18,6363294,0
(주)디지틀조선일보,33130,Dec-19,2936471,94619
(주)디지틀조선일보,33130,Dec-20,1459673,59876
(주)레고켐바이오사이언스,141080,Dec-11,-3061501,227611
(주)레고켐바이오사이언스,141080,Dec-12,-3251665,3094
(주)레고켐바이오사이언스,141080,Dec-13,-6259744,52446
(주)레고켐바이오사이언스,141080,Dec-14,-8457032,208726
(주)레고켐바이오사이언스,141080,Dec-15,-8048860,877995
(주)레고켐바이오사이언스,141080,Dec-16,-10172813,1072988
(주)레고켐바이오사이언스,141080,Dec-17,-9842081,1353096
(주)레고켐바이오사이언스,141080,Dec-18,-15977964,125747
(주)레고켐바이오사이언스,141080,Dec-19,8416842,25803
(주)레고켐바이오사이언스,141080,Dec-20,-29761761,0
(주)로지시스,67730,Dec-11,1799045,0
(주)로지시스,67730,Dec-12,1580259,0
(주)로지시스,67730,Dec-13,1843162,0
(주)로지시스,67730,Dec-14,1914417,0
(주)로지시스,67730,Dec-15,501515,0
(주)로지시스,67730,Dec-16,511870,0
(주)로지시스,67730,Dec-17,627402,0
(주)로지시스,67730,Dec-18,724996,0
(주)로지시스,67730,Dec-19,435804,25509
(주)로지시스,67730,Dec-20,407999,17089
(주)리노스,39980,Dec-11,7616009,0
(주)리노스,39980,Dec-12,7806403,0
(주)리노스,39980,Dec-13,4340611,91397
(주)리노스,39980,Dec-14,8628174,281383
(주)리노스,39980,Dec-15,7137162,167913
(주)리노스,39980,Dec-16,4112642,252606
(주)리노스,39980,Dec-17,3840326,315068
(주)리노스,39980,Dec-18,1617419,172684
(주)리노스,39980,Dec-19,-320792,313362
(주)리노스,39980,Dec-20,-6189068,241623
(주)리드코프,12700,Dec-11,44760209,18257960
(주)리드코프,12700,Dec-12,36877889,29353037
(주)리드코프,12700,Dec-13,45280593,29391297
(주)리드코프,12700,Dec-14,49937803,27913483
(주)리드코프,12700,Dec-15,53062309,30901701
(주)리드코프,12700,Dec-16,51092878,33423923
(주)리드코프,12700,Dec-17,47314285,39175215
(주)리드코프,12700,Dec-18,44888465,45081870
(주)리드코프,12700,Dec-19,53883905,2791564
(주)리드코프,12700,Dec-20,60086162,2023843
(주)멀티캠퍼스,67280,Dec-11,4082389,0
(주)멀티캠퍼스,67280,Dec-12,4660787,0
(주)멀티캠퍼스,67280,Dec-13,6061501,0
(주)멀티캠퍼스,67280,Dec-14,11729238,0
(주)멀티캠퍼스,67280,Dec-15,11941341,0
(주)멀티캠퍼스,67280,Dec-16,17830239,0
(주)멀티캠퍼스,67280,Dec-17,15107677,0
(주)멀티캠퍼스,67280,Dec-18,21830440,0
(주)멀티캠퍼스,67280,Dec-19,24178088,843937
(주)멀티캠퍼스,67280,Dec-20,13721746,739543
(주)메디프론디비티,65650,Dec-11,681143,230269
(주)메디프론디비티,65650,Dec-12,-2184762,0
(주)메디프론디비티,65650,Dec-13,-1641837,0
(주)메디프론디비티,65650,Dec-14,-2631219,0
(주)메디프론디비티,65650,Dec-15,252734,311136
(주)메디프론디비티,65650,Dec-16,-495966,194050
(주)메디프론디비티,65650,Dec-17,480995,0
(주)메디프론디비티,65650,Dec-18,-1570272,0
(주)메디프론디비티,65650,Dec-19,-2161742,1193
(주)메디프론디비티,65650,Dec-20,-2164891,1560611
(주)메지온,140410,Dec-11,2924533,0
(주)메지온,140410,Dec-12,1680498,0
(주)메지온,140410,Dec-13,-2472531,0
(주)메지온,140410,Dec-14,-4916395,0
(주)메지온,140410,Dec-15,-2733007,1437129
(주)메지온,140410,Dec-16,-7220099,3689192
(주)메지온,140410,Dec-17,-16846232,2770896
(주)메지온,140410,Dec-18,-21925916,548072
(주)메지온,140410,Dec-19,-24658888,317842
(주)메지온,140410,Dec-20,-7530525,320208
(주)메카로,241770,Dec-11,2159561,138933
(주)메카로,241770,Dec-12,1862378,364265
(주)메카로,241770,Dec-13,1017652,335662
(주)메카로,241770,Dec-14,629858,315255
(주)메카로,241770,Dec-15,5593829,318084
(주)메카로,241770,Dec-16,3098844,287429
(주)메카로,241770,Dec-17,43388489,289198
(주)메카로,241770,Dec-18,33825845,0
(주)메카로,241770,Dec-19,8560966,29282
(주)메카로,241770,Dec-20,146870,55258
(주)모린스,110310,Dec-11,-19033338,1297709
(주)모린스,110310,Dec-12,-18103785,2136898
(주)모린스,110310,Dec-13,-22495899,0
(주)모바일리더,100030,Dec-11,817698,1742
(주)모바일리더,100030,Dec-12,1369847,787
(주)모바일리더,100030,Dec-13,3094157,18671
(주)모바일리더,100030,Dec-14,99367,4999
(주)모바일리더,100030,Dec-15,-890492,60
(주)모바일리더,100030,Dec-16,826320,103
(주)모바일리더,100030,Dec-17,582066,0
(주)모바일리더,100030,Dec-18,3439916,45
(주)모바일리더,100030,Dec-19,4967887,0
(주)모바일리더,100030,Dec-20,4498560,743281
(주)미성포리테크,94700,Dec-11,-11248589,0
(주)바이오솔루션,86820,Dec-13,478129,8391
(주)바이오솔루션,86820,Dec-14,-2735163,80252
(주)바이오솔루션,86820,Dec-15,-3259477,181260
(주)바이오솔루션,86820,Dec-16,-3128089,0
(주)바이오솔루션,86820,Dec-17,-1814728,0
(주)바이오솔루션,86820,Dec-18,1083139,0
(주)바이오솔루션,86820,Dec-19,-1867679,52601
(주)바이오솔루션,86820,Dec-20,-3329875,40480
(주)버킷스튜디오,66410,Dec-11,731084,617834
(주)버킷스튜디오,66410,Dec-12,-6349534,68629
(주)버킷스튜디오,66410,Dec-13,601707,0
(주)버킷스튜디오,66410,Dec-14,1134038,0
(주)버킷스튜디오,66410,Dec-15,1010238,0
(주)버킷스튜디오,66410,Dec-16,-4493653,1
(주)버킷스튜디오,66410,Dec-17,682469,11285
(주)버킷스튜디오,66410,Dec-18,-1911376,440815
(주)버킷스튜디오,66410,Dec-19,831136,1169289
(주)버킷스튜디오,66410,Dec-20,357443,749691
(주)부-스타,8470,Dec-11,3370670,0
(주)부-스타,8470,Dec-12,3345678,0
(주)부-스타,8470,Dec-13,3889009,0
(주)부-스타,8470,Dec-14,3274174,0
(주)부-스타,8470,Dec-15,4726903,0
(주)부-스타,8470,Dec-16,6492052,0
(주)부-스타,8470,Dec-17,3306113,0
(주)부-스타,8470,Dec-18,1995494,0
(주)부-스타,8470,Dec-19,3262120,10336
(주)부-스타,8470,Dec-20,5883219,16703
(주)뷰웍스,100120,Dec-11,7537269,2832
(주)뷰웍스,100120,Dec-12,7506155,56227
(주)뷰웍스,100120,Dec-13,12820596,0
(주)뷰웍스,100120,Dec-14,13256808,161238
(주)뷰웍스,100120,Dec-15,18374748,21422
(주)뷰웍스,100120,Dec-16,30465391,7878
(주)뷰웍스,100120,Dec-17,28634930,9988
(주)뷰웍스,100120,Dec-18,22559421,64445
(주)뷰웍스,100120,Dec-19,26425918,67307
(주)뷰웍스,100120,Dec-20,29065623,38046
(주)브리지텍,64480,Dec-11,1169448,0
(주)브리지텍,64480,Dec-12,5674687,23493
(주)브리지텍,64480,Dec-13,6456992,0
(주)브리지텍,64480,Dec-14,3042876,0
(주)브리지텍,64480,Dec-15,6232679,0
(주)브리지텍,64480,Dec-16,8155169,0
(주)브리지텍,64480,Dec-17,-4746507,0
(주)브리지텍,64480,Dec-18,730230,0
(주)브리지텍,64480,Dec-19,-3932394,85493
(주)브리지텍,64480,Dec-20,1717241,68645
(주)블루젬디앤씨,53040,Dec-11,1116321,0
(주)블루콤,33560,Dec-11,127086,47820
(주)블루콤,33560,Dec-12,6289265,20826
(주)블루콤,33560,Dec-13,13566289,0
(주)블루콤,33560,Dec-14,33536987,406
(주)블루콤,33560,Dec-15,32341535,32220
(주)블루콤,33560,Dec-16,27001366,51741
(주)블루콤,33560,Dec-17,11613925,12455
(주)블루콤,33560,Dec-18,82675,76
(주)블루콤,33560,Dec-19,-12101384,10718
(주)블루콤,33560,Dec-20,-4186660,24111
(주)비아트론,141000,Dec-11,10620892,185943
(주)비아트론,141000,Dec-12,10448877,0
(주)비아트론,141000,Dec-13,3991619,617819
(주)비아트론,141000,Dec-14,832740,1160621
(주)비아트론,141000,Dec-15,8329362,59604
(주)비아트론,141000,Dec-16,14020478,0
(주)비아트론,141000,Dec-17,20821518,0
(주)비아트론,141000,Dec-18,29219694,0
(주)비아트론,141000,Dec-19,3785365,4437
(주)비아트론,141000,Dec-20,16717496,3800
(주)비즈니스온커뮤니케이션,138580,Dec-13,4322509,130804
(주)비즈니스온커뮤니케이션,138580,Dec-14,3795319,69658
(주)비즈니스온커뮤니케이션,138580,Dec-17,5703959,517
(주)비즈니스온커뮤니케이션,138580,Dec-18,5676148,0
(주)비즈니스온커뮤니케이션,138580,Dec-19,6196229,186421
(주)비즈니스온커뮤니케이션,138580,Dec-20,5476512,553155
(주)비트컴퓨터,32850,Dec-11,1477513,0
(주)비트컴퓨터,32850,Dec-12,1329390,864211
(주)비트컴퓨터,32850,Dec-13,1326134,652745
(주)비트컴퓨터,32850,Dec-14,2552968,529460
(주)비트컴퓨터,32850,Dec-15,4999964,336729
(주)비트컴퓨터,32850,Dec-16,3493598,213634
(주)비트컴퓨터,32850,Dec-17,4346891,141134
(주)비트컴퓨터,32850,Dec-18,-2169694,79565
(주)비트컴퓨터,32850,Dec-19,6072520,172515
(주)비트컴퓨터,32850,Dec-20,5458066,194302
(주)삼우이엠씨,26250,Dec-11,-3961599,7915088
(주)삼우이엠씨,26250,Dec-12,-60809865,0
(주)삼일기업공사,2290,Dec-11,1425490,0
(주)삼일기업공사,2290,Dec-12,2553189,0
(주)삼일기업공사,2290,Dec-13,606778,0
(주)삼일기업공사,2290,Dec-14,959655,0
(주)삼일기업공사,2290,Dec-15,3242345,0
(주)삼일기업공사,2290,Dec-16,62897,0
(주)삼일기업공사,2290,Dec-17,2597068,0
(주)삼일기업공사,2290,Dec-18,3042024,0
(주)삼일기업공사,2290,Dec-19,3633753,0
(주)삼일기업공사,2290,Dec-20,2586075,138
(주)삼화네트웍스,46390,Dec-11,3862071,429068
(주)삼화네트웍스,46390,Dec-12,-714981,60401
(주)삼화네트웍스,46390,Dec-13,2865515,0
(주)삼화네트웍스,46390,Dec-14,-2501196,0
(주)삼화네트웍스,46390,Dec-15,-2553616,0
(주)삼화네트웍스,46390,Dec-16,7017526,0
(주)삼화네트웍스,46390,Dec-17,-178463,0
(주)삼화네트웍스,46390,Dec-18,-3752501,0
(주)삼화네트웍스,46390,Dec-19,173531,23953
(주)삼화네트웍스,46390,Dec-20,-206717,13883
(주)서부티엔디,6730,Dec-11,3237520,3969595
(주)서부티엔디,6730,Dec-12,3921823,5625591
(주)서부티엔디,6730,Dec-13,9573915,10671197
(주)서부티엔디,6730,Dec-14,10527958,9981366
(주)서부티엔디,6730,Dec-15,12125185,9288371
(주)서부티엔디,6730,Dec-16,13112723,9431939
(주)서부티엔디,6730,Dec-17,-14009032,13573896
(주)서부티엔디,6730,Dec-18,-15420,29542792
(주)서부티엔디,6730,Dec-19,14439054,29930408
(주)서부티엔디,6730,Dec-20,-22674450,31111649
(주)서산,79650,Dec-11,7816916,6766
(주)서산,79650,Dec-12,14052424,0
(주)서산,79650,Dec-13,13006633,6967
(주)서산,79650,Dec-14,15611943,10707
(주)서산,79650,Dec-15,21268484,11023
(주)서산,79650,Dec-16,21964440,11348
(주)서산,79650,Dec-17,7325835,3857
(주)서산,79650,Dec-18,-2519429,0
(주)서산,79650,Dec-19,-4878862,2229
(주)서산,79650,Dec-20,-8391146,6768
(주)서울리거,43710,Dec-11,289273,0
(주)서울리거,43710,Dec-12,1142248,18630
(주)서울리거,43710,Dec-13,-6526329,412888
(주)서울리거,43710,Dec-14,-7012689,361214
(주)서울리거,43710,Dec-15,-6914961,342236
(주)서울리거,43710,Dec-16,-259557,51194
(주)서울리거,43710,Dec-17,-1514798,0
(주)서울리거,43710,Dec-18,-217603,215306
(주)서울리거,43710,Dec-19,-8741445,1843490
(주)서울리거,43710,Dec-20,-30106553,3693493
(주)세진티에스,67770,Dec-11,1814848,0
(주)세진티에스,67770,Dec-12,-1303435,0
(주)세진티에스,67770,Dec-13,-4887299,0
(주)세진티에스,67770,Dec-14,374765,0
(주)세진티에스,67770,Dec-15,-3580360,0
(주)세진티에스,67770,Dec-16,-723245,11
(주)세진티에스,67770,Dec-17,-2428928,93
(주)세진티에스,67770,Dec-18,-1435741,0
(주)세진티에스,67770,Dec-19,-252119,37627
(주)세진티에스,67770,Dec-20,4629442,28129
(주)셀바스에이아이,108860,Dec-11,-55901,51559
(주)셀바스에이아이,108860,Dec-12,2073430,14133
(주)셀바스에이아이,108860,Dec-13,6460323,0
(주)셀바스에이아이,108860,Dec-14,-135206,54722
(주)셀바스에이아이,108860,Dec-15,-671123,584452
(주)셀바스에이아이,108860,Dec-16,-8415579,623837
(주)셀바스에이아이,108860,Dec-17,561995,1114020
(주)셀바스에이아이,108860,Dec-18,-17058781,1369214
(주)셀바스에이아이,108860,Dec-19,-6175156,1563210
(주)셀바스에이아이,108860,Dec-20,-1530056,1237042
(주)쇼박스,86980,Dec-11,-7662418,44530
(주)쇼박스,86980,Dec-12,9711757,0
(주)쇼박스,86980,Dec-13,6333254,38934
(주)쇼박스,86980,Dec-14,1768992,0
(주)쇼박스,86980,Dec-15,14059518,0
(주)쇼박스,86980,Dec-16,15295422,0
(주)쇼박스,86980,Dec-17,10397090,0
(주)쇼박스,86980,Dec-18,5242483,0
(주)쇼박스,86980,Dec-19,1942204,134222
(주)쇼박스,86980,Dec-20,-1951899,99264
(주)수산아이앤티,50960,Dec-11,6672784,0
(주)수산아이앤티,50960,Dec-12,6635951,0
(주)수산아이앤티,50960,Dec-13,7111164,0
(주)수산아이앤티,50960,Dec-14,5978819,0
(주)수산아이앤티,50960,Dec-15,4414222,0
(주)수산아이앤티,50960,Dec-16,5602614,0
(주)수산아이앤티,50960,Dec-17,4366499,0
(주)수산아이앤티,50960,Dec-18,2650138,0
(주)수산아이앤티,50960,Dec-19,2789717,1563
(주)수산아이앤티,50960,Dec-20,2961938,165936
(주)슈프리마,236200,Dec-15,0,0
(주)슈프리마,236200,Dec-16,10776647,0
(주)슈프리마,236200,Dec-17,12407697,0
(주)슈프리마,236200,Dec-18,12186036,0
(주)슈프리마,236200,Dec-19,24565178,5433
(주)슈프리마,236200,Dec-20,10635728,26484
(주)슈프리마에이치큐,94840,Dec-11,5513673,79511
(주)슈프리마에이치큐,94840,Dec-12,17408864,80595
(주)슈프리마에이치큐,94840,Dec-13,15408473,67207
(주)슈프리마에이치큐,94840,Dec-14,17676413,44692
(주)슈프리마에이치큐,94840,Dec-15,349544,25184
(주)슈프리마에이치큐,94840,Dec-16,3635326,4049
(주)슈프리마에이치큐,94840,Dec-17,3709397,0
(주)슈프리마에이치큐,94840,Dec-18,7256728,11
(주)슈프리마에이치큐,94840,Dec-19,2017918,5137
(주)슈프리마에이치큐,94840,Dec-20,4315134,15153
(주)스마트솔루션즈,136510,Dec-11,4251707,2016
(주)스마트솔루션즈,136510,Dec-12,-1839468,341
(주)스마트솔루션즈,136510,Dec-13,1602387,170
(주)스마트솔루션즈,136510,Dec-14,-792910,0
(주)스마트솔루션즈,136510,Dec-15,327550,0
(주)스마트솔루션즈,136510,Dec-16,1025104,600
(주)스마트솔루션즈,136510,Dec-17,3346492,152936
(주)스마트솔루션즈,136510,Dec-18,-669275,182072
(주)스마트솔루션즈,136510,Dec-19,-7782689,258226
(주)스마트솔루션즈,136510,Dec-20,-7365694,249815
(주)스카이문스테크놀로지,33790,Dec-11,-1203299,0
(주)스카이문스테크놀로지,33790,Dec-12,-3008997,0
(주)스카이문스테크놀로지,33790,Dec-13,-1751577,0
(주)스카이문스테크놀로지,33790,Dec-14,874710,1173
(주)스카이문스테크놀로지,33790,Dec-15,-342391,34615
(주)스카이문스테크놀로지,33790,Dec-16,-2233925,19363
(주)스카이문스테크놀로지,33790,Dec-17,-4294142,508099
(주)스카이문스테크놀로지,33790,Dec-18,-5414744,940060
(주)스카이문스테크놀로지,33790,Dec-19,-10511246,264767
(주)스카이문스테크놀로지,33790,Dec-20,-1460760,69774
(주)승일,49830,Dec-11,4206803,156230
(주)승일,49830,Dec-12,5891425,86497
(주)승일,49830,Dec-13,7740194,40450
(주)승일,49830,Dec-14,8391366,0
(주)승일,49830,Dec-15,7476622,39550
(주)승일,49830,Dec-16,5733722,267822
(주)승일,49830,Dec-17,3746791,246982
(주)승일,49830,Dec-18,2222744,195788
(주)승일,49830,Dec-19,-1379747,103339
(주)승일,49830,Dec-20,320444,171282
(주)시공테크,20710,Dec-11,11223687,5873
(주)시공테크,20710,Dec-12,5196677,16259
(주)시공테크,20710,Dec-13,36200,0
(주)시공테크,20710,Dec-14,4079333,0
(주)시공테크,20710,Dec-15,-123115,0
(주)시공테크,20710,Dec-16,-8558204,377
(주)시공테크,20710,Dec-17,14857097,1070
(주)시공테크,20710,Dec-18,-4720704,9567
(주)시공테크,20710,Dec-19,8014565,110147
(주)시공테크,20710,Dec-20,4827477,110996
(주)시큐브,131090,Dec-11,3371919,37311
(주)시큐브,131090,Dec-12,3465967,74669
(주)시큐브,131090,Dec-13,1353104,77137
(주)시큐브,131090,Dec-14,-413316,16727
(주)시큐브,131090,Dec-15,1643589,1168
(주)시큐브,131090,Dec-16,2212139,0
(주)시큐브,131090,Dec-17,2785786,0
(주)시큐브,131090,Dec-18,2301011,0
(주)시큐브,131090,Dec-19,5050031,6324
(주)시큐브,131090,Dec-20,4213641,5592
(주)쎄니트,37760,Dec-11,-2505496,0
(주)쎄니트,37760,Dec-12,2354937,1446356
(주)쎄니트,37760,Dec-13,4091186,1315408
(주)쎄니트,37760,Dec-14,6460810,1464383
(주)쎄니트,37760,Dec-15,9424702,1650781
(주)쎄니트,37760,Dec-16,10439339,1877210
(주)쎄니트,37760,Dec-17,8561114,1759780
(주)쎄니트,37760,Dec-18,6216501,1710763
(주)쎄니트,37760,Dec-19,5748267,1854944
(주)쎄니트,37760,Dec-20,-1016696,1430552
(주)쎌바이오텍,49960,Dec-11,5740373,5343
(주)쎌바이오텍,49960,Dec-12,6534906,9731
(주)쎌바이오텍,49960,Dec-13,9391588,2118
(주)쎌바이오텍,49960,Dec-14,12905528,0
(주)쎌바이오텍,49960,Dec-15,18758808,0
(주)쎌바이오텍,49960,Dec-16,21561008,0
(주)쎌바이오텍,49960,Dec-17,22632703,0
(주)쎌바이오텍,49960,Dec-18,21674844,0
(주)쎌바이오텍,49960,Dec-19,5794687,53628
(주)쎌바이오텍,49960,Dec-20,3667167,49279
(주)씨에스,65770,Dec-11,-5129161,2030208
(주)씨에스,65770,Dec-12,-644080,2626715
(주)씨에스,65770,Dec-13,-13575650,2958186
(주)씨에스,65770,Dec-14,2218533,3258649
(주)씨에스,65770,Dec-15,-9895441,2382089
(주)씨에스,65770,Dec-16,-328333,1775552
(주)씨에스,65770,Dec-17,1863534,861914
(주)씨에스,65770,Dec-18,2284328,0
(주)씨에스,65770,Dec-19,-917978,11781
(주)씨에스,65770,Dec-20,364597,28283
(주)씨티앤티,50470,Dec-11,-18460610,0
(주)씨티케이,260930,Dec-16,26705519,86044
(주)씨티케이,260930,Dec-17,24443199,7921
(주)씨티케이,260930,Dec-18,5225073,0
(주)씨티케이,260930,Dec-19,3950194,378953
(주)씨티케이,260930,Dec-20,527502,406603
(주)아나패스,123860,Dec-11,18327372,6347
(주)아나패스,123860,Dec-12,18026047,0
(주)아나패스,123860,Dec-13,12355246,264695
(주)아나패스,123860,Dec-14,23196897,575570
(주)아나패스,123860,Dec-15,10401909,641927
(주)아나패스,123860,Dec-16,7192156,251442
(주)아나패스,123860,Dec-17,4982208,289287
(주)아나패스,123860,Dec-18,-8017869,478967
(주)아나패스,123860,Dec-19,-23615808,659261
(주)아나패스,123860,Dec-20,-22426677,1780456
(주)아바코,83930,Dec-11,9975072,237003
(주)아바코,83930,Dec-12,-909687,290826
(주)아바코,83930,Dec-13,9493325,191805
(주)아바코,83930,Dec-14,8881229,16681
(주)아바코,83930,Dec-15,9563140,0
(주)아바코,83930,Dec-16,12174690,20557
(주)아바코,83930,Dec-17,1796827,82387
(주)아바코,83930,Dec-18,22867315,43475
(주)아바코,83930,Dec-19,23336512,94971
(주)아바코,83930,Dec-20,23075492,31206
(주)아바텍,149950,Dec-11,6317818,164830
(주)아바텍,149950,Dec-12,19804201,11928
(주)아바텍,149950,Dec-13,18408008,18080
(주)아바텍,149950,Dec-14,29692063,35032
(주)아바텍,149950,Dec-15,9809339,14392
(주)아바텍,149950,Dec-16,10662936,0
(주)아바텍,149950,Dec-17,15889073,0
(주)아바텍,149950,Dec-18,5564954,0
(주)아바텍,149950,Dec-19,5431636,0
(주)아바텍,149950,Dec-20,3699320,0
(주)아이디스,143160,Dec-11,13773259,814681
(주)아이디스,143160,Dec-12,31852417,1473711
(주)아이디스,143160,Dec-13,19615726,220813
(주)아이디스,143160,Dec-14,9263553,0
(주)아이디스,143160,Dec-15,13557769,34861
(주)아이디스,143160,Dec-16,-1201336,131874
(주)아이디스,143160,Dec-17,-4927418,0
(주)아이디스,143160,Dec-18,262504,0
(주)아이디스,143160,Dec-19,3305340,197346
(주)아이디스,143160,Dec-20,14296105,110960
(주)아이앤씨테크놀로지,52860,Dec-11,9834428,0
(주)아이앤씨테크놀로지,52860,Dec-12,-2858096,0
(주)아이앤씨테크놀로지,52860,Dec-13,-9163126,192976
(주)아이앤씨테크놀로지,52860,Dec-14,-11653285,258587
(주)아이앤씨테크놀로지,52860,Dec-15,-7330264,299397
(주)아이앤씨테크놀로지,52860,Dec-16,479753,354956
(주)아이앤씨테크놀로지,52860,Dec-17,6933939,395084
(주)아이앤씨테크놀로지,52860,Dec-18,1828941,560622
(주)아이앤씨테크놀로지,52860,Dec-19,4303605,374951
(주)아이앤씨테크놀로지,52860,Dec-20,-5603390,228123
(주)아이엠비씨,52220,Dec-11,4724478,0
(주)아이엠비씨,52220,Dec-12,2601938,0
(주)아이엠비씨,52220,Dec-13,3553876,0
(주)아이엠비씨,52220,Dec-14,1146515,0
(주)아이엠비씨,52220,Dec-15,536471,21223
(주)아이엠비씨,52220,Dec-16,1909834,21440
(주)아이엠비씨,52220,Dec-17,143550,8480
(주)아이엠비씨,52220,Dec-18,937817,3925
(주)아이엠비씨,52220,Dec-19,1726916,57437
(주)아이엠비씨,52220,Dec-20,1118515,94961
(주)아프리카티비,67160,Dec-11,3567026,564690
(주)아프리카티비,67160,Dec-12,1019746,940021
(주)아프리카티비,67160,Dec-13,4435772,882130
(주)아프리카티비,67160,Dec-14,5561600,372454
(주)아프리카티비,67160,Dec-15,7634442,135243
(주)아프리카티비,67160,Dec-16,16020097,27920
(주)아프리카티비,67160,Dec-17,18322967,0
(주)아프리카티비,67160,Dec-18,27123250,7393
(주)아프리카티비,67160,Dec-19,36725813,415118
(주)아프리카티비,67160,Dec-20,50413528,506590
(주)안랩,53800,Dec-11,7983693,0
(주)안랩,53800,Dec-12,12828939,1504
(주)안랩,53800,Dec-13,3943941,0
(주)안랩,53800,Dec-14,9019567,0
(주)안랩,53800,Dec-15,11961814,0
(주)안랩,53800,Dec-16,15243902,0
(주)안랩,53800,Dec-17,16742127,0
(주)안랩,53800,Dec-18,17701123,0
(주)안랩,53800,Dec-19,18423513,10908
(주)안랩,53800,Dec-20,19977449,32713
(주)안트로젠,65660,Dec-14,-1585661,0
(주)안트로젠,65660,Dec-15,-120728,0
(주)안트로젠,65660,Dec-16,120715,0
(주)안트로젠,65660,Dec-17,195957,61047
(주)안트로젠,65660,Dec-18,-2443212,1599365
(주)안트로젠,65660,Dec-19,-2907881,1092986
(주)안트로젠,65660,Dec-20,-3713709,315429
(주)액션스퀘어,205500,Dec-14,,
(주)액션스퀘어,205500,Dec-15,-2476847,45301
(주)액션스퀘어,205500,Dec-16,-11423453,40128
(주)액션스퀘어,205500,Dec-17,-10796217,0
(주)액션스퀘어,205500,Dec-18,-10852419,0
(주)액션스퀘어,205500,Dec-19,-8228878,120985
(주)액션스퀘어,205500,Dec-20,-1851301,45437
(주)액토즈소프트,52790,Dec-11,16089503,0
(주)액토즈소프트,52790,Dec-12,14818596,876822
(주)액토즈소프트,52790,Dec-13,23199605,1129929
(주)액토즈소프트,52790,Dec-14,-13368056,116683
(주)액토즈소프트,52790,Dec-15,5082913,193
(주)액토즈소프트,52790,Dec-16,10882396,103234
(주)액토즈소프트,52790,Dec-17,6643079,249772
(주)액토즈소프트,52790,Dec-18,-1075482,248899
(주)액토즈소프트,52790,Dec-19,25654108,585148
(주)액토즈소프트,52790,Dec-20,17854204,468403
(주)얼라인드제네틱스,238120,Dec-15,-357402,13370
(주)얼라인드제네틱스,238120,Dec-16,-1596922,0
(주)얼라인드제네틱스,238120,Dec-17,-1541047,0
(주)얼라인드제네틱스,238120,Dec-18,-1923886,0
(주)얼라인드제네틱스,238120,Dec-19,-398924,96838
(주)얼라인드제네틱스,238120,Dec-20,-253476,82834
(주)에너토크,19990,Dec-11,3873917,41547
(주)에너토크,19990,Dec-12,4657660,84279
(주)에너토크,19990,Dec-13,3453186,70896
(주)에너토크,19990,Dec-14,3622448,73020
(주)에너토크,19990,Dec-15,2831818,5775
(주)에너토크,19990,Dec-16,2092001,0
(주)에너토크,19990,Dec-17,300591,0
(주)에너토크,19990,Dec-18,1449910,0
(주)에너토크,19990,Dec-19,220375,6631
(주)에너토크,19990,Dec-20,373055,18460
(주)에스디시스템,121890,Dec-11,-2792487,0
(주)에스디시스템,121890,Dec-12,532650,0
(주)에스디시스템,121890,Dec-13,-4453622,0
(주)에스디시스템,121890,Dec-14,2223146,5996
(주)에스디시스템,121890,Dec-15,2816491,16081
(주)에스디시스템,121890,Dec-16,-7320516,59914
(주)에스디시스템,121890,Dec-17,-7518695,120815
(주)에스디시스템,121890,Dec-18,-4614725,279781
(주)에스디시스템,121890,Dec-19,-4293482,275258
(주)에스디시스템,121890,Dec-20,-916924,186926
(주)에스비에스콘텐츠허브,46140,Dec-11,30704347,0
(주)에스비에스콘텐츠허브,46140,Dec-12,27817473,0
(주)에스비에스콘텐츠허브,46140,Dec-13,28199263,0
(주)에스비에스콘텐츠허브,46140,Dec-14,13206743,0
(주)에스비에스콘텐츠허브,46140,Dec-15,11282617,0
(주)에스비에스콘텐츠허브,46140,Dec-16,14307966,0
(주)에스비에스콘텐츠허브,46140,Dec-17,134745,0
(주)에스비에스콘텐츠허브,46140,Dec-18,3223754,0
(주)에스비에스콘텐츠허브,46140,Dec-19,1924267,7670
(주)에스비에스콘텐츠허브,46140,Dec-20,7236537,8348
(주)에스씨디,42110,Dec-11,654158,509653
(주)에스씨디,42110,Dec-12,1517352,84204
(주)에스씨디,42110,Dec-13,6180471,23880
(주)에스씨디,42110,Dec-14,9632770,0
(주)에스씨디,42110,Dec-15,11288504,40973
(주)에스씨디,42110,Dec-16,9765189,55752
(주)에스씨디,42110,Dec-17,7676352,51735
(주)에스씨디,42110,Dec-18,4937507,60763
(주)에스씨디,42110,Dec-19,3477841,41743
(주)에스씨디,42110,Dec-20,5214626,8927
(주)에스앤더블류,103230,Dec-11,1105655,1141767
(주)에스앤더블류,103230,Dec-12,510059,1158941
(주)에스앤더블류,103230,Dec-13,-769687,473981
(주)에스앤더블류,103230,Dec-14,72465,87816
(주)에스앤더블류,103230,Dec-15,104946,43295
(주)에스앤더블류,103230,Dec-16,-2065391,0
(주)에스앤더블류,103230,Dec-17,-4625048,0
(주)에스앤더블류,103230,Dec-18,-8324956,0
(주)에스앤더블류,103230,Dec-19,-2208123,19285
(주)에스앤더블류,103230,Dec-20,-858249,22526
(주)에스에스컴텍,36500,Dec-11,9008782,4079630
(주)에스에스컴텍,36500,Dec-12,10527571,3681027
(주)에스에스컴텍,36500,Dec-13,7582225,3808134
(주)에스에스컴텍,36500,Dec-14,-776771,3830823
(주)에스에스컴텍,36500,Dec-15,-5114326,2308876
(주)에스에스컴텍,36500,Dec-16,-13212371,0
(주)에스에프에이,56190,Dec-11,108491971,141089
(주)에스에프에이,56190,Dec-12,70027978,47045
(주)에스에프에이,56190,Dec-13,64585752,0
(주)에스에프에이,56190,Dec-14,45749802,85583
(주)에스에프에이,56190,Dec-15,58009392,306455
(주)에스에프에이,56190,Dec-16,120809125,10943309
(주)에스에프에이,56190,Dec-17,236087843,11061609
(주)에스에프에이,56190,Dec-18,234357264,10263473
(주)에스에프에이,56190,Dec-19,214205322,9937468
(주)에스에프에이,56190,Dec-20,167333325,9216359
(주)에이스침대,3800,Dec-11,42751075,0
(주)에이스침대,3800,Dec-12,37184352,0
(주)에이스침대,3800,Dec-13,29183079,0
(주)에이스침대,3800,Dec-14,27231747,0
(주)에이스침대,3800,Dec-15,34367891,0
(주)에이스침대,3800,Dec-16,35793776,0
(주)에이스침대,3800,Dec-17,31438354,0
(주)에이스침대,3800,Dec-18,40257678,0
(주)에이스침대,3800,Dec-19,49912426,402195
(주)에이스침대,3800,Dec-20,49322757,383052
(주)에이치엘사이언스,239610,Dec-13,1836857,21000
(주)에이치엘사이언스,239610,Dec-14,2640511,70794
(주)에이치엘사이언스,239610,Dec-15,2975679,8780
(주)에이치엘사이언스,239610,Dec-16,6834131,11
(주)에이치엘사이언스,239610,Dec-17,5332778,0
(주)에이치엘사이언스,239610,Dec-18,12248794,0
(주)에이치엘사이언스,239610,Dec-19,23683938,3783
(주)에이치엘사이언스,239610,Dec-20,23629399,1971
(주)에이텍티앤,224110,Dec-15,974347,4
(주)에이텍티앤,224110,Dec-16,718009,0
(주)에이텍티앤,224110,Dec-17,3706055,49455
(주)에이텍티앤,224110,Dec-18,7800341,347614
(주)에이텍티앤,224110,Dec-19,5153387,204164
(주)에이텍티앤,224110,Dec-20,4747070,216496
(주)에코마케팅,230360,Dec-13,4677739,0
(주)에코마케팅,230360,Dec-14,7338271,10
(주)에코마케팅,230360,Dec-15,10216670,0
(주)에코마케팅,230360,Dec-16,6829861,0
(주)에코마케팅,230360,Dec-17,7886231,0
(주)에코마케팅,230360,Dec-18,16864197,2
(주)에코마케팅,230360,Dec-19,37837722,37282
(주)에코마케팅,230360,Dec-20,58860908,53370
(주)에프알텍,73540,Dec-11,-1668104,0
(주)에프알텍,73540,Dec-12,10332164,0
(주)에프알텍,73540,Dec-13,9287754,4901
(주)에프알텍,73540,Dec-14,2274811,27040
(주)에프알텍,73540,Dec-15,-458688,15799
(주)에프알텍,73540,Dec-16,-5082182,65295
(주)에프알텍,73540,Dec-17,-5821635,308249
(주)에프알텍,73540,Dec-18,-2923569,417293
(주)에프알텍,73540,Dec-19,-1151108,479799
(주)에프알텍,73540,Dec-20,-1267978,282717
(주)에피밸리,68630,Dec-11,-26875879,0
(주)엔에이치엔벅스,104200,Dec-11,1773829,297241
(주)엔에이치엔벅스,104200,Dec-12,-3674693,6959
(주)엔에이치엔벅스,104200,Dec-13,3852652,84609
(주)엔에이치엔벅스,104200,Dec-14,9216946,52744
(주)엔에이치엔벅스,104200,Dec-15,7148659,12349
(주)엔에이치엔벅스,104200,Dec-16,-4154115,0
(주)엔에이치엔벅스,104200,Dec-17,-5964434,0
(주)엔에이치엔벅스,104200,Dec-18,5942234,0
(주)엔에이치엔벅스,104200,Dec-19,7026142,65481
(주)엔에이치엔벅스,104200,Dec-20,1462570,69417
(주)엔이능률,53290,Dec-11,4538544,0
(주)엔이능률,53290,Dec-12,1695299,491
(주)엔이능률,53290,Dec-13,6422396,0
(주)엔이능률,53290,Dec-14,8516430,0
(주)엔이능률,53290,Dec-15,9234805,0
(주)엔이능률,53290,Dec-16,7673050,0
(주)엔이능률,53290,Dec-17,2693662,0
(주)엔이능률,53290,Dec-18,-2218942,298711
(주)엔이능률,53290,Dec-19,2940371,343403
(주)엔이능률,53290,Dec-20,2537197,182248
(주)엔케이맥스,182400,Dec-12,446669,73983
(주)엔케이맥스,182400,Dec-13,-2814909,305584
(주)엔케이맥스,182400,Dec-14,-5066416,109005
(주)엔케이맥스,182400,Dec-15,-6377731,47204
(주)엔케이맥스,182400,Dec-16,-7910436,40248
(주)엔케이맥스,182400,Dec-17,-15980480,0
(주)엔케이맥스,182400,Dec-18,-14433628,10823
(주)엔케이맥스,182400,Dec-19,-24085960,153510
(주)엔케이맥스,182400,Dec-20,-41196828,337038
(주)엔텔스,69410,Dec-11,6748496,84077
(주)엔텔스,69410,Dec-12,7093157,0
(주)엔텔스,69410,Dec-13,7601264,0
(주)엔텔스,69410,Dec-14,3978867,17268
(주)엔텔스,69410,Dec-15,-3503243,0
(주)엔텔스,69410,Dec-16,255834,0
(주)엔텔스,69410,Dec-17,-1765585,0
(주)엔텔스,69410,Dec-18,1694294,0
(주)엔텔스,69410,Dec-19,2783299,11552
(주)엔텔스,69410,Dec-20,4272903,15698
(주)엘디티,96870,Dec-11,2970343,0
(주)엘디티,96870,Dec-12,806558,0
(주)엘디티,96870,Dec-13,-3101706,0
(주)엘디티,96870,Dec-14,-3409290,0
(주)엘디티,96870,Dec-15,240850,0
(주)엘디티,96870,Dec-16,-1449436,0
(주)엘디티,96870,Dec-17,-989016,0
(주)엘디티,96870,Dec-18,270171,0
(주)엘디티,96870,Dec-19,-1334886,62
(주)엘디티,96870,Dec-20,1553260,544
(주)엘엑스세미콘,108320,Dec-11,24823199,561
(주)엘엑스세미콘,108320,Dec-12,43554849,0
(주)엘엑스세미콘,108320,Dec-13,33239538,0
(주)엘엑스세미콘,108320,Dec-14,35687872,0
(주)엘엑스세미콘,108320,Dec-15,55883068,0
(주)엘엑스세미콘,108320,Dec-16,50617456,0
(주)엘엑스세미콘,108320,Dec-17,45521509,0
(주)엘엑스세미콘,108320,Dec-18,55797059,0
(주)엘엑스세미콘,108320,Dec-19,47254628,251687
(주)엘엑스세미콘,108320,Dec-20,94226639,216066
(주)엘오티베큠,83310,Dec-11,4721623,8188
(주)엘오티베큠,83310,Dec-12,4937143,2665
(주)엘오티베큠,83310,Dec-13,3641745,9158
(주)엘오티베큠,83310,Dec-14,5699051,0
(주)엘오티베큠,83310,Dec-15,10278633,0
(주)엘오티베큠,83310,Dec-16,8579382,8450
(주)엘오티베큠,83310,Dec-17,27651455,375755
(주)엘오티베큠,83310,Dec-18,18952177,30303
(주)엘오티베큠,83310,Dec-19,-1029203,551358
(주)엘오티베큠,83310,Dec-20,4160560,1108687
(주)엠투아이코퍼레이션,347890,Dec-11,2646684,0
(주)엠투아이코퍼레이션,347890,Dec-12,2859110,0
(주)엠투아이코퍼레이션,347890,Dec-13,2969422,0
(주)엠투아이코퍼레이션,347890,Dec-14,2861657,0
(주)엠투아이코퍼레이션,347890,Dec-15,3143151,0
(주)엠투아이코퍼레이션,347890,Dec-16,3098714,0
(주)엠투아이코퍼레이션,347890,Dec-17,6073070,0
(주)엠투아이코퍼레이션,347890,Dec-18,5187737,0
(주)엠투아이코퍼레이션,347890,Dec-19,6669529,0
(주)엠투아이코퍼레이션,347890,Dec-20,10825034,0
(주)오리콤,10470,Dec-11,8632183,8000
(주)오리콤,10470,Dec-12,7832603,2000
(주)오리콤,10470,Dec-13,3995356,0
(주)오리콤,10470,Dec-14,3188981,0
(주)오리콤,10470,Dec-15,2978608,0
(주)오리콤,10470,Dec-16,6153856,0
(주)오리콤,10470,Dec-17,6435322,0
(주)오리콤,10470,Dec-18,10734188,0
(주)오리콤,10470,Dec-19,7955798,90000
(주)오리콤,10470,Dec-20,1032713,27000
(주)옵투스제약,131030,Dec-11,,
(주)옵투스제약,131030,Dec-12,,
(주)옵투스제약,131030,Dec-13,6791862,599603
(주)옵투스제약,131030,Dec-14,9138495,188037
(주)옵투스제약,131030,Dec-15,10318708,61943
(주)옵투스제약,131030,Dec-16,11380746,48849
(주)옵투스제약,131030,Dec-17,12615805,48157
(주)옵투스제약,131030,Dec-18,10715330,0
(주)옵투스제약,131030,Dec-19,15188582,3949
(주)옵투스제약,131030,Dec-20,15507639,17606
(주)와이즈파워,40670,Dec-11,-3561637,0
(주)와이즈파워,40670,Dec-12,-14387100,0
(주)와이즈파워,40670,Dec-13,-3988139,1117094
(주)와이즈파워,40670,Dec-14,-145242,1236957
(주)와이지-원,19210,Dec-11,44063871,0
(주)와이지-원,19210,Dec-12,35527654,19569646
(주)와이지-원,19210,Dec-13,22365509,18627718
(주)와이지-원,19210,Dec-14,31710774,16943591
(주)와이지-원,19210,Dec-15,39378654,13288490
(주)와이지-원,19210,Dec-16,41758471,11556021
(주)와이지-원,19210,Dec-17,59328729,12583501
(주)와이지-원,19210,Dec-18,45703193,14736295
(주)와이지-원,19210,Dec-19,13166691,16473810
(주)와이지-원,19210,Dec-20,-15829096,13103547
(주)와이지엔터테인먼트,122870,Dec-11,17756089,0
(주)와이지엔터테인먼트,122870,Dec-12,21465923,0
(주)와이지엔터테인먼트,122870,Dec-13,22161534,0
(주)와이지엔터테인먼트,122870,Dec-14,21905156,292756
(주)와이지엔터테인먼트,122870,Dec-15,21811699,1383434
(주)와이지엔터테인먼트,122870,Dec-16,31919019,1492031
(주)와이지엔터테인먼트,122870,Dec-17,24157603,1729148
(주)와이지엔터테인먼트,122870,Dec-18,9597333,2090058
(주)와이지엔터테인먼트,122870,Dec-19,883957,2128012
(주)와이지엔터테인먼트,122870,Dec-20,5993838,701364
(주)우전,52270,Dec-11,33550352,0
(주)우전,52270,Dec-12,22533834,3320143
(주)우전,52270,Dec-13,20899284,4027544
(주)우전,52270,Dec-14,-48885134,6070800
(주)우전,52270,Dec-15,-48682164,17651078
(주)우전,52270,Dec-16,-37811078,5883912
(주)원익피앤이,131390,Dec-11,6382797,354124
(주)원익피앤이,131390,Dec-12,5003397,45261
(주)원익피앤이,131390,Dec-13,870082,25890
(주)원익피앤이,131390,Dec-14,-1330260,152
(주)원익피앤이,131390,Dec-15,1951190,40
(주)원익피앤이,131390,Dec-16,3964944,0
(주)원익피앤이,131390,Dec-17,8777556,6731
(주)원익피앤이,131390,Dec-18,11750088,427989
(주)원익피앤이,131390,Dec-19,17764701,655714
(주)원익피앤이,131390,Dec-20,20622864,236172
(주)위메이드,112040,Dec-11,20432282,55611
(주)위메이드,112040,Dec-12,-1973155,68632
(주)위메이드,112040,Dec-13,12342019,38070
(주)위메이드,112040,Dec-14,-31458638,0
(주)위메이드,112040,Dec-15,-11658667,898441
(주)위메이드,112040,Dec-16,4130726,2132225
(주)위메이드,112040,Dec-17,5975220,2493873
(주)위메이드,112040,Dec-18,-36162085,1797155
(주)위메이드,112040,Dec-19,-9330257,775781
(주)위메이드,112040,Dec-20,-12838601,865866
(주)위메이드맥스,101730,Dec-11,3937903,51444
(주)위메이드맥스,101730,Dec-12,-1621833,68291
(주)위메이드맥스,101730,Dec-13,18103737,38100
(주)위메이드맥스,101730,Dec-14,-4712556,0
(주)위메이드맥스,101730,Dec-15,-7888979,897907
(주)위메이드맥스,101730,Dec-16,-4050354,2068070
(주)위메이드맥스,101730,Dec-17,-8332096,2493872
(주)위메이드맥스,101730,Dec-18,-13202501,1797155
(주)위메이드맥스,101730,Dec-19,-10955552,776871
(주)위메이드맥스,101730,Dec-20,-5176976,846480
(주)위메이드플레이,123420,Dec-11,,
(주)위메이드플레이,123420,Dec-12,,
(주)위메이드플레이,123420,Dec-13,17323331,267377
(주)위메이드플레이,123420,Dec-14,60991089,13116
(주)위메이드플레이,123420,Dec-15,25510448,0
(주)위메이드플레이,123420,Dec-16,17423046,0
(주)위메이드플레이,123420,Dec-17,12520686,0
(주)위메이드플레이,123420,Dec-18,8557119,0
(주)위메이드플레이,123420,Dec-19,2762398,170144
(주)위메이드플레이,123420,Dec-20,12984964,143833
(주)윈스,136540,Dec-11,7963169,190071
(주)윈스,136540,Dec-12,16202429,0
(주)윈스,136540,Dec-13,12431366,0
(주)윈스,136540,Dec-14,6268706,0
(주)윈스,136540,Dec-15,8017668,37583
(주)윈스,136540,Dec-16,8455188,411105
(주)윈스,136540,Dec-17,7460711,1010299
(주)윈스,136540,Dec-18,10922393,1389017
(주)윈스,136540,Dec-19,15393560,1325065
(주)윈스,136540,Dec-20,18725372,994452
(주)유라테크,48430,Dec-11,1538391,980387
(주)유라테크,48430,Dec-12,11148661,697958
(주)유라테크,48430,Dec-13,9495818,112394
(주)유라테크,48430,Dec-14,8463637,74860
(주)유라테크,48430,Dec-15,8247025,414000
(주)유라테크,48430,Dec-16,9002102,17014
(주)유라테크,48430,Dec-17,1372164,0
(주)유라테크,48430,Dec-18,434304,0
(주)유라테크,48430,Dec-19,2232743,3344
(주)유라테크,48430,Dec-20,-2052450,150884
(주)유비케어,32620,Dec-11,3174065,13
(주)유비케어,32620,Dec-12,559920,4866
(주)유비케어,32620,Dec-13,362888,0
(주)유비케어,32620,Dec-14,4656454,0
(주)유비케어,32620,Dec-15,4533537,0
(주)유비케어,32620,Dec-16,6339603,0
(주)유비케어,32620,Dec-17,7507284,4971
(주)유비케어,32620,Dec-18,9158210,0
(주)유비케어,32620,Dec-19,12354231,20807
(주)유비케어,32620,Dec-20,13409069,59934
(주)유비쿼스,264450,Dec-17,13791450,0
(주)유비쿼스,264450,Dec-18,16690313,0
(주)유비쿼스,264450,Dec-19,12218124,43961
(주)유비쿼스,264450,Dec-20,18961066,35505
(주)유비쿼스홀딩스,78070,Dec-11,13455205,65491
(주)유비쿼스홀딩스,78070,Dec-12,12272973,98102
(주)유비쿼스홀딩스,78070,Dec-13,20619369,127118
(주)유비쿼스홀딩스,78070,Dec-14,21391943,58485
(주)유비쿼스홀딩스,78070,Dec-15,29506190,41340
(주)유비쿼스홀딩스,78070,Dec-16,24293236,11468
(주)유비쿼스홀딩스,78070,Dec-17,1566269,0
(주)유비쿼스홀딩스,78070,Dec-18,17421754,0
(주)유비쿼스홀딩스,78070,Dec-19,13687851,6638
(주)유비쿼스홀딩스,78070,Dec-20,21631888,31586
(주)유진테크,84370,Dec-11,37788145,13070
(주)유진테크,84370,Dec-12,52816726,0
(주)유진테크,84370,Dec-13,30479188,0
(주)유진테크,84370,Dec-14,12334161,1860
(주)유진테크,84370,Dec-15,18569982,567
(주)유진테크,84370,Dec-16,36451059,0
(주)유진테크,84370,Dec-17,25725536,0
(주)유진테크,84370,Dec-18,40803249,0
(주)유진테크,84370,Dec-19,23813958,194339
(주)유진테크,84370,Dec-20,22286445,207922
(주)이글루코퍼레이션,67920,Dec-11,1871379,5052
(주)이글루코퍼레이션,67920,Dec-12,3118283,427425
(주)이글루코퍼레이션,67920,Dec-13,-732475,691286
(주)이글루코퍼레이션,67920,Dec-14,-8682838,149034
(주)이글루코퍼레이션,67920,Dec-15,-2774947,73
(주)이글루코퍼레이션,67920,Dec-16,2750677,93
(주)이글루코퍼레이션,67920,Dec-17,3103172,0
(주)이글루코퍼레이션,67920,Dec-18,2979122,0
(주)이글루코퍼레이션,67920,Dec-19,1691971,16027
(주)이글루코퍼레이션,67920,Dec-20,4887245,62573
(주)이미지스테크놀로지,115610,Dec-11,1423511,9688
(주)이미지스테크놀로지,115610,Dec-12,-683778,84708
(주)이미지스테크놀로지,115610,Dec-13,1438941,13136
(주)이미지스테크놀로지,115610,Dec-14,918630,5081
(주)이미지스테크놀로지,115610,Dec-15,762324,473
(주)이미지스테크놀로지,115610,Dec-16,621317,0
(주)이미지스테크놀로지,115610,Dec-17,-5274491,0
(주)이미지스테크놀로지,115610,Dec-18,-7407218,0
(주)이미지스테크놀로지,115610,Dec-19,-6449377,4115
(주)이미지스테크놀로지,115610,Dec-20,-3691032,8962
(주)이엘피,63760,Dec-14,1230695,112386
(주)이엘피,63760,Dec-15,3043940,160328
(주)이엘피,63760,Dec-16,11449471,157438
(주)이엘피,63760,Dec-17,18164720,42762
(주)이엘피,63760,Dec-18,15156013,0
(주)이엘피,63760,Dec-19,3109187,15747
(주)이엘피,63760,Dec-20,2727036,36239
(주)이크레더블,92130,Sep-11,6465178,0
(주)이크레더블,92130,Sep-12,6463323,0
(주)이크레더블,92130,Dec-13,7025346,0
(주)이크레더블,92130,Dec-14,7606386,0
(주)이크레더블,92130,Dec-15,9449295,0
(주)이크레더블,92130,Dec-16,12136225,0
(주)이크레더블,92130,Dec-17,13436333,0
(주)이크레더블,92130,Dec-18,15320031,0
(주)이크레더블,92130,Dec-19,16726688,8829
(주)이크레더블,92130,Dec-20,16874695,9234
(주)이퓨쳐,134060,Dec-11,-421531,28031
(주)이퓨쳐,134060,Dec-12,-133144,7
(주)이퓨쳐,134060,Dec-13,1105515,116
(주)이퓨쳐,134060,Dec-14,397613,6747
(주)이퓨쳐,134060,Dec-15,106283,0
(주)이퓨쳐,134060,Dec-16,339910,0
(주)이퓨쳐,134060,Dec-17,-218432,2
(주)이퓨쳐,134060,Dec-18,291703,2
(주)이퓨쳐,134060,Dec-19,954978,26668
(주)이퓨쳐,134060,Dec-20,953314,14300
(주)인바디,41830,Dec-11,3854169,1466
(주)인바디,41830,Dec-12,5001978,0
(주)인바디,41830,Dec-13,6500740,0
(주)인바디,41830,Dec-14,10095138,0
(주)인바디,41830,Dec-15,20007588,0
(주)인바디,41830,Dec-16,22041087,0
(주)인바디,41830,Dec-17,24900250,0
(주)인바디,41830,Dec-18,23676827,122538
(주)인바디,41830,Dec-19,27626227,140696
(주)인바디,41830,Dec-20,19096757,124473
(주)인지디스플레이,37330,Dec-11,25287302,2120670
(주)인지디스플레이,37330,Dec-12,27825384,2208868
(주)인지디스플레이,37330,Dec-13,4825131,0
(주)인지디스플레이,37330,Dec-14,10694328,0
(주)인지디스플레이,37330,Dec-15,9138974,0
(주)인지디스플레이,37330,Dec-16,10641856,1225694
(주)인지디스플레이,37330,Dec-17,2854491,1267939
(주)인지디스플레이,37330,Dec-18,22135015,1830994
(주)인지디스플레이,37330,Dec-19,23830908,3497229
(주)인지디스플레이,37330,Dec-20,34602764,4229997
(주)인터로조,119610,Dec-11,8547541,0
(주)인터로조,119610,Dec-12,9561435,200548
(주)인터로조,119610,Dec-13,10532472,339715
(주)인터로조,119610,Dec-14,8771200,313039
(주)인터로조,119610,Dec-15,16289023,268883
(주)인터로조,119610,Dec-16,23306560,151156
(주)인터로조,119610,Dec-17,24233728,71220
(주)인터로조,119610,Dec-18,17125531,83273
(주)인터로조,119610,Dec-19,22618019,840206
(주)인터로조,119610,Dec-20,15140876,693699
(주)인포바인,115310,Dec-11,10196506,0
(주)인포바인,115310,Dec-12,10498089,0
(주)인포바인,115310,Dec-13,12704877,259720
(주)인포바인,115310,Dec-14,13167191,683361
(주)인포바인,115310,Dec-15,11121886,81103
(주)인포바인,115310,Dec-16,12496330,6438
(주)인포바인,115310,Dec-17,12535249,5698
(주)인포바인,115310,Dec-18,11112470,305
(주)인포바인,115310,Dec-19,9516147,25532
(주)인포바인,115310,Dec-20,8094824,77086
(주)일신바이오베이스,68330,Dec-11,794280,111764
(주)일신바이오베이스,68330,Dec-12,1968696,144355
(주)일신바이오베이스,68330,Dec-13,1118870,86966
(주)일신바이오베이스,68330,Dec-14,2074606,27687
(주)일신바이오베이스,68330,Dec-15,2637942,21378
(주)일신바이오베이스,68330,Dec-16,3008844,4312
(주)일신바이오베이스,68330,Dec-17,2341409,0
(주)일신바이오베이스,68330,Dec-18,3036924,0
(주)일신바이오베이스,68330,Dec-19,5214863,0
(주)일신바이오베이스,68330,Dec-20,5610282,0
(주)정상제이엘에스,40420,Dec-11,14721784,5
(주)정상제이엘에스,40420,Dec-12,10436744,711
(주)정상제이엘에스,40420,Dec-13,7983832,0
(주)정상제이엘에스,40420,Dec-14,7207954,0
(주)정상제이엘에스,40420,Dec-15,6875719,0
(주)정상제이엘에스,40420,Dec-16,8678730,134310
(주)정상제이엘에스,40420,Dec-17,10339772,190867
(주)정상제이엘에스,40420,Dec-18,10887968,202751
(주)정상제이엘에스,40420,Dec-19,13395135,472002
(주)정상제이엘에스,40420,Dec-20,8774891,813729
(주)제노포커스,187420,Dec-13,243574,100242
(주)제노포커스,187420,Dec-14,1391659,153515
(주)제노포커스,187420,Dec-15,1098014,18510
(주)제노포커스,187420,Dec-16,1325988,0
(주)제노포커스,187420,Dec-17,1192095,103198
(주)제노포커스,187420,Dec-18,-1213556,41271
(주)제노포커스,187420,Dec-19,-2877734,249068
(주)제노포커스,187420,Dec-20,-4698150,2091147
(주)제이와이피엔터테인먼트,35900,Jun-11,452736,176314
(주)제이와이피엔터테인먼트,35900,Dec-12,-6527263,108552
(주)제이와이피엔터테인먼트,35900,Dec-13,-2553317,578610
(주)제이와이피엔터테인먼트,35900,Dec-14,8256638,535759
(주)제이와이피엔터테인먼트,35900,Dec-15,4198535,595163
(주)제이와이피엔터테인먼트,35900,Dec-16,13811808,0
(주)제이와이피엔터테인먼트,35900,Dec-17,19462607,0
(주)제이와이피엔터테인먼트,35900,Dec-18,28748634,0
(주)제이와이피엔터테인먼트,35900,Dec-19,43458525,49145
(주)제이와이피엔터테인먼트,35900,Dec-20,44136483,93526
(주)제이웨이,58420,Dec-11,-2807864,125261
(주)제이웨이,58420,Dec-12,-1608659,96902
(주)제이웨이,58420,Dec-13,-1726344,95655
(주)제이웨이,58420,Dec-14,-2273982,63585
(주)제이웨이,58420,Dec-15,537355,0
(주)제이웨이,58420,Dec-16,-1047983,0
(주)제이웨이,58420,Dec-17,-2449985,365
(주)제이웨이,58420,Dec-18,-1450828,468715
(주)제이웨이,58420,Dec-19,-1247159,302277
(주)제이웨이,58420,Dec-20,-7611689,231865
(주)제테마,216080,Dec-17,-3351912,647363
(주)제테마,216080,Dec-18,-4550887,1296460
(주)제테마,216080,Dec-19,-10734910,0
(주)제테마,216080,Dec-20,-5586924,616734
(주)젬백스&카엘,82270,Dec-11,-8123968,0
(주)젬백스&카엘,82270,Dec-12,-5353654,0
(주)젬백스&카엘,82270,Dec-13,-10574251,6806865
(주)젬백스&카엘,82270,Dec-14,-5555648,4285616
(주)젬백스&카엘,82270,Dec-15,-2760703,4127730
(주)젬백스&카엘,82270,Dec-16,-17616739,6037579
(주)젬백스&카엘,82270,Dec-17,-1414646,5260865
(주)젬백스&카엘,82270,Dec-18,-662609,6727876
(주)젬백스&카엘,82270,Dec-19,-8397520,4754535
(주)젬백스&카엘,82270,Dec-20,1437671,1229680
(주)조이시티,67000,Dec-11,6343089,238518
(주)조이시티,67000,Dec-12,8201665,88382
(주)조이시티,67000,Dec-13,-971036,18342
(주)조이시티,67000,Dec-14,5561923,0
(주)조이시티,67000,Dec-15,8294482,19
(주)조이시티,67000,Dec-16,3072210,4779
(주)조이시티,67000,Dec-17,-2745083,11015
(주)조이시티,67000,Dec-18,-5446744,8850
(주)조이시티,67000,Dec-19,8547463,169777
(주)조이시티,67000,Dec-20,20473154,253271
(주)중앙백신연구소,72020,Dec-11,2772865,12643
(주)중앙백신연구소,72020,Dec-12,4422145,33104
(주)중앙백신연구소,72020,Dec-13,5099341,87705
(주)중앙백신연구소,72020,Dec-14,5537451,198594
(주)중앙백신연구소,72020,Dec-15,3633118,0
(주)중앙백신연구소,72020,Dec-16,6987276,54590
(주)중앙백신연구소,72020,Dec-17,5546811,61056
(주)중앙백신연구소,72020,Dec-18,3504614,201458
(주)중앙백신연구소,72020,Dec-19,2712903,130861
(주)중앙백신연구소,72020,Dec-20,4030950,94052
(주)지노믹트리,228760,Dec-14,-345547,46136
(주)지노믹트리,228760,Dec-15,-766237,34020
(주)지노믹트리,228760,Dec-16,-1294776,16844
(주)지노믹트리,228760,Dec-17,-2006359,16423
(주)지노믹트리,228760,Dec-18,-2573756,107
(주)지노믹트리,228760,Dec-19,-10308127,0
(주)지노믹트리,228760,Dec-20,-12408515,1668398
(주)지씨셀,144510,Dec-14,2961720,0
(주)지씨셀,144510,Dec-15,3219922,0
(주)지씨셀,144510,Dec-16,1998089,0
(주)지씨셀,144510,Dec-17,1650256,0
(주)지씨셀,144510,Dec-18,435054,0
(주)지씨셀,144510,Dec-19,-3254149,245770
(주)지씨셀,144510,Dec-20,6432539,247225
(주)지앤에스티,36920,Dec-11,-1696856,177230
(주)지앤에스티,36920,Dec-12,432399,0
(주)진바이오텍,86060,Dec-11,1286376,0
(주)진바이오텍,86060,Dec-12,1276101,0
(주)진바이오텍,86060,Dec-13,165048,1134207
(주)진바이오텍,86060,Dec-14,1010943,912280
(주)진바이오텍,86060,Dec-15,1066768,794474
(주)진바이오텍,86060,Dec-16,3445108,357051
(주)진바이오텍,86060,Dec-17,2312141,306487
(주)진바이오텍,86060,Dec-18,6270669,797891
(주)진바이오텍,86060,Dec-19,841408,837318
(주)진바이오텍,86060,Dec-20,1658287,537298
(주)칩스앤미디어,94360,Dec-11,1563558,433540
(주)칩스앤미디어,94360,Dec-12,877059,203163
(주)칩스앤미디어,94360,Dec-13,1272818,143158
(주)칩스앤미디어,94360,Dec-14,2029694,106027
(주)칩스앤미디어,94360,Dec-15,2347561,18992
(주)칩스앤미디어,94360,Dec-16,2807134,0
(주)칩스앤미디어,94360,Dec-17,-1512790,0
(주)칩스앤미디어,94360,Dec-18,2022901,0
(주)칩스앤미디어,94360,Dec-19,3594632,0
(주)칩스앤미디어,94360,Dec-20,2380814,63296
(주)컴투스,78340,Dec-11,3125552,0
(주)컴투스,78340,Dec-12,16062637,10369
(주)컴투스,78340,Dec-13,7732743,37469
(주)컴투스,78340,Dec-14,101210450,35755
(주)컴투스,78340,Dec-15,165925917,31801
(주)컴투스,78340,Dec-16,191976468,29592
(주)컴투스,78340,Dec-17,194647099,23117
(주)컴투스,78340,Dec-18,146639198,23938
(주)컴투스,78340,Dec-19,125954720,286726
(주)컴투스,78340,Dec-20,114117330,335825
(주)케어젠,214370,Dec-11,6396227,2031
(주)케어젠,214370,Dec-12,9028434,35420
(주)케어젠,214370,Dec-13,8734276,33
(주)케어젠,214370,Dec-14,15954595,0
(주)케어젠,214370,Dec-15,13830253,0
(주)케어젠,214370,Dec-16,10691315,0
(주)케어젠,214370,Dec-17,21938370,0
(주)케어젠,214370,Dec-18,19743761,0
(주)케어젠,214370,Dec-19,35375014,0
(주)케어젠,214370,Dec-20,31977803,4441
(주)케이씨에스,115500,Dec-11,802823,0
(주)케이씨에스,115500,Dec-12,2752354,10803
(주)케이씨에스,115500,Dec-13,1965478,0
(주)케이씨에스,115500,Dec-14,2706134,0
(주)케이씨에스,115500,Dec-15,1014852,0
(주)케이씨에스,115500,Dec-16,1129363,0
(주)케이씨에스,115500,Dec-17,1180997,0
(주)케이씨에스,115500,Dec-18,3165889,0
(주)케이씨에스,115500,Dec-19,3432710,5481
(주)케이씨에스,115500,Dec-20,2457786,3152
(주)케이아이엔엑스,93320,Dec-11,4443723,0
(주)케이아이엔엑스,93320,Dec-12,5272491,0
(주)케이아이엔엑스,93320,Dec-13,5404048,87
(주)케이아이엔엑스,93320,Dec-14,6284289,4969
(주)케이아이엔엑스,93320,Dec-15,7097706,0
(주)케이아이엔엑스,93320,Dec-16,7800075,0
(주)케이아이엔엑스,93320,Dec-17,9152447,0
(주)케이아이엔엑스,93320,Dec-18,13164858,12399
(주)케이아이엔엑스,93320,Dec-19,16467445,331051
(주)케이아이엔엑스,93320,Dec-20,17782412,186873
(주)케이엔엔,58400,Dec-11,10252023,0
(주)케이엔엔,58400,Dec-12,7419274,0
(주)케이엔엔,58400,Dec-13,3454345,6665
(주)케이엔엔,58400,Dec-14,7388134,0
(주)케이엔엔,58400,Dec-15,8254363,0
(주)케이엔엔,58400,Dec-16,5935456,0
(주)케이엔엔,58400,Dec-17,8587798,0
(주)케이엔엔,58400,Dec-18,7803631,0
(주)케이엔엔,58400,Dec-19,7443644,21132
(주)케이엔엔,58400,Dec-20,6206546,20714
(주)케이지이니시스,35600,Dec-11,13161429,155252
(주)케이지이니시스,35600,Dec-12,15500568,0
(주)케이지이니시스,35600,Dec-13,36022081,2513105
(주)케이지이니시스,35600,Dec-14,39775954,3355048
(주)케이지이니시스,35600,Dec-15,20002703,2686271
(주)케이지이니시스,35600,Dec-16,29504478,2769367
(주)케이지이니시스,35600,Dec-17,54676797,2977237
(주)케이지이니시스,35600,Dec-18,60425521,2738154
(주)케이지이니시스,35600,Dec-19,86145634,10684286
(주)케이지이니시스,35600,Dec-20,98005685,8453012
(주)케이티알파,36030,Dec-11,-7141715,22703
(주)케이티알파,36030,Dec-12,-5213034,74918
(주)케이티알파,36030,Dec-13,7027474,171284
(주)케이티알파,36030,Dec-14,6915568,4882
(주)케이티알파,36030,Dec-15,5348243,0
(주)케이티알파,36030,Dec-16,6258292,0
(주)케이티알파,36030,Dec-17,5745405,10770
(주)케이티알파,36030,Dec-18,5553592,17096
(주)케이티알파,36030,Dec-19,10709042,411247
(주)케이티알파,36030,Dec-20,11811037,405511
(주)코데즈컴바인,47770,Dec-11,10330769,2762665
(주)코데즈컴바인,47770,Dec-12,-7957799,3388973
(주)코데즈컴바인,47770,Dec-13,-16881132,2917506
(주)코데즈컴바인,47770,Dec-14,-29916857,1675844
(주)코데즈컴바인,47770,Dec-15,-21268512,899973
(주)코데즈컴바인,47770,Dec-16,1323033,9587
(주)코데즈컴바인,47770,Dec-17,1811670,0
(주)코데즈컴바인,47770,Dec-18,4805817,215182
(주)코데즈컴바인,47770,Dec-19,4513675,379012
(주)코데즈컴바인,47770,Dec-20,3669089,307020
(주)코리아에스이,101670,Dec-11,3104581,78
(주)코리아에스이,101670,Dec-12,1338600,0
(주)코리아에스이,101670,Dec-13,1581955,39
(주)코리아에스이,101670,Dec-14,-303098,0
(주)코리아에스이,101670,Dec-15,865784,0
(주)코리아에스이,101670,Dec-16,930421,0
(주)코리아에스이,101670,Dec-17,-805311,18444
(주)코리아에스이,101670,Dec-18,-2931357,0
(주)코리아에스이,101670,Dec-19,-2649716,0
(주)코리아에스이,101670,Dec-20,-3492739,2149
(주)코썬바이오,204990,Dec-11,-732783,103843
(주)코썬바이오,204990,Dec-12,781741,90874
(주)코썬바이오,204990,Dec-13,2847349,76767
(주)코썬바이오,204990,Dec-14,7411475,16411
(주)코썬바이오,204990,Dec-15,9588909,0
(주)코썬바이오,204990,Dec-16,7901880,0
(주)코썬바이오,204990,Dec-17,-2294248,1592
(주)코썬바이오,204990,Dec-18,-24009266,104052
(주)코썬바이오,204990,Dec-19,-28487900,272732
(주)코아에스앤아이,52350,Dec-11,-1362953,0
(주)코엔텍,29960,Dec-11,6064620,54926
(주)코엔텍,29960,Dec-12,10337372,1749
(주)코엔텍,29960,Dec-13,8798715,0
(주)코엔텍,29960,Dec-14,10718066,0
(주)코엔텍,29960,Dec-15,9472359,10480
(주)코엔텍,29960,Dec-16,15475622,220087
(주)코엔텍,29960,Dec-17,18586515,430706
(주)코엔텍,29960,Dec-18,29310888,401003
(주)코엔텍,29960,Dec-19,28446448,374903
(주)코엔텍,29960,Dec-20,31035919,317712
(주)코텍,52330,Dec-11,20639370,176020
(주)코텍,52330,Dec-12,21401752,38646
(주)코텍,52330,Dec-13,20736416,36630
(주)코텍,52330,Dec-14,5492376,3470
(주)코텍,52330,Dec-15,26291925,0
(주)코텍,52330,Dec-16,29276826,0
(주)코텍,52330,Dec-17,33444127,0
(주)코텍,52330,Dec-18,42424699,0
(주)코텍,52330,Dec-19,33129377,0
(주)코텍,52330,Dec-20,-953699,51494
(주)큐에스아이,66310,Dec-11,4512062,14116
(주)큐에스아이,66310,Dec-12,2603027,13760
(주)큐에스아이,66310,Dec-13,3711718,11538
(주)큐에스아이,66310,Dec-14,3480038,11319
(주)큐에스아이,66310,Dec-15,1402431,8484
(주)큐에스아이,66310,Dec-16,894188,2243
(주)큐에스아이,66310,Dec-17,1067005,0
(주)큐에스아이,66310,Dec-18,-1053320,0
(주)큐에스아이,66310,Dec-19,416541,21192
(주)큐에스아이,66310,Dec-20,430912,677679
(주)키이스트,54780,Dec-11,2285348,0
(주)키이스트,54780,Dec-12,3011747,0
(주)키이스트,54780,Dec-13,-5563744,32313
(주)키이스트,54780,Dec-14,7890629,76059
(주)키이스트,54780,Dec-15,7601566,112008
(주)키이스트,54780,Dec-16,-313869,80125
(주)키이스트,54780,Dec-17,983966,68366
(주)키이스트,54780,Dec-18,-2413550,149754
(주)키이스트,54780,Dec-19,-1524810,305567
(주)키이스트,54780,Dec-20,1667576,1157719
(주)타이거일렉,219130,Dec-11,5064098,373157
(주)타이거일렉,219130,Dec-12,4254482,257509
(주)타이거일렉,219130,Dec-13,1965558,253711
(주)타이거일렉,219130,Dec-14,3497760,362157
(주)타이거일렉,219130,Dec-15,3020619,365167
(주)타이거일렉,219130,Dec-16,1139125,7936
(주)타이거일렉,219130,Dec-17,4686833,0
(주)타이거일렉,219130,Dec-18,2360780,0
(주)타이거일렉,219130,Dec-19,1460861,49183
(주)타이거일렉,219130,Dec-20,5851407,207977
(주)탑코미디어,134580,Dec-11,4386556,43027
(주)탑코미디어,134580,Dec-12,9223859,11899
(주)탑코미디어,134580,Dec-13,5262563,9437
(주)탑코미디어,134580,Dec-14,4343388,3329
(주)탑코미디어,134580,Dec-15,4612356,0
(주)탑코미디어,134580,Dec-16,-7275618,0
(주)탑코미디어,134580,Dec-17,-10845023,0
(주)탑코미디어,134580,Dec-18,1542572,0
(주)탑코미디어,134580,Dec-19,-4476578,10046
(주)탑코미디어,134580,Dec-20,-3473429,5194
(주)텔레칩스,54450,Dec-11,-4676796,0
(주)텔레칩스,54450,Dec-12,-1884436,7452
(주)텔레칩스,54450,Dec-13,-7918465,0
(주)텔레칩스,54450,Dec-14,1706650,0
(주)텔레칩스,54450,Dec-15,4568889,0
(주)텔레칩스,54450,Dec-16,6640431,0
(주)텔레칩스,54450,Dec-17,6334056,0
(주)텔레칩스,54450,Dec-18,8154892,0
(주)텔레칩스,54450,Dec-19,7646362,37664
(주)텔레칩스,54450,Dec-20,-8475004,211677
(주)투비소프트,79970,Dec-11,2094498,0
(주)투비소프트,79970,Dec-12,3081088,1560
(주)투비소프트,79970,Dec-13,3549051,224502
(주)투비소프트,79970,Dec-14,2293302,76996
(주)투비소프트,79970,Dec-15,1083906,378
(주)투비소프트,79970,Dec-16,2563644,814842
(주)투비소프트,79970,Dec-17,-10006674,1133931
(주)투비소프트,79970,Dec-18,-9419308,1948224
(주)투비소프트,79970,Dec-19,-10802300,1674558
(주)투비소프트,79970,Dec-20,-1985097,3243382
(주)티씨케이,64760,Dec-11,15948987,25265
(주)티씨케이,64760,Dec-12,7988372,0
(주)티씨케이,64760,Dec-13,3478423,0
(주)티씨케이,64760,Dec-14,7050055,0
(주)티씨케이,64760,Dec-15,16089654,0
(주)티씨케이,64760,Dec-16,27429967,0
(주)티씨케이,64760,Dec-17,47730492,0
(주)티씨케이,64760,Dec-18,59075768,0
(주)티씨케이,64760,Dec-19,59171215,11140
(주)티씨케이,64760,Dec-20,80266434,13584
(주)티엘아이,62860,Dec-11,2330987,5033372
(주)티엘아이,62860,Dec-12,11519457,2760883
(주)티엘아이,62860,Dec-13,-4970958,1736852
(주)티엘아이,62860,Dec-14,7082034,1690895
(주)티엘아이,62860,Dec-15,2869605,1761898
(주)티엘아이,62860,Dec-16,-1034265,54414
(주)티엘아이,62860,Dec-17,-3969190,0
(주)티엘아이,62860,Dec-18,-18996290,0
(주)티엘아이,62860,Dec-19,253402,7198
(주)티엘아이,62860,Dec-20,-7863322,7459
(주)파나진,46210,Dec-11,-1735483,1411595
(주)파나진,46210,Dec-12,-4259857,1542901
(주)파나진,46210,Dec-13,-3556189,1201118
(주)파나진,46210,Dec-14,-942877,1214147
(주)파나진,46210,Dec-15,157347,1271750
(주)파나진,46210,Dec-16,-748846,981713
(주)파나진,46210,Dec-17,-2646732,177607
(주)파나진,46210,Dec-18,-1340748,0
(주)파나진,46210,Dec-19,-607899,2456
(주)파나진,46210,Dec-20,5148964,2452
(주)파라다이스,34230,Dec-11,50879370,0
(주)파라다이스,34230,Dec-12,89770644,4883920
(주)파라다이스,34230,Dec-13,134446116,3431687
(주)파라다이스,34230,Dec-14,79047839,3366579
(주)파라다이스,34230,Dec-15,58321729,2993814
(주)파라다이스,34230,Dec-16,65785845,3514315
(주)파라다이스,34230,Dec-17,-29952294,25062962
(주)파라다이스,34230,Dec-18,2407782,32950821
(주)파라다이스,34230,Dec-19,51868334,52045850
(주)파라다이스,34230,Dec-20,-86150820,54604615
(주)파라텍,33540,Dec-11,7291664,390834
(주)파라텍,33540,Dec-12,764643,22512
(주)파라텍,33540,Dec-13,6045360,0
(주)파라텍,33540,Dec-14,7031927,5575
(주)파라텍,33540,Dec-15,4559019,512
(주)파라텍,33540,Dec-16,5469650,81600
(주)파라텍,33540,Dec-17,9589632,293821
(주)파라텍,33540,Dec-18,-138646,832677
(주)파라텍,33540,Dec-19,-37047419,1277425
(주)파라텍,33540,Dec-20,4026832,1049971
(주)파인디지털,38950,Dec-11,2516842,271019
(주)파인디지털,38950,Dec-12,10583878,142686
(주)파인디지털,38950,Dec-13,8033431,19175
(주)파인디지털,38950,Dec-14,7001395,0
(주)파인디지털,38950,Dec-15,-1358745,520
(주)파인디지털,38950,Dec-16,-3693758,110
(주)파인디지털,38950,Dec-17,-3679309,0
(주)파인디지털,38950,Dec-18,1428970,0
(주)파인디지털,38950,Dec-19,-216891,11602
(주)파인디지털,38950,Dec-20,3428146,57267
(주)팍스넷,38160,Dec-11,-3833118,0
(주)팍스넷,38160,Dec-12,-590437,0
(주)팍스넷,38160,Dec-13,-1319395,0
(주)팍스넷,38160,Dec-14,3441029,0
(주)팍스넷,38160,Dec-15,4638238,0
(주)팍스넷,38160,Dec-16,3872788,0
(주)팍스넷,38160,Dec-17,1271747,0
(주)팍스넷,38160,Dec-18,-35475,223648
(주)팍스넷,38160,Dec-19,-16158578,3575166
(주)팍스넷,38160,Dec-20,-8489675,6228185
(주)펩트론,87010,Dec-11,-234783,1093329
(주)펩트론,87010,Dec-12,-1322542,1299072
(주)펩트론,87010,Dec-13,-1458287,994879
(주)펩트론,87010,Dec-14,-2609255,590270
(주)펩트론,87010,Dec-15,-2850195,92284
(주)펩트론,87010,Dec-16,-3564182,68923
(주)펩트론,87010,Dec-17,-4773839,0
(주)펩트론,87010,Dec-18,-7905678,0
(주)펩트론,87010,Dec-19,-12703568,0
(주)펩트론,87010,Dec-20,-17605942,0
(주)폴라리스오피스,41020,Dec-11,651938,1277473
(주)폴라리스오피스,41020,Dec-12,8515312,1148505
(주)폴라리스오피스,41020,Dec-13,10384144,1014271
(주)폴라리스오피스,41020,Dec-14,2503810,981057
(주)폴라리스오피스,41020,Dec-15,-18167782,10759
(주)폴라리스오피스,41020,Dec-16,-24257235,0
(주)폴라리스오피스,41020,Dec-17,-14230849,0
(주)폴라리스오피스,41020,Dec-18,-516728,0
(주)폴라리스오피스,41020,Dec-19,-5948733,117954
(주)폴라리스오피스,41020,Dec-20,-7887420,437729
(주)푸드나무,290720,Dec-17,4330936,0
(주)푸드나무,290720,Dec-18,6542139,0
(주)푸드나무,290720,Dec-19,5467595,18951
(주)푸드나무,290720,Dec-20,6644522,13442
(주)피제이전자,6140,Dec-11,10696722,432579
(주)피제이전자,6140,Dec-12,11521174,332068
(주)피제이전자,6140,Dec-13,10947357,181439
(주)피제이전자,6140,Dec-14,7367314,25564
(주)피제이전자,6140,Dec-15,6994619,21774
(주)피제이전자,6140,Dec-16,7071926,0
(주)피제이전자,6140,Dec-17,7448132,0
(주)피제이전자,6140,Dec-18,6108070,0
(주)피제이전자,6140,Dec-19,5890548,138288
(주)피제이전자,6140,Dec-20,5579122,277732
(주)픽셀플러스,87600,Dec-11,10688609,208785
(주)픽셀플러스,87600,Dec-12,30828704,30677
(주)픽셀플러스,87600,Dec-13,46419383,0
(주)픽셀플러스,87600,Dec-14,21792538,0
(주)픽셀플러스,87600,Dec-15,9277432,0
(주)픽셀플러스,87600,Dec-16,-7424088,0
(주)픽셀플러스,87600,Dec-17,-10712774,0
(주)픽셀플러스,87600,Dec-18,-9428070,0
(주)픽셀플러스,87600,Dec-19,-8347275,53753
(주)픽셀플러스,87600,Dec-20,974049,69135
(주)하나기술,299030,Dec-17,5123591,340916
(주)하나기술,299030,Dec-18,5188797,595807
(주)하나기술,299030,Dec-19,5743366,329043
(주)하나기술,299030,Dec-20,-4510555,0
(주)하이로닉,149980,Dec-11,829301,14470
(주)하이로닉,149980,Dec-12,2760109,17556
(주)하이로닉,149980,Dec-13,3631909,8372
(주)하이로닉,149980,Dec-14,7649555,18192
(주)하이로닉,149980,Dec-15,2089544,25050
(주)하이로닉,149980,Dec-16,347124,0
(주)하이로닉,149980,Dec-17,1748125,64277
(주)하이로닉,149980,Dec-18,-28353,102236
(주)하이로닉,149980,Dec-19,2612626,68164
(주)하이로닉,149980,Dec-20,1235437,58949
(주)하이텍팜,106190,Dec-11,13064851,0
(주)하이텍팜,106190,Dec-12,10842076,0
(주)하이텍팜,106190,Dec-13,12281614,0
(주)하이텍팜,106190,Dec-14,7886730,14531
(주)하이텍팜,106190,Dec-15,5397823,39976
(주)하이텍팜,106190,Dec-16,5176088,32410
(주)하이텍팜,106190,Dec-17,3271141,33543
(주)하이텍팜,106190,Dec-18,2082887,39037
(주)하이텍팜,106190,Dec-19,-4524865,290180
(주)하이텍팜,106190,Dec-20,-3323862,327023
(주)하츠,66130,Dec-11,1106353,41815
(주)하츠,66130,Dec-12,-2417920,30478
(주)하츠,66130,Dec-13,-67176,7253
(주)하츠,66130,Dec-14,3746206,4016
(주)하츠,66130,Dec-15,4475704,3877
(주)하츠,66130,Dec-16,4391599,299
(주)하츠,66130,Dec-17,5247724,0
(주)하츠,66130,Dec-18,1250559,3158
(주)하츠,66130,Dec-19,2497963,16792
(주)하츠,66130,Dec-20,7938567,22521
(주)한국경제티브이,39340,Dec-11,10503448,0
(주)한국경제티브이,39340,Dec-12,6548220,49080
(주)한국경제티브이,39340,Dec-13,2148621,22114
(주)한국경제티브이,39340,Dec-14,5071507,77028
(주)한국경제티브이,39340,Dec-15,11465843,31366
(주)한국경제티브이,39340,Dec-16,14378501,0
(주)한국경제티브이,39340,Dec-17,9084331,75419
(주)한국경제티브이,39340,Dec-18,15546640,196838
(주)한국경제티브이,39340,Dec-19,13691976,268529
(주)한국경제티브이,39340,Dec-20,18182633,257273
(주)한글과컴퓨터,30520,Dec-11,22375388,843
(주)한글과컴퓨터,30520,Dec-12,24758777,0
(주)한글과컴퓨터,30520,Dec-13,25079192,76
(주)한글과컴퓨터,30520,Dec-14,27486141,0
(주)한글과컴퓨터,30520,Dec-15,27919195,0
(주)한글과컴퓨터,30520,Dec-16,29041333,3578
(주)한글과컴퓨터,30520,Dec-17,32286496,2029904
(주)한글과컴퓨터,30520,Dec-18,42481575,11759501
(주)한글과컴퓨터,30520,Dec-19,33207231,12747435
(주)한글과컴퓨터,30520,Dec-20,68214218,8874915
(주)헬릭스미스,84990,Dec-11,-3053483,972328
(주)헬릭스미스,84990,Dec-12,-1676179,140003
(주)헬릭스미스,84990,Dec-13,378665,111
(주)헬릭스미스,84990,Dec-14,246462,0
(주)헬릭스미스,84990,Dec-15,1072455,0
(주)헬릭스미스,84990,Dec-16,303380,0
(주)헬릭스미스,84990,Dec-17,-6941157,77391
(주)헬릭스미스,84990,Dec-18,-21203499,1005836
(주)헬릭스미스,84990,Dec-19,-41733789,5920962
(주)헬릭스미스,84990,Dec-20,-71100610,16504393
(주)현대공업,170030,Dec-11,3643826,241198
(주)현대공업,170030,Dec-12,9271100,175913
(주)현대공업,170030,Dec-13,15814786,59911
(주)현대공업,170030,Dec-14,16215834,0
(주)현대공업,170030,Dec-15,16028925,0
(주)현대공업,170030,Dec-16,18205664,0
(주)현대공업,170030,Dec-17,9112603,0
(주)현대공업,170030,Dec-18,-576917,0
(주)현대공업,170030,Dec-19,3354151,77820
(주)현대공업,170030,Dec-20,12650276,52849
(주)현대이지웰,90850,Dec-11,5334952,350185
(주)현대이지웰,90850,Dec-12,4411086,103675
(주)현대이지웰,90850,Dec-13,4741756,18663
(주)현대이지웰,90850,Dec-14,4935664,0
(주)현대이지웰,90850,Dec-15,4575470,0
(주)현대이지웰,90850,Dec-16,604133,5381
(주)현대이지웰,90850,Dec-17,4330782,282917
(주)현대이지웰,90850,Dec-18,7001402,639277
(주)현대이지웰,90850,Dec-19,9407463,392796
(주)현대이지웰,90850,Dec-20,13310938,349468
(주)홈센타홀딩스,60560,Dec-11,2935848,495095
(주)홈센타홀딩스,60560,Dec-12,166582,843483
(주)홈센타홀딩스,60560,Dec-13,2078907,739390
(주)홈센타홀딩스,60560,Dec-14,-2472422,0
(주)홈센타홀딩스,60560,Dec-15,2159994,285818
(주)홈센타홀딩스,60560,Dec-16,66209,887816
(주)홈센타홀딩스,60560,Dec-17,1531877,3960808
(주)홈센타홀딩스,60560,Dec-18,-4917182,4326203
(주)홈센타홀딩스,60560,Dec-19,2558151,4210300
(주)홈센타홀딩스,60560,Dec-20,6585716,4033957
(주)화신정공,126640,Dec-11,1845260,213962
(주)화신정공,126640,Dec-12,7207043,272229
(주)화신정공,126640,Dec-13,8210029,337514
(주)화신정공,126640,Dec-14,6310667,149444
(주)화신정공,126640,Dec-15,5152235,50930
(주)화신정공,126640,Dec-16,4456444,0
(주)화신정공,126640,Dec-17,2826805,85
(주)화신정공,126640,Dec-18,1530266,22767
(주)화신정공,126640,Dec-19,4004775,262289
(주)화신정공,126640,Dec-20,6606073,603082
고려신용정보(주),49720,Dec-11,2678575,12881
고려신용정보(주),49720,Dec-12,1845174,10752
고려신용정보(주),49720,Dec-13,274570,16683
고려신용정보(주),49720,Dec-14,1791490,44274
고려신용정보(주),49720,Dec-15,5140110,38032
고려신용정보(주),49720,Dec-16,5415998,62
고려신용정보(주),49720,Dec-17,4989049,0
고려신용정보(주),49720,Dec-18,7324008,0
고려신용정보(주),49720,Dec-19,8083788,133164
고려신용정보(주),49720,Dec-20,10461699,578869
나이스평가정보(주),30190,Dec-11,20997344,0
나이스평가정보(주),30190,Dec-12,19386917,747
나이스평가정보(주),30190,Dec-13,22075187,7826
나이스평가정보(주),30190,Dec-14,22815676,4095
나이스평가정보(주),30190,Dec-15,28116317,14076
나이스평가정보(주),30190,Dec-16,39206934,0
나이스평가정보(주),30190,Dec-17,42623652,0
나이스평가정보(주),30190,Dec-18,48605376,0
나이스평가정보(주),30190,Dec-19,51340883,406160
나이스평가정보(주),30190,Dec-20,62718417,467393
남화산업(주),111710,Dec-11,8659244,1071921
남화산업(주),111710,Dec-12,6667531,896647
남화산업(주),111710,Dec-13,5525886,297261
남화산업(주),111710,Dec-14,3593584,132259
남화산업(주),111710,Dec-15,4291848,84196
남화산업(주),111710,Dec-16,3305196,43421
남화산업(주),111710,Dec-17,4378393,9545
남화산업(주),111710,Dec-18,3732796,0
남화산업(주),111710,Dec-19,5545771,0
남화산업(주),111710,Dec-20,7450789,0
남화토건(주),91590,Dec-11,8684570,0
남화토건(주),91590,Dec-12,5117490,0
남화토건(주),91590,Dec-13,3105668,0
남화토건(주),91590,Dec-14,3143954,0
남화토건(주),91590,Dec-15,-1508090,0
남화토건(주),91590,Dec-16,3430927,0
남화토건(주),91590,Dec-17,5330586,0
남화토건(주),91590,Dec-18,1184315,0
남화토건(주),91590,Dec-19,1681984,0
남화토건(주),91590,Dec-20,4593398,0
대양전기공업(주),108380,Dec-11,9824749,41277
대양전기공업(주),108380,Dec-12,15429888,100396
대양전기공업(주),108380,Dec-13,17397022,2469
대양전기공업(주),108380,Dec-14,15652271,3577
대양전기공업(주),108380,Dec-15,17925202,2796
대양전기공업(주),108380,Dec-16,18314534,1598
대양전기공업(주),108380,Dec-17,14747504,409
대양전기공업(주),108380,Dec-18,9492282,0
대양전기공업(주),108380,Dec-19,14859314,22467
대양전기공업(주),108380,Dec-20,16298014,0
대주전자재료(주),78600,Dec-11,9654710,0
대주전자재료(주),78600,Dec-12,8503940,3081010
대주전자재료(주),78600,Dec-13,1378300,1771173
대주전자재료(주),78600,Dec-14,326559,1391017
대주전자재료(주),78600,Dec-15,-2323080,1286698
대주전자재료(주),78600,Dec-16,4035093,2412156
대주전자재료(주),78600,Dec-17,2977464,2519908
대주전자재료(주),78600,Dec-18,3740663,2577723
대주전자재료(주),78600,Dec-19,2663206,2569384
대주전자재료(주),78600,Dec-20,9021434,2802017
데브시스터즈(주),194480,Dec-13,24093444,387915
데브시스터즈(주),194480,Dec-14,33026444,99102
데브시스터즈(주),194480,Dec-15,-4134478,0
데브시스터즈(주),194480,Dec-16,-12120671,0
데브시스터즈(주),194480,Dec-17,-14370381,3219
데브시스터즈(주),194480,Dec-18,-12322058,5450
데브시스터즈(주),194480,Dec-19,-22185728,85075
데브시스터즈(주),194480,Dec-20,-6123222,16197
동양파일(주),228340,Dec-14,25777360,5384901
동양파일(주),228340,Dec-15,34897506,2393796
동양파일(주),228340,Dec-16,38449581,1169593
동양파일(주),228340,Dec-17,14717483,401057
동양파일(주),228340,Dec-18,-2209925,0
동양파일(주),228340,Dec-19,-5490940,2632
동양파일(주),228340,Dec-20,-4054347,2385
디엑스앤브이엑스(주),180400,Dec-13,-19501,250000
디엑스앤브이엑스(주),180400,Dec-14,362097,201647
디엑스앤브이엑스(주),180400,Dec-15,561380,0
디엑스앤브이엑스(주),180400,Dec-16,-681656,0
디엑스앤브이엑스(주),180400,Dec-17,-3249191,186621
디엑스앤브이엑스(주),180400,Dec-18,-7982438,3398314
디엑스앤브이엑스(주),180400,Dec-19,-6983561,1331823
디엑스앤브이엑스(주),180400,Dec-20,-5979079,248429
리노공업(주),58470,Dec-11,23432594,0
리노공업(주),58470,Dec-12,27739233,0
리노공업(주),58470,Dec-13,28829491,0
리노공업(주),58470,Dec-14,32718314,0
리노공업(주),58470,Dec-15,36009931,0
리노공업(주),58470,Dec-16,39316220,0
리노공업(주),58470,Dec-17,49156999,0
리노공업(주),58470,Dec-18,51196135,0
리노공업(주),58470,Dec-19,64141630,7924
리노공업(주),58470,Dec-20,77881754,6397
마이크로로봇(주),182690,Dec-11,851064,690123
마이크로로봇(주),182690,Dec-12,3903821,538589
마이크로로봇(주),182690,Dec-13,6607293,344857
마이크로로봇(주),182690,Dec-14,4780184,112010
마이크로로봇(주),182690,Dec-15,1620829,0
마이크로로봇(주),182690,Dec-16,-4305834,0
마이크로로봇(주),182690,Dec-17,-5176791,4517
마이크로로봇(주),182690,Dec-18,-6523301,551535
마이크로로봇(주),182690,Dec-19,-4184456,896255
마이크로로봇(주),182690,Dec-20,-509191,2148374
삼목에스폼(주),18310,Dec-11,4292313,841038
삼목에스폼(주),18310,Dec-12,6819122,616743
삼목에스폼(주),18310,Dec-13,25719183,1538707
삼목에스폼(주),18310,Dec-14,49814516,354053
삼목에스폼(주),18310,Dec-15,41177087,645
삼목에스폼(주),18310,Dec-16,46188432,0
삼목에스폼(주),18310,Dec-17,44254684,0
삼목에스폼(주),18310,Dec-18,43748596,0
삼목에스폼(주),18310,Dec-19,11367058,49880
삼목에스폼(주),18310,Dec-20,-12650723,48025
삼아제약(주),9300,Dec-11,7574481,561576
삼아제약(주),9300,Dec-12,9274160,516202
삼아제약(주),9300,Dec-13,6054747,390861
삼아제약(주),9300,Dec-14,5811746,69882
삼아제약(주),9300,Dec-15,6051081,3366
삼아제약(주),9300,Dec-16,9576560,515
삼아제약(주),9300,Dec-17,7610609,0
삼아제약(주),9300,Dec-18,9360979,0
삼아제약(주),9300,Dec-19,10396874,60855
삼아제약(주),9300,Dec-20,3930495,202939
삼현철강(주),17480,Dec-11,20362541,383659
삼현철강(주),17480,Dec-12,10637141,458578
삼현철강(주),17480,Dec-13,9537089,769954
삼현철강(주),17480,Dec-14,9162998,402608
삼현철강(주),17480,Dec-15,7289662,91963
삼현철강(주),17480,Dec-16,7838464,0
삼현철강(주),17480,Dec-17,9119835,0
삼현철강(주),17480,Dec-18,9028915,0
삼현철강(주),17480,Dec-19,7948388,5483
삼현철강(주),17480,Dec-20,8630241,4026
서암기계공업(주),100660,Dec-11,8108428,64200
서암기계공업(주),100660,Dec-12,6368717,43929
서암기계공업(주),100660,Dec-13,2081082,10463
서암기계공업(주),100660,Dec-14,979990,0
서암기계공업(주),100660,Dec-15,673016,0
서암기계공업(주),100660,Dec-16,38364,0
서암기계공업(주),100660,Dec-17,2315027,0
서암기계공업(주),100660,Dec-18,3071249,0
서암기계공업(주),100660,Dec-19,1505005,0
서암기계공업(주),100660,Dec-20,-451562,0
서호전기(주),65710,Dec-11,-588133,0
서호전기(주),65710,Dec-12,425318,60462
서호전기(주),65710,Dec-13,1207581,39074
서호전기(주),65710,Dec-14,2420041,37455
서호전기(주),65710,Dec-15,3347999,82672
서호전기(주),65710,Dec-16,7865944,81134
서호전기(주),65710,Dec-17,12988135,78239
서호전기(주),65710,Dec-18,6540195,139111
서호전기(주),65710,Dec-19,12245033,115707
서호전기(주),65710,Dec-20,11306246,196732
애니젠(주),196300,Dec-11,-825379,59761
애니젠(주),196300,Dec-12,-62874,88421
애니젠(주),196300,Dec-13,412368,414136
애니젠(주),196300,Dec-14,-121047,480840
애니젠(주),196300,Dec-15,-1183223,440920
애니젠(주),196300,Dec-16,-1053225,168355
애니젠(주),196300,Dec-17,273915,0
애니젠(주),196300,Dec-18,-5151124,617928
애니젠(주),196300,Dec-19,-4260151,1234413
애니젠(주),196300,Dec-20,-1046686,1425408
어보브반도체(주),102120,Dec-11,4671431,225109
어보브반도체(주),102120,Dec-12,7380185,215308
어보브반도체(주),102120,Dec-13,9321739,118669
어보브반도체(주),102120,Dec-14,7157808,82371
어보브반도체(주),102120,Dec-15,6509092,70012
어보브반도체(주),102120,Dec-16,9259423,79787
어보브반도체(주),102120,Dec-17,7541113,37730
어보브반도체(주),102120,Dec-18,7761850,0
어보브반도체(주),102120,Dec-19,13925855,28366
어보브반도체(주),102120,Dec-20,17621134,309279
에스씨아이평가정보(주),36120,Dec-11,1401289,0
에스씨아이평가정보(주),36120,Dec-12,-31767,0
에스씨아이평가정보(주),36120,Dec-13,811377,0
에스씨아이평가정보(주),36120,Dec-14,146277,0
에스씨아이평가정보(주),36120,Dec-15,976048,0
에스씨아이평가정보(주),36120,Dec-16,205057,0
에스씨아이평가정보(주),36120,Dec-17,5841,314
에스씨아이평가정보(주),36120,Dec-18,1323111,581
에스씨아이평가정보(주),36120,Dec-19,6923880,20824
에스씨아이평가정보(주),36120,Dec-20,8297354,17038
에스케이커뮤니케이션즈(주),66270,Dec-11,4395585,12233
에스케이커뮤니케이션즈(주),66270,Dec-12,-46915709,459
에스케이커뮤니케이션즈(주),66270,Dec-13,-44814992,0
에스케이커뮤니케이션즈(주),66270,Dec-14,-15973102,0
에스케이커뮤니케이션즈(주),66270,Dec-15,-8947475,0
에스텍(주),69510,Dec-11,11789554,0
에스텍(주),69510,Dec-12,9651881,159081
에스텍(주),69510,Dec-13,12912883,180098
에스텍(주),69510,Dec-14,17915962,299303
에스텍(주),69510,Dec-15,15898296,388153
에스텍(주),69510,Dec-16,17237111,295292
에스텍(주),69510,Dec-17,16016577,290832
에스텍(주),69510,Dec-18,18030194,425415
에스텍(주),69510,Dec-19,17480872,351922
에스텍(주),69510,Dec-20,13323896,198462
에스티팜(주),237690,Dec-11,8462770,4059297
에스티팜(주),237690,Dec-12,10195296,3964617
에스티팜(주),237690,Dec-13,10857388,3983334
에스티팜(주),237690,Dec-14,9729024,3907781
에스티팜(주),237690,Dec-15,34471599,4410965
에스티팜(주),237690,Dec-16,77583474,1244573
에스티팜(주),237690,Dec-17,61834151,63606
에스티팜(주),237690,Dec-18,-15646303,0
에스티팜(주),237690,Dec-19,-26703332,78870
에스티팜(주),237690,Dec-20,-18816957,644583
에이피티씨(주),89970,Dec-11,-1003645,310980
에이피티씨(주),89970,Dec-12,-1275734,324380
에이피티씨(주),89970,Dec-13,-5225696,310892
에이피티씨(주),89970,Dec-14,-4311418,282659
에이피티씨(주),89970,Dec-17,12690445,14594
에이피티씨(주),89970,Dec-18,21069166,0
에이피티씨(주),89970,Dec-19,16122699,22182
에이피티씨(주),89970,Dec-20,29621978,16807
엑스큐어(주),70300,Dec-11,5033979,28058
엑스큐어(주),70300,Dec-12,-1912161,14010
엑스큐어(주),70300,Dec-13,1314207,1721
엑스큐어(주),70300,Dec-14,-3977511,2969
엑스큐어(주),70300,Dec-15,522571,0
엑스큐어(주),70300,Dec-16,-3099144,28872
엑스큐어(주),70300,Dec-17,-1873057,8914
엑스큐어(주),70300,Dec-18,-1490364,0
엑스큐어(주),70300,Dec-19,484065,15290
엑스큐어(주),70300,Dec-20,-541946,111492
영풍정밀(주),36560,Dec-11,20460950,37513
영풍정밀(주),36560,Dec-12,13316186,36923
영풍정밀(주),36560,Dec-13,9410191,33655
영풍정밀(주),36560,Dec-14,9980917,32065
영풍정밀(주),36560,Dec-15,6537147,103343
영풍정밀(주),36560,Dec-16,4429675,2684
영풍정밀(주),36560,Dec-17,7471788,0
영풍정밀(주),36560,Dec-18,9110042,0
영풍정밀(주),36560,Dec-19,10110293,13058
영풍정밀(주),36560,Dec-20,10335418,9159
와이더블유(주),51390,Dec-11,3568397,0
와이더블유(주),51390,Dec-12,1661830,41100
와이더블유(주),51390,Dec-13,2198996,347086
와이더블유(주),51390,Dec-14,869100,331643
와이더블유(주),51390,Dec-15,1569874,492904
와이더블유(주),51390,Dec-16,3968462,550988
와이더블유(주),51390,Dec-17,4209073,558296
와이더블유(주),51390,Dec-18,3275619,1432810
와이더블유(주),51390,Dec-19,2753403,1752328
와이더블유(주),51390,Dec-20,3626743,1868704
와토스코리아(주),79000,Dec-11,3633394,0
와토스코리아(주),79000,Dec-12,2941694,0
와토스코리아(주),79000,Dec-13,2579473,0
와토스코리아(주),79000,Dec-14,3862879,0
와토스코리아(주),79000,Dec-15,4245911,0
와토스코리아(주),79000,Dec-16,2558197,0
와토스코리아(주),79000,Dec-17,3537753,0
와토스코리아(주),79000,Dec-18,2006407,0
와토스코리아(주),79000,Dec-19,505797,32117
와토스코리아(주),79000,Dec-20,156507,19928
웨이포트유한공사,900130,Dec-11,2737826,2567527
웨이포트유한공사,900130,Dec-12,-7239812,0
웨이포트유한공사,900130,Dec-13,-7332495,3751966
웨이포트유한공사,900130,Dec-14,-9616356,3795174
웨이포트유한공사,900130,Dec-15,-1018239,3983107
웨이포트유한공사,900130,Dec-16,-4120374,3912490
위즈코프(주),38620,Dec-11,-1071134,0
위즈코프(주),38620,Dec-12,-856687,0
위즈코프(주),38620,Dec-13,-219382,200978
위즈코프(주),38620,Dec-14,466698,476604
위즈코프(주),38620,Dec-15,290169,23004
위즈코프(주),38620,Dec-16,1067923,0
위즈코프(주),38620,Dec-17,922851,134485
위즈코프(주),38620,Dec-18,763191,133535
위즈코프(주),38620,Dec-19,1039680,94886
위즈코프(주),38620,Dec-20,307775,181832
유아이엘(주),49520,Dec-11,-2190203,186075
유아이엘(주),49520,Dec-12,7855257,91720
유아이엘(주),49520,Dec-13,19419325,264055
유아이엘(주),49520,Dec-14,27035662,1181512
유아이엘(주),49520,Dec-15,24069835,1145329
유아이엘(주),49520,Dec-16,20066496,902448
유아이엘(주),49520,Dec-17,24336006,0
유아이엘(주),49520,Dec-18,8371817,0
유아이엘(주),49520,Dec-19,8864171,33587
유아이엘(주),49520,Dec-20,-12718504,96494
이원컴포텍(주),88290,Dec-11,551908,0
이원컴포텍(주),88290,Dec-12,-56561,80517
이원컴포텍(주),88290,Dec-13,-3153496,53116
이원컴포텍(주),88290,Dec-14,-677545,181769
이원컴포텍(주),88290,Dec-15,-1214061,210433
이원컴포텍(주),88290,Dec-16,-4482840,326565
이원컴포텍(주),88290,Dec-17,-2214309,302093
이원컴포텍(주),88290,Dec-18,601722,349915
이원컴포텍(주),88290,Dec-19,1356893,366315
이원컴포텍(주),88290,Dec-20,-5152913,1285255
이트론(주),96040,Dec-11,-6652535,230885
이트론(주),96040,Dec-12,-3706638,2419
이트론(주),96040,Dec-13,1664805,809133
이트론(주),96040,Dec-14,136974,517887
이트론(주),96040,Dec-15,-5112028,297508
이트론(주),96040,Dec-16,-4000440,141984
이트론(주),96040,Dec-17,214267,0
이트론(주),96040,Dec-18,-4433248,0
이트론(주),96040,Dec-19,-2335622,372021
이트론(주),96040,Dec-20,450162,3645671
인포뱅크(주),39290,Dec-11,-855641,0
인포뱅크(주),39290,Dec-12,1022194,0
인포뱅크(주),39290,Dec-13,-4168744,0
인포뱅크(주),39290,Dec-14,-2893853,32127
인포뱅크(주),39290,Dec-15,669178,27549
인포뱅크(주),39290,Dec-16,561469,11537
인포뱅크(주),39290,Dec-17,2539518,7809
인포뱅크(주),39290,Dec-18,2380163,8944
인포뱅크(주),39290,Dec-19,794191,20627
인포뱅크(주),39290,Dec-20,594973,14080
자이글(주),234920,Dec-13,7162723,18622
자이글(주),234920,Dec-14,11407298,7715
자이글(주),234920,Dec-15,16692923,10608
자이글(주),234920,Dec-16,13100447,0
자이글(주),234920,Dec-17,5951009,0
자이글(주),234920,Dec-18,-6410640,454959
자이글(주),234920,Dec-19,-15558171,679172
자이글(주),234920,Dec-20,1260716,701090
지더블유바이텍(주),36180,Dec-11,-20482,3332
지더블유바이텍(주),36180,Dec-12,-1925367,13360
지더블유바이텍(주),36180,Dec-13,202885,0
지더블유바이텍(주),36180,Dec-14,216386,0
지더블유바이텍(주),36180,Dec-15,658410,3163
지더블유바이텍(주),36180,Dec-16,1079341,2689
지더블유바이텍(주),36180,Dec-17,1415359,0
지더블유바이텍(주),36180,Dec-18,1631201,0
지더블유바이텍(주),36180,Dec-19,195183,21007720
지더블유바이텍(주),36180,Dec-20,31309,9856824
차이나그레이트스타인터내셔널리미티드,900040,Dec-11,64690456,0
차이나그레이트스타인터내셔널리미티드,900040,Dec-12,70350636,0
차이나그레이트스타인터내셔널리미티드,900040,Dec-13,77651115,0
차이나그레이트스타인터내셔널리미티드,900040,Dec-14,80061039,5438255
차이나그레이트스타인터내셔널리미티드,900040,Dec-15,81860283,3195026
차이나그레이트스타인터내셔널리미티드,900040,Dec-16,73556766,3440825
차이나그레이트스타인터내셔널리미티드,900040,Dec-17,-18713937,3794775
차이나그레이트스타인터내셔널리미티드,900040,Dec-18,51562921,4236065
케이에이치전자(주),111870,Dec-11,12600089,0
케이에이치전자(주),111870,Dec-12,10416344,0
케이에이치전자(주),111870,Dec-13,8216588,0
케이에이치전자(주),111870,Dec-14,2953088,0
케이에이치전자(주),111870,Dec-15,5403212,0
케이에이치전자(주),111870,Dec-16,4872376,8829
케이에이치전자(주),111870,Dec-17,3947909,29991
케이에이치전자(주),111870,Dec-18,778779,256794
케이에이치전자(주),111870,Dec-19,-2604194,1815995
케이에이치전자(주),111870,Dec-20,-11904165,1363896
코아스템(주),166480,Dec-13,-2405753,833442
코아스템(주),166480,Dec-14,-1803571,974314
코아스템(주),166480,Dec-15,1367664,14902
코아스템(주),166480,Dec-16,-1623644,0
코아스템(주),166480,Dec-17,-5070660,85970
코아스템(주),166480,Dec-18,-4020568,17104
코아스템(주),166480,Dec-19,-5088389,64547
코아스템(주),166480,Dec-20,-6998080,2293098
키네마스터(주),139670,Dec-11,3114608,1
키네마스터(주),139670,Dec-12,4371613,0
키네마스터(주),139670,Dec-13,4549263,0
키네마스터(주),139670,Dec-14,2289241,0
키네마스터(주),139670,Dec-15,-2181824,0
키네마스터(주),139670,Dec-16,-4966034,0
키네마스터(주),139670,Dec-17,-3364001,0
키네마스터(주),139670,Dec-18,-3123903,0
키네마스터(주),139670,Dec-19,317948,15107
키네마스터(주),139670,Dec-20,4103713,16393
테고사이언스(주),191420,Dec-12,1891564,50773
테고사이언스(주),191420,Dec-13,1819512,114259
테고사이언스(주),191420,Dec-14,1704797,129622
테고사이언스(주),191420,Dec-15,1368289,0
테고사이언스(주),191420,Dec-16,2333868,151316
테고사이언스(주),191420,Dec-17,2086795,525525
테고사이언스(주),191420,Dec-18,872812,10045
테고사이언스(주),191420,Dec-19,345960,7037
테고사이언스(주),191420,Dec-20,1575382,7957
피씨엘(주),241820,Dec-13,-298364,59791
피씨엘(주),241820,Dec-14,-472983,55939
피씨엘(주),241820,Dec-15,-1361900,46474
피씨엘(주),241820,Dec-16,-2382776,32278
피씨엘(주),241820,Dec-17,-4086984,7911
피씨엘(주),241820,Dec-18,-6003150,0
피씨엘(주),241820,Dec-19,-6412497,99125
피씨엘(주),241820,Dec-20,25675912,387000
피에스케이홀딩스(주),31980,Dec-11,4100847,3838
피에스케이홀딩스(주),31980,Dec-12,8659541,2497
피에스케이홀딩스(주),31980,Dec-13,21039565,123600
피에스케이홀딩스(주),31980,Dec-14,17505053,6165
피에스케이홀딩스(주),31980,Dec-15,16684579,8876
피에스케이홀딩스(주),31980,Dec-16,25322715,0
피에스케이홀딩스(주),31980,Dec-17,57678366,0
피에스케이홀딩스(주),31980,Dec-18,67584477,0
피에스케이홀딩스(주),31980,Dec-19,1462469,25588
피에스케이홀딩스(주),31980,Dec-20,-2464096,192369
한국전자인증(주),41460,Dec-11,4039563,0
한국전자인증(주),41460,Dec-12,4413154,0
한국전자인증(주),41460,Dec-13,3868710,0
한국전자인증(주),41460,Dec-14,3570030,2
한국전자인증(주),41460,Dec-15,4481513,11163
한국전자인증(주),41460,Dec-16,5126425,24869
한국전자인증(주),41460,Dec-17,5084812,0
한국전자인증(주),41460,Dec-18,3596865,0
한국전자인증(주),41460,Dec-19,2321880,12127
한국전자인증(주),41460,Dec-20,4596355,41027
한국정보인증(주),53300,Dec-11,4073216,0
한국정보인증(주),53300,Dec-12,4497850,0
한국정보인증(주),53300,Dec-13,4684889,0
한국정보인증(주),53300,Dec-14,4209463,0
한국정보인증(주),53300,Dec-15,5533739,0
한국정보인증(주),53300,Dec-16,6962117,0
한국정보인증(주),53300,Dec-17,8130846,0
한국정보인증(주),53300,Dec-18,9011736,0
한국정보인증(주),53300,Dec-19,9271306,22162
한국정보인증(주),53300,Dec-20,10421378,24169
한국컴퓨터(주),54040,Dec-11,7769618,22493
한국컴퓨터(주),54040,Dec-12,7461679,60554
한국컴퓨터(주),54040,Dec-13,15459239,0
한국컴퓨터(주),54040,Dec-14,8345793,32567
한국컴퓨터(주),54040,Dec-15,8952288,60872
한국컴퓨터(주),54040,Dec-16,7449343,13341
한국컴퓨터(주),54040,Dec-17,3368177,490828
한국컴퓨터(주),54040,Dec-18,-5305299,1041865
한국컴퓨터(주),54040,Dec-19,7190860,1153773
한국컴퓨터(주),54040,Dec-20,10096641,687659
한일사료(주),5860,Dec-11,7072656,2372965
한일사료(주),5860,Dec-12,2227489,2522708
한일사료(주),5860,Dec-13,2481866,2014414
한일사료(주),5860,Dec-14,6413617,1818301
한일사료(주),5860,Dec-15,-9597604,2382138
한일사료(주),5860,Dec-16,6633063,2590914
한일사료(주),5860,Dec-17,-856536,2453227
한일사료(주),5860,Dec-18,2057669,3062170
한일사료(주),5860,Dec-19,4440261,0
한일사료(주),5860,Dec-20,3429452,2551261
해성산업(주),34810,Dec-11,3480683,0
해성산업(주),34810,Dec-12,3479050,0
해성산업(주),34810,Dec-13,3117705,0
해성산업(주),34810,Dec-14,3024258,0
해성산업(주),34810,Dec-15,2776302,0
해성산업(주),34810,Dec-16,2419151,0
해성산업(주),34810,Dec-17,2418620,0
해성산업(주),34810,Dec-18,2735487,462867
해성산업(주),34810,Dec-19,5217232,1145585
해성산업(주),34810,Dec-20,23066212,4961498
현대에이치티(주),39010,Dec-11,-6960662,37022
현대에이치티(주),39010,Dec-12,194202,28878
현대에이치티(주),39010,Dec-13,-441935,25734
현대에이치티(주),39010,Dec-14,5282996,9606
현대에이치티(주),39010,Dec-15,8645211,3756
현대에이치티(주),39010,Dec-16,10675058,3111
현대에이치티(주),39010,Dec-17,17629337,1682
현대에이치티(주),39010,Dec-18,20098393,0
현대에이치티(주),39010,Dec-19,10499476,0
현대에이치티(주),39010,Dec-20,8626234,14778
휴림네트웍스(주),192410,Dec-11,2754272,10121
휴림네트웍스(주),192410,Dec-12,5368910,34695
휴림네트웍스(주),192410,Dec-13,2490963,0
휴림네트웍스(주),192410,Dec-14,4919086,0
휴림네트웍스(주),192410,Dec-15,345831,0
휴림네트웍스(주),192410,Dec-16,-5234529,0
휴림네트웍스(주),192410,Dec-17,1374839,407125
휴림네트웍스(주),192410,Dec-18,-3598661,1819578
휴림네트웍스(주),192410,Dec-19,3645310,1506150
휴림네트웍스(주),192410,Dec-20,-11779313,2010220
휴젤(주),145020,Dec-11,8527335,521963
휴젤(주),145020,Dec-12,8051949,136524
휴젤(주),145020,Dec-13,11584289,1067567
휴젤(주),145020,Dec-14,15488189,1086421
휴젤(주),145020,Dec-15,17757468,34098
휴젤(주),145020,Dec-16,63260268,0
휴젤(주),145020,Dec-17,101924345,1493187
휴젤(주),145020,Dec-18,60194964,3317722
휴젤(주),145020,Dec-19,68086697,3565972
휴젤(주),145020,Dec-20,78059793,3658328
흥구석유(주),24060,Dec-11,1696735,278382
흥구석유(주),24060,Dec-12,739035,158675
흥구석유(주),24060,Dec-13,-210489,106306
흥구석유(주),24060,Dec-14,1161508,18049
흥구석유(주),24060,Dec-15,462400,55117
흥구석유(주),24060,Dec-16,963788,125854
흥구석유(주),24060,Dec-17,751487,127191
흥구석유(주),24060,Dec-18,1092436,86276
흥구석유(주),24060,Dec-19,500763,1987
흥구석유(주),24060,Dec-20,-493797,0
