회사명,거래소코드,회계년도,상장일,상장폐지일,소속코드,산업명,[제조]총자본증가율(IFRS),[제조]유형자산증가율(IFRS),[제조]매출액증가율(IFRS),[제조]비유동자산증가율(IFRS),[제조]유동자산증가율(IFRS),[제조]자기자본증가율(IFRS),[제조]순이익증가율(IFRS),[제조]재고자산증가율(IFRS),[제조]매출액총이익률(IFRS),[제조]매출액순이익률(IFRS),[제조]총자본사업이익률(IFRS),[제조]총자본순이익률(IFRS),[제조]자기자본순이익률(IFRS),[제조]1주당순이익(IFRS),[제조]1주당매출액(IFRS),[제조]총자본회전률(IFRS),[제조]자기자본회전률(IFRS),[제조]비유동자산회전률(IFRS),[제조]재고자산회전률(IFRS),[제조]매출채권회전률(IFRS),[제조]매입채무회전률(IFRS),[제조]매입채무회전기간(IFRS),[제조]재고자산회전기간(IFRS),[제조]매출채권회전기간(IFRS),[제조]1회전기간(IFRS),[제조]운전자본회전률(IFRS),[제조]순운전자본회전률(IFRS),[제조]유형자산회전율(IFRS),[제조]유동자산회전률(IFRS),[제조]당좌자산회전률(IFRS),[제조]유동비율(IFRS),[제조]당좌비율(IFRS),[제조]현금비율(IFRS),[제조]순운전자본비율(IFRS),[제조]부채비율(IFRS),[제조]자기자본배율(IFRS),[제조]이자보상배율(이자비용)(IFRS),[제조]비유동비율(IFRS),[제조]유동자산구성비율(IFRS),[제조]자기자본구성비율(IFRS),[제조]부가가치(IFRS),[제조]총자본투자효율(IFRS),[제조]설비투자효율(IFRS),[제조]기계투자효율(IFRS),[제조]부가가치율(IFRS),[제조]노동소득분배율(IFRS),[제조]자본분배율(IFRS),[제조]이윤분배율(IFRS),회사명
(주)금빛,45890,Dec-11,2005-11-28,2021-12-20,4,    전구 및 조명장치 제조업,-23.1,-3.19,-30.61,-4.78,-36.69,-20.94,0,-54.48,0.94,-55.61,-19.08,-22.27,-54.28,-1164,1919.33,0.4,0.98,0.85,2.13,1.72,5.08,71.84,171.11,211.98,0,0,0.41,1.13,0.76,1.17,102.72,73.36,9.01,1.25,140.01,347.28,-7.5,126.59,47.26,41.66,-15516.73,-14.61,-36.3,-755.98,-31.73,0,0,0,(주)금빛
(주)금빛,45890,Dec-12,2005-11-28,2021-12-20,4,    전구 및 조명장치 제조업,-6.47,0.2,52.05,4.44,-18.64,7.03,0,-25.96,27.57,4.11,4.64,2.97,6.67,131,2918.4,0.72,1.62,1.3,5.96,3.84,9.88,36.96,61.26,94.94,0.01,0,0.81,1.74,1.63,2.25,91.89,67.99,8.58,-3.63,109.76,371.68,1.58,123.53,41.11,47.67,15889.74,16,37.1,549.26,21.37,60.05,39.95,19.22,(주)금빛
(주)금빛,45890,Dec-13,2005-11-28,2021-12-20,4,    전구 및 조명장치 제조업,6.08,-1.96,1.97,14.82,-6.43,-0.56,-98.07,-1.73,26.36,0.08,4.21,0.06,0.12,2,2975.86,0.74,1.61,1.21,7.2,4.11,10.86,33.6,50.68,88.81,0.01,2.23,0.84,1.79,1.92,2.62,67.87,49.33,8.56,-17.16,123.77,369.61,1.01,142.63,36.26,44.69,17092.11,16.22,40.73,698.05,22.54,72.71,27.29,0.34,(주)금빛
(주)금빛,45890,Dec-14,2005-11-28,2021-12-20,4,    전구 및 조명장치 제조업,3.02,-0.3,1.26,-4.31,15.91,-4.22,0,35.98,28.77,-2.61,6.17,-1.87,-4.35,-80,3013.25,0.72,1.67,1.17,6.24,3.61,7.97,45.82,58.54,101.04,0.01,0.53,0.77,1.83,1.86,2.65,72.04,48.95,0.9,-15.83,140.67,354.02,2.13,142.49,40.79,41.55,16504.76,15.2,39.48,631.65,21.49,82.95,17.05,-12.14,(주)금빛
(주)금빛,45890,Dec-15,2005-11-28,2021-12-20,4,    전구 및 조명장치 제조업,2.99,-0.89,4.03,-1.53,9.55,9.32,0,-10.42,25.19,4.27,6.82,3.1,7.22,137,3134.79,0.72,1.69,1.25,5.94,3.09,7.39,49.41,61.47,118.18,0.01,0.61,0.76,1.92,1.72,2.42,87.66,64.69,0.66,-6.11,126.74,387.01,1.85,128.35,43.39,44.1,19365.66,17.32,46.82,783.8,24.24,70.45,29.55,17.61,(주)금빛
(주)금빛,45890,Dec-16,2005-11-28,2021-12-20,4,    전구 및 조명장치 제조업,-0.69,-2.56,-15.8,0.14,-1.77,7.98,-22.42,-15.13,26.07,3.93,4.21,2.37,5.16,105,2607.5,0.6,1.31,1.06,5.72,2.55,8.45,43.21,63.77,143.07,0.01,0,0.69,1.64,1.4,1.85,106.8,82.62,5.65,2.73,108.54,410.08,1.37,119.03,42.92,47.95,19168.66,17.26,47.6,970.89,28.5,66.06,33.94,13.8,(주)금빛
(주)금빛,45890,Dec-17,2005-11-28,2021-12-20,4,    전구 및 조명장치 제조업,3.34,-2.19,-2.16,-8.48,19.04,-9.07,0,39.18,21.46,-2.94,3.93,-1.72,-3.81,-76,2524.58,0.58,1.29,1.08,5.1,2.43,6.57,55.59,71.57,150.28,0.01,1.04,0.69,1.65,1.26,1.67,137.74,101.28,9.19,13.55,136.98,367.42,-1.45,119.81,49.45,42.2,10304.79,8.98,26.16,541.44,15.66,122.88,-22.88,-18.81,(주)금빛
(주)금빛,45890,Dec-18,2005-11-28,2021-12-20,4,    전구 및 조명장치 제조업,-4.47,38.43,-23.42,3.82,-12.95,8.86,0,-19.56,5.3,-14.38,-15.94,-6.46,-14.34,-279,1895.59,0.45,1,0.85,3.72,2.12,4.91,74.27,98.12,171.87,0.01,1.08,0.53,1.07,0.95,1.28,112.56,85.03,9.1,5.03,107.97,396.48,-9.55,114.26,45.06,48.08,9520.21,8.69,17.48,647.27,18.89,138.48,-38.48,-76.13,(주)금빛
(주)금빛,45890,Dec-19,2005-11-28,2021-12-20,4,    전구 및 조명장치 제조업,-7.19,-0.6,9.61,7.53,-25.14,-38.91,0,-18.75,13.72,-70.4,-15.4,-36.8,-91.61,-1228,1915.02,0.52,1.3,0.88,5.05,3.91,8.54,42.75,72.34,93.46,0.01,2.42,0.56,1.01,1.28,1.71,56.27,41.33,5.31,-28.25,215.96,168.35,-4.23,201.13,36.34,31.65,-18865.17,-18.55,-34.69,-1973.27,-34.15,0,0,0,(주)금빛
(주)금빛,45890,Dec-20,2005-11-28,2021-12-20,4,    전구 및 조명장치 제조업,15.55,-2.97,-32.43,10.11,25.06,70.57,0,-40.33,11.26,-37.76,-14.87,-12.86,-32.36,-266,771.97,0.34,0.86,0.55,4.76,4.6,5.15,70.82,76.63,79.34,0.01,0.24,0.36,0.7,0.9,1.11,75.92,66.3,4.69,-12.48,114.03,146.31,-4.44,129.84,39.34,46.72,951.83,0.81,1.8,93.51,2.55,962.54,-862.54,-1480.75,(주)금빛
(주)맥스로텍,141070,Dec-12,2012-11-16,2021-09-16,4,    특수 목적용 기계 제조업,18.62,19.35,-10.87,20.58,16.01,53.45,-45.73,212.86,18.81,7.69,7.09,4.9,13.93,651,8445.57,0.64,1.81,1.1,60.78,1.77,4.84,75.47,6.01,206.26,0.01,0.02,0.8,1.25,1.51,1.55,127.51,123.04,9.93,9.02,154.58,958.81,3.05,148.11,41.82,39.28,12431.33,17.82,41.99,60.13,30.36,35.86,64.14,25.34,(주)맥스로텍
(주)맥스로텍,141070,Dec-13,2012-11-16,2021-09-16,4,    특수 목적용 기계 제조업,-7.48,-0.38,-44.91,5.54,-25.58,-15.62,0,-27.26,11.93,-13.8,-1.11,-4.64,-12.32,-545,3947.89,0.34,0.89,0.54,25.58,1.03,4.41,82.84,14.27,355.65,0,0.05,0.46,0.63,0.89,0.92,89.79,86.72,3.96,-3.82,179.16,809.01,-0.6,185.25,33.64,35.82,3431.44,5.32,10.99,19.17,15.21,144.93,-44.93,-90.7,(주)맥스로텍
(주)맥스로텍,141070,Dec-14,2012-11-16,2021-09-16,4,    특수 목적용 기계 제조업,14.76,11.7,64.22,8.55,27.01,4.54,0,-26.47,18.57,0.59,4.68,0.31,0.92,40,6483.06,0.53,1.57,0.83,57.49,1.76,5.24,69.66,6.35,206.9,0.01,0.02,0.65,0.98,1.5,1.54,67.7,66.36,5.78,-17.76,206.45,845.76,2.42,192.36,37.23,32.63,8000.76,10.8,26.11,45.57,21.6,59.87,40.13,2.71,(주)맥스로텍
(주)맥스로텍,141070,Dec-15,2012-11-16,2021-09-16,4,    특수 목적용 기계 제조업,16.79,37.07,-4.4,31.29,-7.66,10.88,0,98.5,-2.25,-16.7,-6.96,-7.37,-23.22,-517,3070.65,0.44,1.39,0.66,43.45,1.63,3.35,109.11,8.4,223.78,0.01,0.02,0.49,0.75,1.34,1.38,50.86,48.7,5.09,-28.43,222.78,404.11,-3.17,227.77,29.43,30.98,3962.26,4.58,7.42,11.97,11.19,148.6,-48.6,-149.31,(주)맥스로텍
(주)맥스로텍,141070,Dec-16,2012-11-16,2021-09-16,4,    특수 목적용 기계 제조업,-8.23,0.69,13.2,-4.76,-16.57,28.19,0,93.52,2.12,-21.86,-4.21,-10.57,-28.67,-566,2543.88,0.48,1.31,0.67,25.2,2.34,3.73,97.81,14.48,155.68,0.01,0.04,0.6,0.73,1.72,1.84,56.17,50.62,9.25,-20.88,131.05,271.17,-2.14,169.22,26.76,43.28,6941.38,8.75,13.88,22.71,17.31,97.78,2.22,-126.26,(주)맥스로텍
(주)맥스로텍,141070,Dec-17,2012-11-16,2021-09-16,4,    특수 목적용 기계 제조업,5.34,-15.64,-3.59,-14.62,59.96,-1.88,0,-45.05,12.93,-5.87,1.64,-2.78,-6.67,-98,1518.16,0.47,1.14,0.72,23.78,4.08,3.18,114.93,15.35,89.47,0,0.04,0.62,0.77,1.4,1.49,106.19,102.59,19.82,2.37,148.05,261.14,0.62,147.25,40.64,40.31,10493.18,12.55,24.23,34.91,27.15,55.46,44.54,-21.62,(주)맥스로텍
(주)맥스로텍,141070,Dec-18,2012-11-16,2021-09-16,4,    특수 목적용 기계 제조업,7.73,6.34,54.14,6.15,10.03,4.4,0,2.01,11.14,3.27,4.35,2.25,5.66,74,2271.82,0.69,1.73,1.16,51.17,9.12,3.2,114.16,7.13,40.03,0,0.02,0.8,1.25,1.67,1.73,81.41,78.85,11.42,-9.48,155.97,268.35,1.51,149.72,41.51,39.07,16570.69,18.4,37.81,56.82,27.81,40.93,59.07,11.77,(주)맥스로텍
(주)맥스로텍,141070,Dec-19,2012-11-16,2021-09-16,4,    특수 목적용 기계 제조업,-16.1,-7.88,-37.36,-5.08,-31.62,-19.96,0,23.73,-14.96,-27.04,-10.26,-12.18,-31.86,-404,1423.03,0.45,1.18,0.73,28.37,4.25,2.16,169.09,12.87,85.96,0,0.03,0.53,0.79,1.19,1.24,81.29,76.66,7.22,-7.78,168.32,193.84,-4.24,177.56,33.83,37.27,4970.25,6.58,11,16.19,13.32,136.18,-36.18,-203.01,(주)맥스로텍
(주)맥스로텍,141070,Dec-20,2012-11-16,2021-09-16,4,    특수 목적용 기계 제조업,-30.98,-27.69,-47.45,-13.15,-65.87,-52.7,0,-20.24,-65.15,-128.15,-28.41,-39.36,-121.17,-785,612.03,0.31,0.95,0.42,15,3.42,2.2,165.91,24.34,106.8,0,0.06,0.44,0.5,1.14,1.24,36.11,31.31,2.77,-29.59,291.53,74.22,-20.5,326.04,16.73,25.54,-12462.66,-23.9,-38.07,-69.44,-63.55,0,0,0,(주)맥스로텍
(주)미래SCI,28040,Dec-11,1996-07-27,2021-04-13,4,    일반 목적용 기계 제조업,11.72,15.27,-13.08,15.73,0.29,-8.27,0,9.8,1.87,-21.42,-7.44,-10.85,-25.25,-843,3593.1,0.51,1.18,0.67,3.82,6.49,17.08,21.38,95.45,56.26,0.01,0,0.71,0.69,2.06,4.48,42.57,18.57,1.61,-31.45,156.55,583.33,-2.34,196.73,23.31,38.98,3916.81,6.61,10.58,45.89,13.77,170.58,-70.58,-155.53,(주)미래SCI
(주)미래SCI,28040,Dec-12,1996-07-27,2021-04-13,4,    일반 목적용 기계 제조업,-22.61,-14.46,-26.02,-14.17,-50.36,-69.81,0,-39.66,-14.8,-74.28,-12.61,-29.75,-104.01,-1992,2658.29,0.4,1.4,0.5,3.37,6.46,15.36,23.76,108.26,56.52,0.01,0,0.51,0.52,2.04,5.14,22.92,7.21,0.13,-50.28,557.76,176.09,-3.59,559.4,14.95,15.2,-6628.77,-14.46,-17.65,-90.8,-31.5,0,0,0,(주)미래SCI
(주)미래SCI,28040,Dec-13,1996-07-27,2021-04-13,4,    일반 목적용 기계 제조업,-1.02,-0.88,-46.48,0.15,-7.69,112.98,0,-6.39,-23.34,-48.33,-11.74,-11.93,-49.9,-614,1143.09,0.25,1.03,0.29,2.48,7.59,14.71,24.82,147.38,48.08,0.01,0,0.33,0.3,1.71,5.51,25.64,7.82,0.12,-40.44,205.67,174.64,-3.26,263.04,13.95,32.71,1066.4,2.35,2.86,16.95,9.47,352.15,-252.15,-510.44,(주)미래SCI
(주)미래SCI,28040,Dec-14,1996-07-27,2021-04-13,4,    일반 목적용 기계 제조업,-12.77,-13.65,-31.7,-12.39,-15.08,-24.36,0,-15.09,-30.49,-142.67,-11.87,-25.84,-84.19,-518,341.27,0.18,0.59,0.21,1.89,6.54,15.74,23.19,192.92,55.84,0,0,0.26,0.22,1.31,4.31,22.69,6.92,0.35,-46.27,252.52,60.04,-3.18,304.66,13.58,28.37,-5674.99,-14.34,-17.75,-118.04,-73.77,0,0,0,(주)미래SCI
(주)미래SCI,28040,Dec-15,1996-07-27,2021-04-13,4,    일반 목적용 기계 제조업,10.77,-14.58,88.69,-14.66,172.66,7.57,0,-24.53,14.47,-29.5,1.25,-10.27,-36.75,-339,401.84,0.35,1.25,0.46,4.43,2.37,4.89,74.62,82.38,154.15,0.01,0.52,0.4,0.49,1.45,2.15,50.17,40.52,0,-33.19,263,153.96,0.38,241.69,33.42,27.55,1780.45,4.06,6.48,50.94,12.27,106.37,-6.37,-240.54,(주)미래SCI
(주)미래SCI,28040,Dec-16,1996-07-27,2021-04-13,4,    일반 목적용 기계 제조업,-1.37,-98.89,13.73,-78.2,151.69,35.65,0,-96.93,27.03,-44.17,4.83,-16.74,-51.23,-430,980.01,0.38,1.16,0.93,11.37,1.6,3.57,102.29,32.11,228.61,0.01,0.11,0.31,1.19,0.64,0.68,145.54,145.2,0.06,26.68,163.95,177.92,1.86,38.84,85.28,37.89,1549.92,3.58,508.43,0,9.39,63.65,36.35,-470.45,(주)미래SCI
(주)미래SCI,28040,Dec-17,1996-07-27,2021-04-13,4,    기타 비금속 광물제품 제조업,16.48,60.74,10.96,102.29,1.67,11.73,0,3382.52,1.83,-36.38,-7.86,-14.24,-38.43,-354,994.67,0.39,1.06,1.9,11.83,2.22,3.54,103.15,30.85,164.56,0.01,0.1,0.28,46.1,0.49,0.51,117.66,108.21,0.86,11.17,175.18,176.27,-2.13,70.33,74.44,36.34,-3459.77,-6.87,-706.06,0,-18.89,0,0,0,(주)미래SCI
(주)미래SCI,28040,Dec-18,1996-07-27,2021-04-13,4,    기타 비금속 광물제품 제조업,20.18,616.49,213.38,-23.81,35.28,25.73,0,-31.92,2.28,-37.9,-5.98,-39.24,-105.31,-806,1979.83,1.04,2.78,5.06,22.69,6.3,12.56,29.05,16.09,57.9,0.02,0.06,0.73,28.7,1.3,1.38,136.19,130.68,0.91,22.27,163.03,149.4,-1.32,42.61,83.8,38.02,-17152.29,-28.33,-607.62,0,-29.88,0,0,0,(주)미래SCI
(주)미래SCI,28040,Dec-19,1996-07-27,2021-04-13,4,    기타 비금속 광물제품 제조업,-20.09,-2.77,-74.39,44.14,-32.51,-26.01,0,-49.14,5.39,-136.67,-8.81,-36.89,-100.33,-567,421.6,0.27,0.73,1.23,9.51,2.64,12.04,30.32,38.39,138.41,0.01,9.25,0.19,4.25,0.35,0.36,109.51,106.18,0.21,6.15,184.06,75.73,-1.64,83.01,70.78,35.2,-15327.16,-31.68,-562.36,0,-104.27,0,0,0,(주)미래SCI
(주)아이엠텍,226350,Dec-16,2016-02-03,2021-06-11,4,    전자부품 제조업,18.53,52.63,-22.64,70.59,-15.34,11.82,0,-17.93,12.38,-20.88,1.11,-29.92,-45.61,-1020,4884.42,1.43,2.18,2.93,13.09,11.37,14.16,25.79,27.89,32.09,0.03,0.1,1.85,3.91,2.8,3.56,191.84,151.51,72.34,20.71,56.65,462.4,2.84,88.87,43.27,63.84,-6188.26,-10.08,-28.2,-37.87,-7.63,0,0,0,(주)아이엠텍
(주)아이엠텍,226350,Dec-17,2016-02-03,2021-06-11,4,    전자부품 제조업,-22.38,-45.51,-14.9,-32.91,-8.57,-41.77,0,34.36,5.37,-30.07,-11.84,-38.04,-66.9,-1203,4002.72,1.27,2.23,2.37,10.54,13.28,10.61,34.41,34.62,27.49,0.04,0.08,1.67,3.56,2.71,3.65,135.55,93.67,5.2,13.37,108.82,239.41,-28.12,102.39,50.97,47.89,-5843.25,-12.26,-47.77,-77.5,-8.47,0,0,0,(주)아이엠텍
(주)아이엠텍,226350,Dec-18,2016-02-03,2021-06-11,4,    전자부품 제조업,-31.55,-26.96,-82.96,-32.2,-30.92,-69.32,0,-89.78,29.93,-174.63,-10.52,-51.15,-137.68,-1009,577.85,0.29,0.79,0.6,2.84,2.99,2.15,169.63,128.39,122.09,0.01,0.27,0.3,1,0.57,0.72,84.85,80.97,26.83,-9.18,365.98,65.9,-5.91,226.32,51.43,21.46,6323.67,19.38,63.4,97.09,53.78,179.1,-79.1,-324.7,(주)아이엠텍
(주)아이엠텍,226350,Dec-19,2016-02-03,2021-06-11,4,    전자부품 제조업,61.91,125.19,17.75,128.11,-0.6,144.72,0,87.5,44.64,-56.82,-5.91,-18.41,-65.18,-289,300.64,0.32,1.15,0.53,12.56,10.84,19.23,18.98,29.07,33.67,0.02,0.24,0.33,0.85,0.83,0.89,55.02,50.28,1.16,-25.81,208.3,90.17,-0.79,210.95,31.57,32.44,5316.55,10.06,36.15,55.18,38.4,136.78,-36.78,-147.96,(주)아이엠텍
(주)아이엠텍,226350,Dec-20,2016-02-03,2021-06-11,4,    전자부품 제조업,-46.86,-59.16,11.67,-70.82,5.06,0,0,-21.58,37.8,-214.83,-7.61,-82.11,0,-772,355.97,0.38,0,0.66,12.05,9.58,176.99,2.06,30.29,38.09,0.02,0,0.3,0.98,0.9,0.98,47.37,44.32,4.76,-69.35,0,0,-1.44,0,62.42,0,-22081.44,-78.65,-240.73,-518.85,-142.83,0,0,0,(주)아이엠텍
(주)에스제이케이,80440,Dec-11,2005-05-13,2021-09-13,4,    특수 목적용 기계 제조업,-8.84,-17.21,-29.7,2.82,-30,-8.68,0,11.66,4.93,-13.14,-3.33,-4.99,-8.83,-474,3297.94,0.38,0.67,0.55,5.36,2.91,7.04,51.87,68.03,125.41,0.01,0.81,0.56,1.35,1.2,1.55,76.03,54.23,2.9,-8.6,76.8,937.63,-1.89,128.55,27.29,56.56,5453.41,5.21,19.54,2885.2,13.09,117.29,-17.29,-100.44,(주)에스제이케이
(주)에스제이케이,80440,Dec-12,2005-05-13,2021-09-13,4,    자동차 신품 부품 제조업,-0.65,-0.37,-4.47,4.32,-13.9,-10.14,0,17.99,4.04,-29.54,-5.42,-11.27,-20.91,-884,2773.73,0.38,0.71,0.51,4.46,4.69,8.31,43.91,81.9,77.78,0.01,1.2,0.59,1.43,1.5,2.25,56.12,34.07,1.16,-18.49,95.47,655.72,-2.56,149.24,23.65,51.16,39.84,0.04,0.14,8.49,0.1,16685.57,-16585.57,-29521.5,(주)에스제이케이
(주)에스제이케이,80440,Dec-13,2005-05-13,2021-09-13,4,    자동차 신품 부품 제조업,-16.82,-5.3,-9.55,-14.91,-22.97,-41.5,0,-36.57,-0.68,-57.75,-6.92,-21.82,-49.29,-1314,2217.74,0.38,0.85,0.49,4.56,5.08,5.66,64.49,80.1,71.92,0.01,0.25,0.54,1.33,1.65,2.59,41.19,27.86,0.95,-31.27,177.92,383.62,-3.63,217.05,21.9,35.98,-10648.75,-12.3,-40.45,-2164.98,-29.57,0,0,0,(주)에스제이케이
(주)에스제이케이,80440,Dec-14,2005-05-13,2021-09-13,4,    자동차 신품 부품 제조업,-21.13,-7.47,-22.02,-21.36,-20.3,-49.67,0,-7.22,9.32,-56.54,-3.62,-20.51,-67.83,-951,1682.16,0.36,1.2,0.47,4.75,4.74,3.3,110.69,76.85,77.05,0.02,0.16,0.45,1.11,1.65,2.53,34.68,21.62,0.62,-41.68,335.55,184.8,-1.58,339.16,22.13,22.96,-8120.56,-11.9,-33.33,-2325.12,-28.92,0,0,0,(주)에스제이케이
(주)에스제이케이,80440,Dec-15,2005-05-13,2021-09-13,4,    자동차 신품 부품 제조업,-9.51,-10.95,7.2,-1.37,-38.18,18.67,0,-42.7,9.84,-9.67,0.48,-4.48,-16.98,-160,1657.05,0.46,1.76,0.57,6.73,6.54,4.56,80.1,54.27,55.81,0.03,0.11,0.59,1.31,2.46,3.89,28.04,18.25,2.68,-38.79,232.12,172.46,0.08,281.9,15.12,30.11,1705.58,2.76,7.86,792.2,5.67,128.17,-28.17,-170.61,(주)에스제이케이
(주)에스제이케이,80440,Dec-16,2005-05-13,2021-09-13,4,    자동차 신품 부품 제조업,-17.06,-6.97,-59.12,-11.93,-45.9,-12.77,0,-50.95,10.81,-70.15,-7.2,-15.28,-49.58,-303,520.7,0.22,0.71,0.25,5.06,4.91,4.5,81.04,72.1,74.27,0.02,0.18,0.32,0.59,1.71,2.58,17.83,12.18,0.05,-45.46,215.79,110.18,-2.68,284.65,9.86,31.67,-4322.23,-8.44,-21.42,-3846.73,-35.13,0,0,0,(주)에스제이케이
(주)에스제이케이,80440,Dec-17,2005-05-13,2021-09-13,4,    자동차 신품 부품 제조업,-2.47,0,-35.92,3.19,-54.23,-10.53,0,-45.95,10.7,-95.52,-10,-14.88,-49,-242,259.41,0.16,0.51,0.17,6.4,9.24,6.05,60.36,57.05,39.52,0.03,0.1,0.25,0.39,2.14,3.22,8.09,5.07,0.18,-52.57,244.23,85.28,-4.66,328.3,4.63,29.05,-3627.18,-7.26,-17.97,-3644.52,-46.01,0,0,0,(주)에스제이케이
(주)에스제이케이,80440,Dec-18,2005-05-13,2021-09-13,4,    자동차 신품 부품 제조업,28.96,8.66,-21.07,12.94,359.01,2.84,0,44.61,2.06,-163.98,-12.87,-17.84,-69.32,-382,173.21,0.11,0.42,0.12,5.88,6.28,4.6,79.42,62.03,58.14,0.02,0.13,0.15,0.3,0.96,1.15,26.19,23.11,1.15,-46.42,331.68,390.6,-3.24,360.57,16.47,23.17,-5029.41,-7.81,-22.94,-1446.45,-80.82,0,0,0,(주)에스제이케이
(주)에스제이케이,80440,Dec-19,2005-05-13,2021-09-13,4,    자동차 부품 및 내장품 판매업,-7.31,9.49,-38.85,2.09,-54.96,5.24,0,89.8,1.92,-273.93,-7.26,-16.79,-68.05,-1037,410.63,0.06,0.25,0.07,2.1,3.62,2.21,165.07,173.78,100.94,0.01,0.29,0.08,0.17,0.49,0.65,12.89,6.49,0.1,-54.08,280.2,235.76,-1.3,349.76,8.01,26.3,2739.66,4.59,11.41,834.84,72,78.14,21.86,-380.47,(주)에스제이케이
(주)에이치디,102210,Dec-11,2009-05-21,2021-04-19,4,    선박 및 보트 건조업,9.89,9.88,-3,15.82,7.24,5.6,-21.34,39.63,20.72,15.07,8.75,6.32,9.75,896,5869.82,0.42,0.65,1.32,6.94,5.48,4.22,86.51,52.57,66.6,0.03,0.12,0.43,1.91,0.61,0.67,220.08,198.14,37.44,36.78,57.4,1863.48,9.94,51.31,67.4,63.53,15179.15,10.41,54.74,252.5,26.01,33.72,66.28,57.95,(주)에이치디
(주)에이치디,102210,Dec-12,2009-05-21,2021-04-19,4,    선박 및 보트 건조업,3.33,7.8,3.22,9.77,0.21,6.81,-4.62,-19.63,19.72,13.93,8.21,5.66,8.76,861,6058.79,0.41,0.63,1.21,6.82,4.66,4.8,76.03,53.53,78.34,0.02,0.15,0.43,1.82,0.61,0.67,244.16,224.64,37.62,38.6,52.27,1990.34,7.47,52.73,65.37,65.67,14322.02,9.51,53.24,268.23,23.77,35.6,64.4,58.58,(주)에이치디
(주)에이치디,102210,Dec-13,2009-05-21,2021-04-19,4,    선박 및 보트 건조업,30.34,-2.7,-16.5,23.96,33.71,8.29,-45.37,-9.57,22.24,9.11,4.56,2.64,4.45,473,5059.14,0.29,0.49,0.86,6.71,4.79,4.91,74.4,54.4,76.14,0.02,0.15,0.31,1.48,0.44,0.47,242.8,229.68,28.27,39.44,83.26,2155.33,2.06,60.36,67.06,54.57,9528.61,4.85,36.73,203.24,18.94,48.91,51.09,48.1,(주)에이치디
(주)에이치디,102210,Dec-14,2009-05-21,2021-04-19,4,    선박 및 보트 건조업,9.3,0.8,23.78,10.56,8.69,-0.66,-16.24,106.5,18.71,6.17,6.56,1.87,3.59,394,6262.12,0.3,0.58,0.91,5.71,6.82,5.52,66.13,63.96,53.56,0.02,0.14,0.29,1.85,0.45,0.49,140.79,126.33,21.55,19.32,101.64,2141.2,3.55,67.18,66.68,49.59,10432.26,4.86,31.98,238.75,16.75,49.91,50.09,36.8,(주)에이치디
(주)에이치디,102210,Dec-15,2009-05-21,2021-04-19,4,    선박 및 보트 건조업,-8.29,32.43,2.88,16.16,-20.51,8,102.66,-10.49,19.43,12.15,4.67,3.78,7.03,787,6296.31,0.31,0.58,0.83,4.6,6.48,6.05,60.34,79.39,56.32,0.01,0.2,0.3,1.63,0.5,0.56,168.04,148.61,20.64,23.4,71.23,2260.03,3.73,72.26,57.8,58.4,17721.55,9,41.29,314.08,27.67,49.28,50.72,43.9,(주)에이치디
(주)에이치디,102210,Dec-16,2009-05-21,2021-04-19,4,    선박 및 보트 건조업,-1.91,2.45,-13.57,-3.94,-0.42,0.75,-77.88,-48.67,16.67,3.11,3.13,0.88,1.49,173,5442,0.28,0.48,0.68,5.56,9.34,8.53,42.81,65.65,39.06,0.02,0.16,0.31,1.22,0.49,0.53,185.71,174.64,8.83,27.08,66.72,2276.95,2.58,68.89,58.68,59.98,10117.83,5.24,24.21,206.52,18.28,69.81,30.19,17.01,(주)에이치디
(주)에이치디,102210,Dec-17,2009-05-21,2021-04-19,4,    선박 및 보트 건조업,-1.12,-3.06,-50.18,-6.47,2.65,-2.3,0,-1.2,7.32,-6.44,0.76,-0.93,-1.55,-178,2711.02,0.14,0.24,0.36,4.11,8.14,7.31,49.91,88.86,44.84,0.01,0.2,0.15,0.61,0.24,0.26,166.43,156.88,8.61,24.31,68.73,2224.59,-0.77,65.95,60.92,59.26,3919.36,2.05,8.86,49.67,14.21,148.82,-48.82,-45.35,(주)에이치디
(주)에이치디,102210,Dec-18,2009-05-21,2021-04-19,4,    선박 및 보트 건조업,3.87,-2.67,16.86,30.62,-13.29,10.69,0,46.64,8,-23.06,-1.15,-3.82,-6.23,-118,2186.7,0.17,0.27,0.37,3.92,15.77,9.01,40.53,93.21,23.15,0.01,0.09,0.18,0.74,0.3,0.32,156.15,141,22.6,18.29,58.34,1699.64,-2.52,77.82,50.85,63.16,864.13,0.44,2,11.95,2.68,852.71,-752.71,-859.96,(주)에이치디
(주)에이치디,102210,Dec-19,2009-05-21,2021-04-19,4,    선박 및 보트 건조업,-25.97,0.62,17.21,-43.14,-9.38,-10.76,0,-8.99,7.22,-35.51,-0.3,-7.77,-11.32,-188,512.62,0.22,0.32,0.49,4.04,29.54,9.48,38.52,90.3,12.35,0.02,0.04,0.26,0.87,0.39,0.44,262.85,237.24,7.94,38.57,31.35,1516.76,-1.81,49.58,62.25,76.13,1366.79,0.93,3.14,22.01,3.62,407.55,-307.55,-981.57,(주)에이치디
(주)에이치디,102210,Dec-20,2009-05-21,2021-04-19,4,    선박 및 보트 건조업,-22.78,-15.06,-8.7,-20.37,-24.25,-16.06,0,-0.77,7.64,-52.11,-0.26,-13.82,-17.48,-252,468.03,0.27,0.34,0.69,3.89,24.14,10.19,35.82,93.89,15.12,0.01,0.06,0.32,0.86,0.43,0.48,365.69,319.01,9.22,44.37,20.84,1273.1,-3.65,47.04,61.07,82.76,-9415,-8.3,-25.48,-212.64,-27.3,0,0,0,(주)에이치디
(주)에이팸,73070,Dec-11,2004-01-28,2021-06-04,4,    자동차 신품 부품 제조업,6.6,1.43,-2.76,26.05,-10.26,21.81,-12.25,17.79,6.41,3.95,7.5,5.93,9.14,230,5834.54,1.5,2.31,2.96,5.85,9.47,8.48,43.04,62.38,38.54,0.02,0.15,1.89,7.28,3.05,6.39,178.81,72.1,10.47,19.88,44.73,553.83,36.83,79.46,45.1,69.09,11886.32,20.45,102.48,1596.08,14.05,61.98,38.02,28.1,(주)에이팸
(주)에이팸,73070,Dec-12,2004-01-28,2021-06-04,4,    자동차 신품 부품 제조업,-8.28,15.09,-21.73,-13.97,-1.36,1.43,53.38,-42.73,5.5,7.74,3.28,9.2,12.67,353,4566.62,1.19,1.64,2.23,5.38,10.6,10.06,36.29,67.79,34.45,0.02,0.17,1.72,5.26,2.54,4.82,246.62,161.18,18.4,28.83,30.88,561.73,34.79,67.4,48.5,76.41,13990.39,26.25,105.51,962.39,21.13,52.17,47.83,36.62,(주)에이팸
(주)에이팸,73070,Dec-13,2004-01-28,2021-06-04,4,    자동차 신품 부품 제조업,0.92,-2.39,-10.38,-2.99,5.08,1.04,-70.95,17.72,6.42,2.51,2.49,2.78,3.64,103,4092.38,1.11,1.45,2.19,6.09,7.89,10.94,33.36,59.97,46.29,0.01,0.33,1.6,4.46,2.24,3.54,250.32,153.16,6.86,30.32,30.72,567.58,37.8,64.71,50.5,76.5,8352.69,15.53,65.33,673.54,14.08,72.74,27.26,17.82,(주)에이팸
(주)에이팸,73070,Dec-14,2004-01-28,2021-06-04,4,    자동차 신품 부품 제조업,13.59,-1.56,22.38,-19.19,45.72,3.3,232.59,58.29,7.61,6.82,4.09,8.62,11.84,341,5008.09,1.26,1.74,3.02,5.33,5.83,8.66,42.13,68.44,62.59,0.01,0.4,1.53,5.57,2.18,3.68,227.16,131.38,20.28,36.26,43.74,586.3,61.77,50.62,64.78,69.57,13550.72,22.18,108.9,1052.05,18.66,50.34,49.66,36.54,(주)에이팸
(주)에이팸,73070,Dec-15,2004-01-28,2021-06-04,4,    자동차 신품 부품 제조업,-1.68,-8.03,29.73,-7.59,1.53,2.24,-58.81,-21.67,6.06,2.16,4.48,3.37,4.74,141,6496.77,1.55,2.19,4.55,6.33,5.76,9.78,37.33,57.66,63.37,0.01,0.43,1.67,7.58,2.36,3.77,256.11,172.8,31.62,40.78,38.23,599.42,62.64,45.75,66.9,72.34,10578.93,17.61,88.92,1085.75,11.23,64.85,35.15,19.28,(주)에이팸
(주)에이팸,73070,Dec-16,2004-01-28,2021-06-04,4,    자동차 신품 부품 제조업,7.04,-5.08,-13,-0.36,10.7,5.23,82.6,-18.15,8.62,4.54,6.22,5.99,8.35,257,5652.51,1.32,1.84,4.13,6.9,5.04,9.49,38.46,52.93,72.47,0.01,0.41,1.39,7.06,1.94,2.69,253.81,192.77,32.7,41.93,40.6,630.78,926.05,43.32,69.19,71.12,12455.19,19.37,110.3,1654.14,15.2,57.5,42.5,29.9,(주)에이팸
(주)에이팸,73070,Dec-17,2004-01-28,2021-06-04,4,    자동차 신품 부품 제조업,85.48,0.89,-0.59,2.96,122.23,57.61,78.83,5.16,13.36,8.17,6.43,7.25,11.3,82,5619.02,0.89,1.38,4.05,7.42,4.43,9.74,37.46,49.17,82.46,0.01,0.48,0.79,7.18,1.14,1.34,216.45,191.82,80.23,44.6,65.47,823.64,13.9,28.3,82.9,60.43,18548.25,15.55,162.81,3285.57,22.77,53.01,46.99,35.9,(주)에이팸
(주)에이팸,73070,Dec-18,2004-01-28,2021-06-04,4,    자동차 신품 부품 제조업,14.21,-4.31,-12.57,256.99,-35.88,9.3,-26.85,0.57,15.63,6.84,2.76,3.81,6.46,56,814.01,0.56,0.94,1.53,6.31,4.6,9.56,38.18,57.82,79.35,0.01,0.74,0.54,6.39,0.88,1.02,113.28,93.06,28.74,5.45,72.9,900.28,0.92,92.43,46.54,57.84,15138.95,11.11,139.12,3035.22,21.25,55.17,44.83,32.17,(주)에이팸
(주)에이팸,73070,Dec-19,2004-01-28,2021-06-04,4,    자동차 신품 부품 제조업,-13.69,8.73,-32.86,3.53,-33.48,-35.62,0,-45.17,8.57,-108.97,-3.32,-41.07,-80.48,-590,545.52,0.38,0.74,0.65,5.46,4.93,10.33,35.32,66.86,74,0.01,17.74,0.42,4.2,0.91,1.09,64.64,55.13,7.6,-19.62,131.79,505.32,-2.16,148.64,35.87,43.14,-43267.78,-36.8,-366.22,-7141.77,-90.47,0,0,0,(주)에이팸
(주)에이팸,73070,Dec-20,2004-01-28,2021-06-04,4,    자동차 신품 부품 제조업,-17.99,-5.51,-67.98,11.48,-70.67,34.9,0,-26.44,-30.01,-66.45,-6.9,-9.51,-17.08,-417,121.84,0.14,0.26,0.19,2.84,2.2,6.88,53.08,128.35,165.99,0,0,0.21,1.33,0.56,0.7,45.44,28.68,5.61,-15.41,40.91,476.64,-4.88,122.83,12.83,70.97,-625.92,-0.65,-5.59,-116.66,-4.09,0,0,0,(주)에이팸
(주)이매진아시아,36260,Dec-11,1999-12-10,2021-02-15,4,    기타 사업지원 서비스업,-18.89,-50.17,279.72,-46.32,72.69,32.61,0,0,12.46,-11.4,10.19,-14.74,-36.87,-101,810.62,1.29,3.23,1.98,0,17.54,0,0,0,20.81,0.05,0.06,1.45,80.37,3.73,3.73,131.08,131.08,19.48,11.63,96.46,57.15,4.98,100.05,49.07,50.9,-1749.87,-11.8,-987.66,-2661.32,-8.17,0,0,0,(주)이매진아시아
(주)이매진아시아,36260,Dec-12,1999-12-10,2021-02-15,4,    기타 사업지원 서비스업,11.23,-43.82,-57.22,-42.17,66.64,38.56,0,0,5.91,-49.65,-5.66,-29.04,-50.51,-159,309.86,0.58,1.02,1.54,217.45,4.88,0,0,1.68,74.83,0.01,0,0.59,66.19,0.94,0.95,200.9,199.5,4.93,36.92,57.72,61.45,-6.29,41.76,73.52,63.4,-3900.01,-23.65,-3918.21,-16247.35,-42.59,0,0,0,(주)이매진아시아
(주)이매진아시아,36260,Dec-13,1999-12-10,2021-02-15,4,    기타 사업지원 서비스업,10.83,-14.59,5.58,63.86,-8.27,-13.79,0,-55.66,2.45,-62.09,-9.84,-34.54,-61.67,-691,598.24,0.56,0.99,1.68,159.07,8.71,0,0,2.29,41.89,0.02,0.01,0.5,104.78,0.83,0.84,120.07,119.67,0.23,10.17,102.75,166.79,-7.9,79.38,60.85,49.32,-5235.52,-28.65,-6158.62,-24798.79,-54.15,0,0,0,(주)이매진아시아
(주)이매진아시아,36260,Dec-14,1999-12-10,2021-02-15,4,    기타 사업지원 서비스업,18.68,10.93,18.61,13.75,21.85,11.01,0,0,10.58,-32.94,-2.37,-18.91,-39.72,-324,866.64,0.57,1.21,1.5,614.21,9.56,27.08,13.48,0.59,38.17,0.04,0,0.5,127.91,0.93,0.93,115.99,115.99,8.42,8.61,116.75,151.25,-1.09,81.33,62.48,46.14,-2596.07,-11.97,-2752.91,-22397.27,-22.64,0,0,0,(주)이매진아시아
(주)이매진아시아,36260,Dec-15,1999-12-10,2021-02-15,4,    기타 사업지원 서비스업,12.35,83.54,57.45,-11.65,26.77,51.5,0,0,10.55,-15.9,3.59,-12.47,-22.82,-186,1066.02,0.78,1.43,2.36,0,11.63,42.64,8.56,0,31.38,0.04,0,0.7,135.06,1.18,1.18,187.12,187.12,27.98,32.82,60.74,178.74,1,47.43,70.49,62.21,-1773.94,-7.28,-1024.92,-51004.74,-9.82,0,0,0,(주)이매진아시아
(주)이매진아시아,36260,Dec-16,1999-12-10,2021-02-15,4,"    영화, 비디오물, 방송프로그램 제작 및 배급업",65.81,219.93,18.35,170.53,21.98,126.46,0,0,1.24,10.4,-12.18,6.86,8.98,127,1259.75,0.66,0.86,1.6,0,22.25,0,0,0,16.4,0.06,0.04,0.81,58.8,1.12,1.12,375.99,375.99,6.39,38.07,17.69,275.65,-13.41,56.66,51.86,84.97,4330.95,10.72,782.13,2362.28,20.27,42.5,57.5,51.32,(주)이매진아시아
(주)이매진아시아,36260,Dec-17,1999-12-10,2021-02-15,4,"    영화, 비디오물, 방송프로그램 제작 및 배급업",-4.75,-17.63,-59.16,61.63,-66.37,1.27,0,0,-14.23,-193.87,-14.79,-42.89,-48.97,-559,290,0.22,0.25,0.34,0,10.1,39.14,9.33,0,36.13,0.04,0,0.47,17.28,0.62,0.62,197.71,197.71,25.13,9.05,10.69,197.97,-9.82,90.43,18.31,90.34,-13750.34,-35.73,-3014.79,-9311.91,-157.55,0,0,0,(주)이매진아시아
(주)이매진아시아,36260,Dec-18,1999-12-10,2021-02-15,4,"    영화, 비디오물, 방송프로그램 제작 및 배급업",-32.7,-15.04,119.99,-82.69,190.33,-32.49,0,0,-0.22,-64.84,-11.47,-38.67,-42.75,-350,539.45,0.6,0.66,1.04,0,21.65,86.1,4.24,0,16.86,0.08,0,1.15,45.52,1.4,1.4,842.09,842.09,259.03,69.61,10.35,131.57,-75.6,23.18,78.99,90.62,-10078.85,-38.91,-2600.96,-7420.63,-52.49,0,0,0,(주)이매진아시아
(주)이매진아시아,36260,Dec-19,1999-12-10,2021-02-15,4,"    영화, 비디오물, 방송프로그램 제작 및 배급업",-29.37,172.03,-58.21,12.44,-40.48,-43.28,0,0,-1.7,-200.98,-12.83,-72.97,-87.67,-434,224.88,0.36,0.44,1.39,0,29.76,751.58,0.49,0,12.27,0.08,0,0.41,11.13,0.49,0.49,270.68,270.68,70.39,41.97,37.41,60.83,-3.91,45.95,66.56,72.77,-14039.79,-76.74,-1331.87,-18741.95,-174.98,0,0,0,(주)이매진아시아
(주)이엠네트웍스,87730,Dec-11,2008-04-04,2021-10-08,4,    합성고무 및 플라스틱 물질 제조업,-13.04,-13.5,-23.13,-8.26,-17.46,-18.58,0,-15.58,9.04,-11.54,-18.32,-15.67,-20.04,-511,4429.31,1.36,1.74,2.75,8.24,7.23,25.17,14.5,44.29,50.46,0.01,0,1.99,4.78,2.68,3.97,257.69,172.89,60.83,30.15,32.55,457.98,-114.63,67.25,49.27,75.44,2882.9,33.21,117.23,172.09,22.76,117.59,-17.59,-50.72,(주)이엠네트웍스
(주)이엠네트웍스,87730,Dec-12,2008-04-04,2021-10-08,4,    합성고무 및 플라스틱 물질 제조업,41.12,-9.2,46.94,4.19,79.15,31.68,0,42.23,28.74,11.66,15.97,20.74,28.6,759,6508.32,1.78,2.45,4.14,10.92,9.31,30.78,11.86,33.42,39.21,0.02,0,2.23,7.93,3.12,4.36,248.83,183.82,100,37.41,42.05,603.09,109.89,53.2,62.54,70.4,6936.66,56.62,310.68,421.03,37.27,60.3,39.7,31.28,(주)이엠네트웍스
(주)이엠네트웍스,87730,Dec-13,2008-04-04,2021-10-08,4,    합성고무 및 플라스틱 물질 제조업,16.6,2.11,11.66,0.16,26.44,19.18,-2.69,5.14,33.51,10.16,17,15.92,22.34,738,7267.33,1.57,2.2,4.53,10.12,7.47,24.42,14.95,36.06,48.89,0.01,0,1.77,9.21,2.4,3.14,314.47,246.15,130.7,46.26,38.96,718.79,154.82,44.71,67.82,71.96,8538.57,59.78,374.51,570.97,41.08,58.42,41.58,24.73,(주)이엠네트웍스
(주)이엠네트웍스,87730,Dec-14,2008-04-04,2021-10-08,4,    합성고무 및 플라스틱 물질 제조업,44.84,253.48,19.48,130.8,4.05,31.05,68.29,5.02,39,14.31,24.32,20.32,29.93,1243,8683.21,1.42,2.09,3.27,11.51,7.41,28.26,12.92,31.71,49.28,0.01,0,1.75,4.8,2.51,3.21,184.78,144.26,65.62,22.36,53.58,941.95,212.18,78.75,48.73,65.11,11000.95,53.18,136.91,528.47,44.3,55.16,44.84,32.3,(주)이엠네트웍스
(주)이엠네트웍스,87730,Dec-15,2008-04-04,2021-10-08,4,    합성고무 및 플라스틱 물질 제조업,14.34,6.23,-8.59,1.91,27.42,11.81,-31,10.76,35.87,10.8,11.42,11.06,17.19,857,7937.07,1.02,1.59,2.12,9.75,7.04,36.15,10.1,37.45,51.85,0.01,0,1.44,2.73,1.98,2.49,400.99,324.57,223.4,40.76,57.07,1053.17,24.37,71.78,54.3,63.67,10099.12,42.69,118.83,560.65,44.49,63.98,36.02,24.28,(주)이엠네트웍스
(주)이엠네트웍스,87730,Dec-16,2008-04-04,2021-10-08,4,    합성고무 및 플라스틱 물질 제조업,-5.38,-2.94,-19.37,6.59,-15.46,-5.08,0,-23.64,20.77,-3.68,-8.34,-2.93,-4.59,-236,6399.62,0.8,1.25,1.64,8.48,6.58,35.23,10.36,43.05,55.51,0.01,0,1.22,2.17,1.54,1.89,343.62,284.47,189.3,34.4,56.57,999.69,-18.57,80.6,48.52,63.87,6170.44,27.57,74.26,372.01,33.71,106.11,-6.11,-10.92,(주)이엠네트웍스
(주)이엠네트웍스,87730,Dec-17,2008-04-04,2021-10-08,4,    합성고무 및 플라스틱 물질 제조업,-12.21,-4.79,-10.74,-7.68,-17.01,-12.8,0,-13.14,20.81,-12.92,-6.73,-10.04,-15.77,-738,5712.11,0.78,1.22,1.47,9.35,6.79,30.72,11.88,39.02,53.75,0.01,0,1.24,2.01,1.64,1.99,279.36,229.02,144.32,29.44,57.63,871.77,-16.21,85.34,45.86,63.44,5667.09,28.84,71.63,409.65,34.69,106.74,-6.74,-37.25,(주)이엠네트웍스
(주)이엠네트웍스,87730,Dec-18,2008-04-04,2021-10-08,4,    합성고무 및 플라스틱 물질 제조업,287.68,6.72,-18.49,171.76,424.52,128.59,0,-10.73,8.66,-58.18,-6.97,-16.17,-37.83,-2415,4147.97,0.28,0.65,0.67,8.67,6.76,27.12,13.46,42.12,54.01,0.01,0,0.26,1.63,0.47,0.5,108.56,105.23,1.9,4.89,167.33,1621.09,-1.27,101.45,62.05,37.41,621.7,0.82,7.81,40.94,4.67,967.51,-867.51,-1246.26,(주)이엠네트웍스
(주)이엠네트웍스,87730,Dec-19,2008-04-04,2021-10-08,4,    합성고무 및 플라스틱 물질 제조업,-25.14,93.05,1.07,-25.16,-25.12,-79.98,0,726.45,7.22,-666.43,-6.65,-134.66,-524.51,-4989,765.65,0.2,0.79,0.53,2,6,20.19,18.08,182.1,60.81,0,0,0.16,1.09,0.33,0.39,76.77,50.78,2.47,-18.78,899.73,116.96,-0.44,379.26,62.06,10,-74001.1,-129.75,-458.87,-4844.76,-549.82,0,0,0,(주)이엠네트웍스
(주)이엠네트웍스,87730,Dec-20,2008-04-04,2021-10-08,4,    합성고무 및 플라스틱 물질 제조업,-35.04,-36.28,32.96,-27.22,-39.82,0,0,-32.52,-8.03,-111.92,-14.92,-42.58,0,-6135,366.39,0.38,0,0.96,1.78,8.42,25.93,14.08,204.62,43.35,0,0,0.25,1.34,0.63,0.98,53.1,32.95,3.09,-50.78,0,0,-1.3,0,57.5,0,-8653.42,-23.36,-86.05,-878.99,-48.36,0,0,0,(주)이엠네트웍스
(주)제낙스,65620,Dec-11,2002-06-27,2021-08-09,4,    1차 철강 제조업,9.91,-2.58,21.77,4.19,17.71,5.84,0,-9.69,10.93,-5.09,1.59,-3.06,-7.08,-77,1375.05,0.6,1.39,1.07,3.9,3.92,17.96,20.32,93.6,93.09,0.01,0,0.63,1.98,1.37,2.11,90.89,62.91,1.64,-4.54,135.93,203.41,0.37,129.05,45.3,42.38,2821.72,6.57,22.99,246.04,11.47,58.79,41.21,-44.4,(주)제낙스
(주)제낙스,65620,Dec-12,2002-06-27,2021-08-09,4,    1차 철강 제조업,3.9,-2.08,-18.67,3.43,4.48,16.25,0,34.6,7.62,-11.68,-0.65,-5.34,-11.88,-139,1083.76,0.46,1.02,0.84,2.85,2.71,21.99,16.6,128.12,134.78,0,0,0.5,1.65,1.01,1.56,110.65,66.77,5.75,4.38,110.88,229.15,-0.19,114.82,45.55,47.42,1748.63,3.92,14.55,170.8,8.74,94.16,5.84,-133.59,(주)제낙스
(주)제낙스,65620,Dec-13,2002-06-27,2021-08-09,4,    1차 철강 제조업,33.76,10.93,-18.35,95.99,-40.63,47.39,0,-53.17,-11.98,-47.7,-7.68,-14.95,-29.78,-445,776.25,0.31,0.62,0.45,2.76,2.41,32.96,11.08,132.18,151.49,0,0,0.44,1.29,1.01,1.59,51.54,35.41,3.39,-19.01,91.38,296.26,-2.6,152.69,20.22,52.25,-3613.51,-6.06,-28.4,-222.31,-22.12,0,0,0,(주)제낙스
(주)제낙스,65620,Dec-14,2002-06-27,2021-08-09,4,    1차 철강 제조업,-8.28,0.67,-36.05,3.34,-54.15,-25.35,0,-62.82,-19.03,-76.98,-8.06,-14.06,-29.54,-405,496.44,0.18,0.38,0.22,4.04,2.23,45.02,8.11,90.42,163.9,0,0,0.31,0.78,1.19,1.68,20.66,15.42,1.36,-38.81,135.14,221.15,-3.06,211.38,10.11,42.53,-3290.12,-6.01,-24.51,-132.36,-31.5,0,0,0,(주)제낙스
(주)제낙스,65620,Dec-15,2002-06-27,2021-08-09,4,    1차 철강 제조업,14.87,-3.66,6.88,18.02,-13.17,56.47,0,-9.23,18.52,-16.24,0.71,-3.08,-6.08,-89,519.62,0.19,0.37,0.21,8.34,3.83,101.86,3.58,43.74,95.28,0.01,0,0.36,0.85,2.16,2.92,19.75,14.51,0.78,-31.05,72.62,338.88,0.3,159.43,7.64,57.93,1970.01,3.13,15.23,86.37,17.64,96.78,3.22,-92.02,(주)제낙스
(주)제낙스,65620,Dec-16,2002-06-27,2021-08-09,4,    1차 철강 제조업,3.73,-5.41,-45.42,5.81,-21.36,7.3,0,-29.18,-22.34,-99.13,-5.07,-9.44,-16.01,-290,283.61,0.1,0.16,0.1,5.6,2.41,42.73,8.54,65.14,151.24,0,0,0.24,0.48,1.42,1.9,21.64,16.47,1.1,-20.97,66.88,363.63,-2.63,157.22,5.79,59.92,-1998.12,-3.06,-16.33,-108.03,-32.79,0,0,0,(주)제낙스
(주)제낙스,65620,Dec-17,2002-06-27,2021-08-09,4,    1차 철강 제조업,22.91,-4.08,1.92,12.51,192,51.82,0,-3.36,-20.38,-75.06,-4.63,-6.42,-9.48,-219,289.07,0.09,0.13,0.1,7.01,2.57,94.55,3.86,52.1,141.82,0.01,0,0.27,0.52,0.84,0.95,80,73.68,10.28,-3.44,35.1,527.52,-2.67,116.51,13.76,74.02,-1738.02,-2.17,-14.81,-110.8,-27.98,0,0,0,(주)제낙스
(주)제낙스,65620,Dec-18,2002-06-27,2021-08-09,4,    1차 철강 제조업,-54.76,-32.74,-16.73,-52.71,-67.57,-70.26,0,-21.6,-12.2,-177.93,-12.63,-15.81,-23.92,-409,230,0.09,0.13,0.1,6.65,2.23,149.71,2.44,54.86,163.49,0,0,0.25,0.53,0.71,0.79,26.7,21.6,2.1,-27.08,105.54,156.89,-5.82,185.26,9.86,48.65,-4077.01,-11.25,-51.66,-321.13,-78.83,0,0,0,(주)제낙스
(주)제낙스,65620,Dec-19,2002-06-27,2021-08-09,4,    1차 철강 제조업,-16.77,28.86,-30.38,-20.89,20.87,-60.93,0,4.49,-18.41,-384.59,-20.02,-41.69,-112.9,-616,160.12,0.11,0.29,0.12,5.15,2.26,151.27,2.41,70.81,161.53,0,0,0.17,0.4,0.91,1.11,19.89,16.61,9.52,-57.68,337.83,61.3,-3.32,375.12,14.32,22.84,-7438.57,-24.65,-73.14,-786.09,-206.59,0,0,0,(주)제낙스
(주)제낙스,65620,Dec-20,2002-06-27,2021-08-09,4,    1차 철강 제조업,-47.96,-4.1,-42.68,-61.97,35.82,-23.78,0,-39.36,-33.91,30.31,-13.49,2.73,10.3,131,84.8,0.09,0.34,0.12,3.6,2.54,108.3,3.37,101.41,143.54,0,0,0.1,0.21,0.4,0.46,66.22,61.34,0.44,-19.07,198.93,212.15,-4.4,187.16,37.39,33.45,4030.12,25.67,41.32,619.03,195.28,39.98,60.02,15.52,(주)제낙스
(주)지유온,111820,Dec-11,2010-06-18,2021-09-30,4,    기타 정보 서비스업,45.36,3.4,141.62,136.71,40.47,5.66,-30.61,0,25.09,10.62,14.85,9.18,11.51,604,5288.59,0.86,1.08,12.4,16.63,5.88,1358.51,0.27,21.94,62.08,0.01,0,0.88,119.77,0.93,0.98,1896.33,1715.03,948.96,86.89,44.59,1002.9,10.73,11.96,91.73,69.16,5182.99,15.54,2509.8,28794.41,21.31,42.1,57.9,49.86,(주)지유온
(주)지유온,111820,Dec-12,2010-06-18,2021-09-30,4,    기타 정보 서비스업,26.94,-5.76,169.58,-53.23,34.17,37.77,35.4,165.79,12.86,5.34,12.11,9.25,12.76,772,12078.19,1.73,2.39,32.4,12.26,5.74,249.81,1.46,29.77,63.64,0.01,0,1.71,327,1.83,2.15,1118.98,907.05,33.52,88.29,33.22,1170.54,16.69,4.06,96.95,75.06,7690.78,18.17,3951.82,29576.51,11.73,37.61,62.39,45.49,(주)지유온
(주)지유온,111820,Dec-13,2010-06-18,2021-09-30,4,    기타 정보 서비스업,37.46,16.26,1.77,70.43,36.42,14.24,-37.43,-80.35,17.68,3.28,12.69,4.36,6.43,388,11431.54,1.33,1.96,38.26,14.35,4.12,145.94,2.5,25.43,88.49,0.01,0,1.23,317.19,1.38,1.52,729.83,709.92,133.25,83.04,60.29,1238.79,11.46,6.06,96.22,62.39,8367.67,14.38,3698.4,21325.42,12.54,34.5,65.5,26.16,(주)지유온
(주)지유온,111820,Dec-14,2010-06-18,2021-09-30,4,    기타 정보 서비스업,-2.14,1250.49,-40.89,544.91,-23.63,6.73,-97.21,-51.37,18.25,0.15,1.65,0.11,0.16,9,5805.82,0.69,1.05,4.82,34.76,2.56,135.63,2.69,10.5,142.34,0.01,0,0.72,24.04,0.8,0.82,1208.46,1187.47,251.01,68.88,46.96,1137.29,0.7,36.6,75.1,68.05,5289.15,9.29,173.1,2184.95,13.41,39.71,60.29,1.15,(주)지유온
(주)지유온,111820,Dec-15,2010-06-18,2021-09-30,4,    기타 정보 서비스업,5.69,-4.13,-0.64,10.05,4.25,31.28,0,56.79,19.28,-1.34,2.61,-0.9,-1.18,-61,3793.79,0.67,0.87,2.63,41.1,2.99,181.71,2.01,8.88,122.22,0.01,0,0.78,13.1,0.9,0.92,483.34,470.71,183.72,58.75,18.32,984.59,1.84,30.68,74.07,84.52,4405.99,7.32,150.41,2391.27,11.24,62.29,37.71,-11.95,(주)지유온
(주)지유온,111820,Dec-16,2010-06-18,2021-09-30,4,    기타 정보 서비스업,45.25,0.93,-3.17,44.53,45.51,56.63,0,-11.33,26.34,1.71,2.61,0.88,0.99,35,3009.65,0.51,0.58,1.99,34.55,3.31,166.6,2.19,10.56,110.15,0.01,0,0.6,12.9,0.69,0.71,851.02,837.48,79.82,65.48,9.73,826.75,9.78,28.31,74.2,91.13,7170.56,8.2,242.54,3733.23,18.89,47.62,52.38,9.04,(주)지유온
(주)지유온,111820,Dec-17,2010-06-18,2021-09-30,4,    기타 정보 서비스업,1.6,-6.21,-33.56,12.79,-2.3,3.57,-98.79,40.88,39.96,0.03,0.95,0.01,0.01,0.4,1307.87,0.29,0.31,1.05,20.28,2.47,110.43,3.31,18,147.72,0.01,0,0.36,8.8,0.39,0.4,1258.87,1229.98,128.64,65.69,7.63,829.21,0.68,30.83,71.36,92.91,7186.43,8.09,259.16,5549.06,28.49,51.95,48.05,0.11,(주)지유온
(주)지유온,111820,Dec-18,2010-06-18,2021-09-30,4,    기타 정보 서비스업,-69.29,127.48,-46.67,-62.3,-72.09,-96.48,0,0,49.91,-486.05,-5.3,-112.6,-153.04,-3233,662.9,0.23,0.31,0.77,18.49,1.86,85.06,4.29,19.74,196.33,0,0,0.28,2.96,0.33,0.34,181.63,181.63,9.08,29.14,839.49,28.25,-19.04,330.32,64.84,10.64,-16493.05,-60.46,-261.46,-15886.66,-122.63,0,0,0,(주)지유온
(주)지유온,111820,Dec-19,2010-06-18,2021-09-30,4,    기타 정보 서비스업,-8.06,-2.02,-68.61,-15.19,-4.2,-88.56,0,0,74.53,-232.37,-8.32,-37.47,-606.38,-477,205.39,0.16,2.61,0.48,0,0.93,210.89,1.73,0,391.75,0,0,0.16,0.68,0.24,0.24,168.28,168.28,46.83,27.41,7450,3.23,-11.06,2448.8,67.57,1.32,-2695.89,-10.75,-43.62,-4913.06,-63.85,0,0,0,(주)지유온
(주)지유온,111820,Dec-20,2010-06-18,2021-09-30,4,    기타 정보 서비스업,20.47,-97.52,163.34,-9.49,34.86,4199.03,0,0,21.32,-29.26,-8.21,-11.77,-44.53,-145,464.96,0.4,1.52,1.43,27.62,2.21,17.45,20.92,13.21,164.93,0.01,0.08,0.38,3.51,0.56,0.57,245,236.37,107.83,44.76,111.58,113,-3.9,51.56,75.63,47.26,-1257.55,-4.16,-819.47,-1898.17,-11.31,0,0,0,(주)지유온
(주)코너스톤네트웍스,33110,Dec-11,1997-08-18,2021-10-08,4,"    측정, 시험, 항해, 제어 및 기타 정밀기기 제조업; 광학기기 제외",-11.14,-13.11,-35.79,-13.23,-8.4,-17.05,0,5.4,24.23,-38.64,-7.37,-15.59,-26.31,-405,978.46,0.4,0.68,0.72,3.14,3.93,6.17,59.2,116.19,92.91,0.01,1.11,0.62,1.29,0.92,1.3,201.67,138.34,39.32,22.49,75.14,260.59,-5.2,97.01,44.61,57.1,-2221.8,-6.07,-19.64,-8612.96,-14.15,0,0,0,(주)코너스톤네트웍스
(주)코너스톤네트웍스,33110,Dec-12,1997-08-18,2021-10-08,4,"    측정, 시험, 항해, 제어 및 기타 정밀기기 제조업; 광학기기 제외",0.22,-0.41,-12.04,7.85,-9.24,17.42,0,-7.55,32.08,-6.74,-4.34,-2.54,-4.1,-57,662.81,0.38,0.61,0.66,2.8,8.31,9.23,39.54,130.45,43.93,0.01,0.53,0.63,1.22,0.89,1.3,308.52,209.83,106.47,27.3,49.49,235.66,-2.9,89.1,40.39,66.9,2265.92,6.17,20.12,20582.48,16.41,106.53,-6.53,-41.08,(주)코너스톤네트웍스
(주)코너스톤네트웍스,33110,Dec-13,1997-08-18,2021-10-08,4,"    측정, 시험, 항해, 제어 및 기타 정밀기기 제조업; 광학기기 제외",17.31,-34.01,37.52,6.13,33.82,28.9,0,-14.55,40.62,5.67,3.29,2.7,3.83,51,795.56,0.48,0.68,0.84,4.32,5.03,8.23,44.34,84.51,72.63,0.01,0.9,0.79,2.03,1.1,1.47,231.72,184.39,70.81,26.19,36.04,265.13,2.39,73.36,46.08,73.51,3395.18,7.89,45.68,119759.51,17.88,62.84,37.16,31.7,(주)코너스톤네트웍스
(주)코너스톤네트웍스,33110,Dec-14,1997-08-18,2021-10-08,4,"    측정, 시험, 항해, 제어 및 기타 정밀기기 제조업; 광학기기 제외",-10.11,-1.49,-49.42,-12.55,-7.25,-18.81,0,4.17,30.41,-82.48,-8.2,-19.38,-27.63,-336,382.31,0.23,0.34,0.44,2.32,1.36,3.48,104.95,157.18,268.39,0,4.9,0.37,1.3,0.5,0.64,380.15,292.93,52.96,35.04,50.62,204.52,-14.79,79.01,47.54,66.39,-5716.21,-14.77,-78.06,-441405.85,-59.51,0,0,0,(주)코너스톤네트웍스
(주)코너스톤네트웍스,33110,Dec-15,1997-08-18,2021-10-08,4,"    측정, 시험, 항해, 제어 및 기타 정밀기기 제조업; 광학기기 제외",-16.99,-0.51,-6.62,-17.77,-16.13,-40.24,0,-16.46,25.34,-126.02,-12.41,-31.92,-55.07,-464,353.31,0.25,0.44,0.48,2.32,1.33,5.35,68.23,157.63,274.27,0,0,0.38,1.23,0.53,0.69,169.18,130.52,21.46,19.64,109.2,120.97,-17.64,108.71,48.04,47.8,-9119.97,-28.39,-125.19,0,-101.68,0,0,0,(주)코너스톤네트웍스
(주)코너스톤네트웍스,33110,Dec-16,1997-08-18,2021-10-08,4,"    측정, 시험, 항해, 제어 및 기타 정밀기기 제조업; 광학기기 제외",174.85,-90.91,246.69,197.05,150.83,100.23,0,-26.33,31.38,-19.52,0.51,-10.08,-26.33,-215,1080.26,0.52,1.35,0.94,10.16,2.91,13.31,27.43,35.94,125.28,0.01,0,0.52,7.83,1.15,1.3,67.67,63.13,18.19,-20.94,187.15,187.69,0.06,161.27,43.84,34.82,-1074.6,-1.22,-162.29,-12430.35,-3.46,0,0,0,(주)코너스톤네트웍스
(주)코너스톤네트웍스,33110,Dec-17,1997-08-18,2021-10-08,4,"    측정, 시험, 항해, 제어 및 기타 정밀기기 제조업; 광학기기 제외",-53.24,-3.99,-87.25,-85.41,-12.04,-34.57,0,-1.64,15.1,-1311.36,-9.12,-80.24,-204.41,-1285,89.96,0.06,0.16,0.14,1.54,0.48,1.7,215.31,237.21,755.05,0,3.06,0.05,6.11,0.11,0.12,164.89,152.51,1.28,32.45,105.2,74.17,-1.64,35.97,82.47,48.73,-44465.44,-107.72,-6994.09,-459591.1,-1121.74,0,0,0,(주)코너스톤네트웍스
(주)코너스톤네트웍스,33110,Dec-18,1997-08-18,2021-10-08,4,"    측정, 시험, 항해, 제어 및 기타 정밀기기 제조업; 광학기기 제외",19.29,-31.49,23.92,168.39,-12.4,43.78,0,-53.53,12.12,-45.62,-10.3,-4.95,-9.14,-37,81.08,0.11,0.2,0.37,2.63,3.51,4.06,89.82,139.02,103.93,0.01,0.48,0.1,9.17,0.15,0.16,217.63,208.96,3.16,32.73,70.25,65.06,-1.87,67.15,60.56,58.74,2638.37,5.36,605.75,36884.81,53.71,85.42,14.58,-84.94,(주)코너스톤네트웍스
(주)코너스톤네트웍스,33110,Dec-19,1997-08-18,2021-10-08,4,"    측정, 시험, 항해, 제어 및 기타 정밀기기 제조업; 광학기기 제외",30.01,165.43,-53.4,133.99,-37.7,7.08,0,-44.08,-33.19,-2542.12,-10.82,-102.75,-194.3,-530,20.82,0.04,0.08,0.07,2.47,0.9,0.92,397.42,147.58,406.03,0.01,0.41,0.05,2.88,0.09,0.1,63.95,61.67,2.35,-16.36,106.72,49.48,-2.82,146.73,29.02,48.37,-53288.12,-83.23,-4609.34,-1150931.31,-2328.11,0,0,0,(주)코너스톤네트웍스
(주)코너스톤네트웍스,33110,Dec-20,1997-08-18,2021-10-08,4,    종합 소매업,-54.83,-78.61,54.88,-91.64,35.18,-91.99,0,-88.24,55.99,-860.6,-3.33,-65.65,-182.41,-236,27.32,0.08,0.21,0.14,9.56,1.28,1.28,284.83,38.19,284.69,0.03,0.1,0.07,5.05,0.16,0.17,95.58,95.28,0.2,-4.02,1065.71,3.82,-0.69,153.15,86.86,8.58,-26225.77,-90.7,-10605.03,-1244106.74,-739.79,0,0,0,(주)코너스톤네트웍스
(주)팍스넷,38160,Dec-16,2016-08-01,2021-08-23,4,    기타 정보 서비스업,59.12,-16.63,8.04,40.58,62.63,74.13,-1.09,0,0,16.15,11.43,9.29,10.83,380,2351.26,0.58,0.67,3.89,0,10.86,0,0,0,33.62,0.03,0.09,0.58,54.95,0.68,0.68,788.82,788.82,422.52,75.04,12.67,760.69,999999999,15.85,85.93,88.76,9977.64,21.02,2710.81,3209.8,44.86,49.68,50.32,36,(주)팍스넷
(주)팍스넷,38160,Dec-17,2016-08-01,2021-08-23,4,    기타 정보 서비스업,4.54,-25.8,-17.67,123.78,-14.98,5.07,-47.76,0,0,10.25,4.06,3.86,4.34,169,1653.09,0.38,0.42,1.69,0,8.46,0,0,0,43.15,0.02,0.12,0.43,57.12,0.49,0.49,664.74,664.74,384.03,59.37,12.1,799.24,999999999,33.76,69.88,89.2,7786.85,15.69,2851.35,3598.09,42.52,65.73,34.27,24.1,(주)팍스넷
(주)팍스넷,38160,Dec-18,2016-08-01,2021-08-23,4,    기타 정보 서비스업,25.87,2759.69,-4.64,58.75,11.7,-3.54,0,0,0,-7.87,1.84,-2.45,-3.16,-124,1576.42,0.31,0.4,0.9,0,10.69,0,0,0,34.13,0.03,0.09,0.36,4.32,0.48,0.48,197.64,197.64,28.64,30.64,46.28,770.93,1.61,55.56,62.02,68.36,4178.07,6.69,53.5,1010.07,23.93,110.61,-10.61,-32.88,(주)팍스넷
(주)팍스넷,38160,Dec-19,2016-08-01,2021-08-23,4,    기타 정보 서비스업,21.89,45.58,-55,7.69,30.58,-68.11,0,0,0,-379.4,-15.78,-43.02,-105.88,-2697,709.37,0.11,0.28,0.32,0,9.03,0,0,0,40.42,0.02,0.11,0.1,0.82,0.18,0.18,92.76,92.76,2.59,-5.19,459.16,237.35,-3.8,187.64,66.44,17.88,-18383.12,-24.15,-356.74,-1315.83,-233.94,0,0,0,(주)팍스넷
(주)팍스넷,38160,Dec-20,2016-08-01,2021-08-23,4,    기타 정보 서비스업,-64.76,-57.19,-4.58,-45.02,-74.73,0,0,0,0,-133.04,-10.59,-19.38,0,-826,612.6,0.15,0,0.38,0,7.41,0,0,0,49.27,0.02,0.13,0.09,0.92,0.24,0.24,30.3,30.3,1.01,-109.58,0,0,-1.16,0,47.65,0,1922.57,7.17,39.5,237.32,25.64,243.94,-143.94,-518.9,(주)팍스넷
(주)퓨전,195440,Dec-16,2016-12-21,2021-06-10,4,    소프트웨어 개발 및 공급업,0,0,0,0,0,0,0,0,30.83,2.99,13.99,2.74,4.79,413,13815.36,0.92,1.6,12.62,5.33,2.12,4.9,74.5,68.42,171.78,0.01,0.39,0.68,37.59,0.99,1.22,222.52,181.21,67.27,51.05,74.38,1162.93,11.49,12.69,92.72,57.35,5443.24,17.72,725.18,0,19.29,51.72,48.28,15.49,(주)퓨전
(주)퓨전,195440,Dec-17,2016-12-21,2021-06-10,4,    소프트웨어 개발 및 공급업,-6.15,19.97,-12.47,88.81,-13.6,-41.11,0,11.22,8.52,-33.55,-26.07,-27.82,-59.19,-988,2937.32,0.83,1.76,7.65,4.42,1.97,2.89,126.1,82.55,185.09,0.01,0.29,0.59,29.92,0.93,1.18,136.41,103.81,0.96,22.78,177.9,246.8,-47.28,40.69,85.36,35.98,-4104.76,-14.24,-455.83,-4849.67,-16.62,0,0,0,(주)퓨전
(주)퓨전,195440,Dec-18,2016-12-21,2021-06-10,4,    소프트웨어 개발 및 공급업,-21.27,4.37,-29.67,4.18,-25.64,-94.19,0,-68.94,-13.13,-75.73,-35.71,-51.05,-239.64,-465,2065.82,0.67,3.16,4.03,4.51,1.96,1.85,197.13,81,186.3,0.01,0.22,0.42,18.88,0.81,0.99,84.35,75.93,4.25,-14.96,3666.86,4.62,-6.32,729.8,80.63,2.65,-6538.54,-28.8,-695.67,-2760.03,-37.64,0,0,0,(주)퓨전
(주)퓨전,195440,Dec-19,2016-12-21,2021-06-10,4,    소프트웨어 개발 및 공급업,134.45,58.07,-48.99,707.72,-3.31,5161.99,0,-82.22,-2.33,-105.05,-18.62,-24.52,-57.62,-3450,131.08,0.23,0.55,0.44,8.24,2.62,1.82,200.23,44.32,139.58,0,0.11,0.23,7.31,0.49,0.52,86.52,84.93,18.95,-5.18,67.83,1651.5,-5.05,112.02,33.25,59.58,-1894.29,-3.56,-127.51,-1055.23,-21.38,0,0,0,(주)퓨전
(주)퓨전,195440,Dec-20,2016-12-21,2021-06-10,4,    소프트웨어 개발 및 공급업,-71.39,-85.99,-72.71,-61.03,-92.18,-82.01,0,-67.97,-19.4,-1023.99,-10.72,-72.35,-132.36,-6437,588.82,0.07,0.13,0.1,11.28,5.04,1.09,334.15,32.36,72.41,0,0.07,0.1,2.86,0.25,0.26,14.55,13.46,4.45,-53.37,166.9,275.89,-1.85,242.64,9.09,37.47,-21218.99,-139.35,-10191.76,0,-877.48,0,0,0,(주)퓨전
(주)행남사,8800,Dec-11,1993-09-03,2021-06-07,4,"    내화, 비내화 요업제품 제조업",3.41,-2.89,3.26,0.56,5.29,-3.3,0,-1.42,14.28,-1.53,1.16,-1.3,-2.51,-128.55,7980.67,0.85,1.64,2.17,4.43,3.21,13.26,27.52,82.45,113.84,0.01,0,0.8,4.81,1.4,2.05,129.93,90.07,1.06,14.11,99.48,95.49,0.29,77.27,61.26,50.13,8784.2,15.27,89.01,1282.27,18.23,82.45,17.55,-8.37,(주)행남사
(주)행남사,8800,Dec-12,1993-09-03,2021-06-07,4,"    내화, 비내화 요업제품 제조업",-14.51,-37.9,-1.21,-14,-14.83,3.27,0,-19.28,11.65,2.88,-3.43,2.57,4.67,239.27,7883.97,0.89,1.62,2.3,4.87,2.88,13.17,27.71,74.87,126.65,0.01,0,0.86,5.95,1.46,2.08,166.5,118.09,0.58,24.38,65.15,98.6,-1.48,64.36,61.03,60.55,9994.82,20.33,231.27,2804.4,20.99,63.45,36.55,13.7,(주)행남사
(주)행남사,8800,Dec-13,1993-09-03,2021-06-07,4,"    내화, 비내화 요업제품 제조업",2.42,-11.09,-5.69,-11.84,11.54,0.58,-92.37,41.99,14.06,0.23,2.09,0.21,0.35,18,7435.27,0.9,1.5,2.49,4.25,2.63,13.99,26.1,85.81,138.69,0.01,0,0.89,7.76,1.41,2.12,173.29,109.16,1.76,28.11,68.18,99.17,1.12,56.41,66.46,59.46,6962.84,13.83,127.78,769.43,15.51,73.34,26.66,1.5,(주)행남사
(주)행남사,8800,Dec-14,1993-09-03,2021-06-07,4,"    내화, 비내화 요업제품 제조업",-0.59,-1.66,-0.12,-4.61,1.44,-5.53,0,-6.42,8.86,-3.17,-2.05,-2.83,-4.88,-248.38,7426.66,0.89,1.54,2.72,3.74,2.49,13.42,27.19,97.58,146.5,0,0,0.83,8.3,1.33,2.06,161.65,106.46,1.3,25.86,76.97,93.69,-1.34,56.95,67.82,56.51,4860.98,9.71,90.72,543.72,10.84,91.49,8.51,-29.24,(주)행남사
(주)행남사,8800,Dec-15,1993-09-03,2021-06-07,4,"    내화, 비내화 요업제품 제조업",2.33,-4.23,-12.88,12.63,-2.55,11.58,0,21.76,11.41,1.51,0.56,1.17,1.97,101.54,6429.36,0.77,1.31,2.28,3.04,2.25,11.68,31.26,120.07,162.4,0,0,0.76,7.45,1.17,1.89,226.27,129.74,1.08,36.04,62.31,101.32,0.35,57.49,64.58,61.61,4945.24,9.65,96.37,641.21,12.66,67.82,32.18,11.94,(주)행남사
(주)행남사,8800,Dec-16,1993-09-03,2021-06-07,4,"    내화, 비내화 요업제품 제조업",5.58,68.98,-28.47,17.66,-1.04,-35.79,0,-9.02,8.67,-81.5,-7.31,-43.25,-87.89,-341.73,419.36,0.53,1.08,1.42,2.07,1.97,9.64,37.87,176.01,185.51,0,0,0.55,4.05,0.85,1.44,158.78,96.51,1.32,22.41,166.9,58.88,-3.52,105.35,60.53,37.47,-17679.18,-32.68,-308.44,-4916.62,-63.25,0,0,0,(주)행남사
(주)행남사,8800,Dec-17,1993-09-03,2021-06-07,4,"    내화, 비내화 요업제품 제조업",-9.6,50.62,-45.2,-11.28,-8.51,43.1,0,-17.67,-8.63,-147.41,-16.45,-43.85,-91.65,-263.65,186.43,0.3,0.62,0.76,1.31,1.62,8.36,43.66,278.96,225.99,0,0,0.3,1.41,0.49,0.78,169.92,109.95,3.62,25.21,68.6,50.94,-5.24,65.31,61.26,59.31,-17749.19,-36.3,-180.47,-4745.91,-115.88,0,0,0,(주)행남사
(주)행남사,8800,Dec-18,1993-09-03,2021-06-07,4,"    내화, 비내화 요업제품 제조업",100.31,23.79,-43.37,138.36,76.24,104.5,0,-82.73,-95.79,-130.33,-20.41,-15.4,-25.6,-681,231.32,0.12,0.2,0.27,1.4,2.16,12.37,29.5,260.84,168.92,0,0,0.13,0.59,0.21,0.25,138.83,134.03,82.86,15.08,65.14,372.07,-3.59,76.13,53.9,60.55,-4022.03,-4.11,-24.88,-340.23,-46.37,0,0,0,(주)행남사
(주)행남사,8800,Dec-19,1993-09-03,2021-06-07,4,    기타 식품 제조업,-54.2,12.96,-23.13,-30.12,-74.79,-45.9,0,-86.83,4.49,-533.76,-4.38,-49.84,-77.88,-1026,206.8,0.09,0.15,0.17,6.46,4.26,17.17,21.26,56.54,85.76,0.01,0,0.11,0.39,0.2,0.21,108.37,106.41,36.84,2.29,39.81,140.65,-4.59,98.34,29.66,71.53,1283.81,2.86,7.03,113.01,19.25,135,-35,-2772.29,(주)행남사
(주)행남사,8800,Dec-20,1993-09-03,2021-06-07,4,    기타 식품 제조업,-30.56,-25.94,-60.31,-21.83,-51.25,-40.26,0,-32.54,8.67,-169.45,-8.23,-11.8,-17.5,-98,58.01,0.07,0.1,0.09,13.15,2.48,11.44,31.92,27.75,146.9,0.01,0.24,0.12,0.17,0.27,0.27,62.14,60.58,53.65,-12.69,62.52,84.02,-4.33,128.68,20.82,61.53,-1464.7,-4.7,-10.83,0,-55.34,0,0,0,(주)행남사
(주)화신테크,86250,Dec-11,2006-11-10,2021-08-31,4,    특수 목적용 기계 제조업,15.17,16.07,11.09,9.29,38.66,6.49,18.4,60.23,14.38,9.22,1.83,5.06,7.15,292,3021.34,0.55,0.78,0.71,2814.14,12.42,9.86,37,0.13,29.38,0,0,1.29,3.54,2.47,2.47,103.96,103.86,2.43,0.92,46.57,803.67,4.64,111.2,24.13,68.23,8631.68,15.11,109.28,1264.72,29.45,58.38,41.62,31.29,(주)화신테크
(주)화신테크,86250,Dec-12,2006-11-10,2021-08-31,4,    특수 목적용 기계 제조업,1.26,38.79,21.12,-2.88,14.27,-5.09,-9.76,30.22,15.84,6.87,2.12,4.24,6.42,264,3659.3,0.62,0.93,0.83,2404.45,17.21,9.88,36.95,0.15,21.21,0,0,1.24,3.35,2.4,2.41,108.76,108.64,5.18,2.19,56.38,762.74,4.32,113.8,27.23,63.95,9267.79,16.02,105.27,1169.84,26.11,59.63,40.37,26.3,(주)화신테크
(주)화신테크,86250,Dec-13,2006-11-10,2021-08-31,4,    특수 목적용 기계 제조업,19.04,96.8,-1.39,-15.13,110.35,14.45,272.63,-0.25,15.95,25.95,3.56,14.34,22.9,982,3608.31,0.55,0.88,0.9,2098.45,15.17,8.84,41.31,0.17,24.07,0,0,0.83,1.91,1.43,1.43,156.67,156.59,68.54,17.41,62.65,872.97,5.88,84.38,48.12,61.48,19515.55,28.34,122.83,1083.32,55.76,33.2,66.8,46.54,(주)화신테크
(주)화신테크,86250,Dec-14,2006-11-10,2021-08-31,4,    특수 목적용 기계 제조업,10.46,6.01,30.31,53.77,-36.25,3.24,-73.88,27.06,12.88,5.2,2.3,3.27,5.51,247,4702.16,0.63,1.06,1.01,2411.67,11.06,9.15,39.88,0.15,32.99,0,0,0.95,1.82,1.68,1.68,101.52,101.42,0.66,0.42,74.02,901.28,2.88,125.68,27.77,57.47,10900.15,14.33,42.76,144.85,23.9,64.74,35.26,21.77,(주)화신테크
(주)화신테크,86250,Dec-15,2006-11-10,2021-08-31,4,    특수 목적용 기계 제조업,7.64,-2.63,6.31,-0.96,29.99,-1.66,0,133.32,10.75,-0.49,0.41,-0.3,-0.54,-24,4998.64,0.61,1.12,0.89,1374.51,8.86,9.3,39.26,0.27,41.19,0.46,0,1.05,1.91,2,2,119.46,119.25,10.24,5.46,90.47,886.33,0.21,126.58,33.54,52.5,9394.39,11.47,37.68,127.53,19.38,78.72,21.28,-2.51,(주)화신테크
(주)화신테크,86250,Dec-16,2006-11-10,2021-08-31,4,    특수 목적용 기계 제조업,-14.74,-55.37,-32.36,-37.02,29.42,-31.77,0,-78.69,9.05,-41.79,-2.05,-18.07,-37.91,-1413,3381.23,0.43,0.91,0.74,1094.9,6.2,7.68,47.56,0.33,58.83,0.09,0,0.6,1.81,1.04,1.04,149.29,149.25,18.28,16.81,138,604.77,-1.81,116.83,50.91,42.02,-3878.14,-5.56,-35.25,-56.69,-11.82,0,0,0,(주)화신테크
(주)화신테크,86250,Dec-17,2006-11-10,2021-08-31,4,    특수 목적용 기계 제조업,-4.45,170.03,4.76,-3.05,-5.8,-6.43,0,-52.14,13.95,-5.49,0.64,-2.77,-6.65,-195,3542.34,0.5,1.21,1.02,4415.64,8.54,7.25,50.38,0.08,42.75,0,0,0.58,1.66,1,1,135.19,135.17,11.81,13.07,143.05,565.86,0.12,121.05,50.19,41.14,7640.65,11.45,25.31,95.91,22.24,95.79,4.21,-24.7,(주)화신테크
(주)화신테크,86250,Dec-18,2006-11-10,2021-08-31,4,    특수 목적용 기계 제조업,-17.16,-3.46,-24.67,7.54,-41.66,-23.11,0,39.38,-1.59,-29.02,-8.38,-12.32,-30.95,-854,2668.3,0.42,1.07,0.75,4292.63,11.66,5.37,67.97,0.09,31.31,0,0,0.51,0.87,0.98,0.98,81.2,81.17,0.71,-8.19,161.88,435.08,-2.9,169.31,35.35,38.19,2695.65,4.88,9.25,35.52,10.41,298.05,-198.05,-278.69,(주)화신테크
(주)화신테크,86250,Dec-20,2006-11-10,2021-08-31,4,    특수 목적용 기계 제조업,0,0,0,0,0,0,0,0,-16.35,-226.77,-33.24,-36.17,-76,-292,121.36,0.16,0.34,0.19,4953.79,27.32,105.81,3.45,0.07,13.36,0.1,0,0.23,0.22,0.88,0.88,34.64,34.64,12.35,-34.25,110.1,144.85,-1.88,171.96,18.15,47.6,-264.26,-0.56,-0.77,-3.94,-7.07,0,0,0,(주)화신테크
디에스티(주),33430,Dec-11,1998-05-25,2021-09-02,4,    특수 목적용 기계 제조업,3.28,-28.16,81.96,-9.72,62.53,-0.14,0,234.43,25.22,-24.69,1.41,-5.15,-10.91,-60,222.87,0.21,0.44,0.27,25.73,3.97,14.99,24.35,14.19,92.04,0.01,0.07,0.48,43.75,0.9,0.93,131.5,125.8,1.45,6.78,115.31,100.83,0.46,154.33,28.32,46.45,814.12,2.16,549.72,9045820.33,10.51,106.54,-6.54,-235,디에스티(주)
디에스티(주),33430,Dec-12,1998-05-25,2021-09-02,4,    특수 목적용 기계 제조업,-13.27,-40.88,7.41,-39.78,53.81,-27.81,0,0,9.64,-77.83,-7.84,-18.38,-42.92,-170,207.14,0.24,0.55,0.38,35.9,5.72,7.37,49.51,10.17,63.76,0.04,0.03,0.32,70.64,0.61,0.62,99.93,99.93,3.07,-0.03,158.67,60.81,-2.39,128.75,50.23,38.66,-3892.32,-11.89,-4445.89,-43248005.11,-46.77,0,0,0,디에스티(주)
디에스티(주),33430,Dec-13,1998-05-25,2021-09-02,4,    기타 전문 도매업,32.74,-85.51,-18.31,51.79,13.86,37.7,0,0,8.79,-68.03,-3.44,-12.14,-30.75,-106,151.31,0.18,0.45,0.33,111.01,10.64,4.93,74.05,3.29,34.31,0,0.01,0.18,135.66,0.39,0.39,73.11,72.64,1.96,-15.84,149.34,61.2,-0.89,141.91,43.08,40.11,-2089.8,-4.81,-16479.11,0,-30.74,0,0,0,디에스티(주)
디에스티(주),33430,Dec-14,1998-05-25,2021-09-02,4,    기타 전문 도매업,133.81,128.64,-4.02,246.25,-14.71,144.89,0,1222.85,5.63,-240.16,-0.63,-21.61,-52.15,-150,57.71,0.09,0.22,0.12,7.49,8.5,2.57,142,48.74,42.96,0,0.07,0.17,313.12,0.38,0.4,86.4,77.63,0.24,-2.47,138.06,72.26,-0.73,200.65,15.72,42.01,-12957.61,-12.76,-44689.45,0,-198.59,0,0,0,디에스티(주)
디에스티(주),33430,Dec-15,1998-05-25,2021-09-02,4,    기타 전문 도매업,-41.2,332.87,84.8,-51.6,14.54,-47.79,0,-79.67,7.32,-199.39,2.3,-29.81,-74.04,-187,92.07,0.15,0.37,0.19,12.37,16.03,3.09,118.18,29.51,22.77,0,0.04,0.28,156.09,0.7,0.75,57.07,56.05,0.82,-23.03,168.09,31.49,-0.18,186.01,30.62,37.3,-22159.02,-37.1,-17655.29,-27990.22,-183.77,0,0,0,디에스티(주)
디에스티(주),33430,Dec-16,1998-05-25,2021-09-02,4,    기타 전문 도매업,-13.7,1382.64,21.05,-32.55,29.02,-39.93,0,107.87,13.35,-150.74,-3.07,-39.55,-123.4,-187,123.97,0.26,0.82,0.42,28.79,11.18,4.11,88.88,12.68,32.64,0,0.03,0.26,14.7,0.7,0.71,62.43,60.62,0.26,-27.55,285.16,28.94,-1.11,208.86,45.77,25.96,-18549.87,-35.99,-996.85,-1916.64,-127.09,0,0,0,디에스티(주)
디에스티(주),33430,Dec-17,1998-05-25,2021-09-02,4,    기타 전문 도매업,3.65,39.64,54.67,-22.29,34.39,30,0,904.19,48.51,16.57,8.05,7.13,24.3,406,770.13,0.43,1.47,0.91,5.97,4.88,7.59,48.06,61.12,74.86,0.01,0.31,0.35,10.13,0.82,0.95,88.49,69.3,2.83,-7.72,207.09,376.24,1.4,124.85,59.34,32.56,10900.21,20.4,419.47,1891.98,48.28,31.93,68.07,34.31,디에스티(주)
디에스티(주),33430,Dec-18,1998-05-25,2021-09-02,4,    특수 목적용 기계 제조업,4.97,-6.13,22.24,-14.46,18.29,-2.42,0,12.52,45.52,-23.32,4.16,-11.76,-37.45,-130,2768.94,0.5,1.61,1.37,3.78,3.14,10.2,35.77,96.63,116.33,0.01,0,0.38,10.96,0.8,1.01,96.89,76.91,4.41,-2.14,230.34,325.51,0.33,109.44,66.87,30.27,3194.91,5.7,130.98,613.21,11.58,156.31,-56.31,-201.48,디에스티(주)
디에스티(주),33430,Dec-19,1998-05-25,2021-09-02,4,    특수 목적용 기계 제조업,-2.89,513.09,-24.6,65.34,-36.7,-75.96,0,-98.24,43.91,-86.32,-4.07,-32.5,-170.6,-326,324.18,0.38,1.98,0.84,5.29,3.17,10.11,36.12,69.04,115.22,0.01,0,0.28,2.39,0.68,0.78,48.53,48.25,2.11,-46.24,1234.14,63.59,-0.64,752.55,43.59,7.5,-7534.44,-13.83,-50.38,-1844.38,-36.21,0,0,0,디에스티(주)
디에스티(주),33430,Dec-20,1998-05-25,2021-09-02,4,    특수 목적용 기계 제조업,2.59,-1.51,-13.09,-1.89,8.38,-17.54,0,-9.74,37.66,-14.57,-1.91,-4.78,-70.77,-41,270.24,0.33,4.86,0.59,139.94,4.15,7.68,47.53,2.61,87.93,0.02,0.01,0.25,1.22,0.73,0.74,52.78,52.53,0.53,-41.2,1559.8,50.3,-0.33,895.38,46.05,6.02,10391.08,18.6,70.55,3174.88,57.46,45.98,54.02,-25.36,디에스티(주)
럭슬(주),33600,Dec-11,2000-11-21,2021-08-11,4,    자동차 신품 부품 제조업,-11.54,-2.17,35.06,-7.09,-26.53,-9.39,-93.67,53.1,4.29,0.3,1.36,0.18,0.36,17,4724.62,0.6,1.18,0.76,37.19,7.26,8.94,40.81,9.82,50.28,0.05,0.03,1.21,1.04,2.87,3.11,59.14,52.62,9.63,-13.12,93.4,759.71,0.17,156.67,18.99,51.71,11497.12,13.61,22.43,77.77,21.16,72.34,27.66,1.43,럭슬(주)
럭슬(주),33600,Dec-12,2000-11-21,2021-08-11,4,    자동차 신품 부품 제조업,-8,-4.21,-13.12,-2.42,-31.78,-9.07,0,-51.38,0.42,-6.62,-2.48,-3.85,-7.49,-318,4104.63,0.58,1.13,0.7,35.94,6.76,8.93,40.87,10.16,53.98,0.04,0.03,1.28,0.94,3.5,3.88,56.21,51.79,7.07,-10.97,95.68,690.8,-1.64,168.13,14.08,51.1,8087.35,10.4,16.59,55.63,17.13,99.82,0.18,-38.64,럭슬(주)
럭슬(주),33600,Dec-13,2000-11-21,2021-08-11,4,    자동차 신품 부품 제조업,-2.22,-0.88,2.53,-2.41,-1.05,-13.06,0,77.99,0.02,-7.05,-2.93,-4.44,-9.18,-347,4208.35,0.63,1.3,0.73,40.51,6.94,8.52,42.83,9.01,52.61,0.05,0.03,1.47,0.98,4.45,4.99,44.07,37.84,0.36,-18.09,120.08,600.55,-1.86,188.72,14.25,45.44,8051.06,10.59,16.72,57.82,16.64,97.51,2.49,-42.35,럭슬(주)
럭슬(주),33600,Dec-14,2000-11-21,2021-08-11,4,    자동차 신품 부품 제조업,-7.43,-3.63,29.76,-12.15,20.97,-15.85,0,123.01,4.9,-9.37,1.04,-8.04,-18.51,-600,5460.7,0.86,1.98,1.03,25.42,7.74,8.91,40.95,14.36,47.19,0.05,0.04,1.51,1.31,5.25,6.61,37.53,27.76,2.13,-30.99,142.11,505.35,0.47,197.02,18.62,41.3,4231.88,6.02,8.98,31.09,6.74,182.9,-82.9,-139.04,럭슬(주)
럭슬(주),33600,Dec-15,2000-11-21,2021-08-11,4,    자동차 신품 부품 제조업,-13.86,-5.19,-23.19,-9.13,-34.54,-9.62,0,-23.06,-2.38,-6.34,-5.61,-4.67,-11.06,-312,4194.18,0.74,1.74,0.88,15.98,7.64,8.08,45.18,22.84,47.78,0.04,0.06,1.15,1.05,4.45,6.17,31.3,21.72,6.17,-31.06,130.74,456.74,-3.72,198.08,14.15,43.34,6990.09,11.54,15.64,58.23,14.49,110.94,-10.94,-43.75,럭슬(주)
럭슬(주),33600,Dec-16,2000-11-21,2021-08-11,4,    자동차 신품 부품 제조업,-9.4,-10.27,-19.65,-9.19,-10.71,-19.34,0,-34.37,-6.92,-31.39,-8.4,-21.07,-51.29,-1129,3370.12,0.67,1.63,0.78,17.83,9.2,10.05,36.31,20.47,39.69,0.04,0.06,1.09,0.91,4.78,6.52,27.57,21.37,5.09,-36.63,159.15,368.41,-5.86,223.01,13.95,38.59,-3420.4,-6.23,-8.54,-38.25,-8.83,0,0,0,럭슬(주)
럭슬(주),33600,Dec-17,2000-11-21,2021-08-11,4,    자동차 신품 부품 제조업,-0.51,1.43,-34.28,1.2,-11.01,-20.74,0,-69.23,-12.46,-40,-8.71,-18.61,-53.67,-886,2214.97,0.47,1.34,0.54,22.62,6.11,7.74,47.14,16.14,59.78,0.03,0.05,0.69,0.63,3.52,4.17,21.88,20.18,0.23,-44.53,225.32,291.99,-5.59,284.73,12.47,30.74,1689.04,3.09,4.16,38.21,6.63,380.32,-280.32,-603.29,럭슬(주)
럭슬(주),33600,Dec-18,2000-11-21,2021-08-11,4,    자동차 신품 부품 제조업,21.1,-5.81,-21.8,-9.89,238.51,-14.93,0,-25.98,-9.32,-48.9,-8.59,-16.13,-62.7,-773,1676.46,0.33,1.28,0.44,43.2,6.44,8.27,44.16,8.45,56.71,0.05,0.02,0.37,0.5,1.33,1.38,49.07,48.24,0.92,-36.19,363.11,197.62,-1.51,301.62,34.87,21.59,288.29,0.44,0.75,9.72,1.45,1808.05,-1708.05,-3378.78,럭슬(주)
에스앤씨엔진그룹리미티드,900080,Dec-11,2009-12-04,2021-06-14,4,    회사 본부 및 경영 컨설팅 서비스업,,,,,,,,,,,,,,,,,,,,,,,,,,,,,,,,,,,,,,,,,,,,,,,,,에스앤씨엔진그룹리미티드
에스앤씨엔진그룹리미티드,900080,Dec-12,2009-12-04,2021-06-14,4,    회사 본부 및 경영 컨설팅 서비스업,,,,,,,,,,,,,,,,,,,,,,,,,,,,,,,,,,,,,,,,,,,,,,,,,에스앤씨엔진그룹리미티드
에스앤씨엔진그룹리미티드,900080,Dec-13,2009-12-04,2021-06-14,4,    회사 본부 및 경영 컨설팅 서비스업,,,,,,,,,,,,,,,,,,,,,,,,,,,,,,,,,,,,,,,,,,,,,,,,,에스앤씨엔진그룹리미티드
에스앤씨엔진그룹리미티드,900080,Dec-14,2009-12-04,2021-06-14,4,    회사 본부 및 경영 컨설팅 서비스업,,,,,,,,,,,,,,,,,,,,,,,,,,,,,,,,,,,,,,,,,,,,,,,,,에스앤씨엔진그룹리미티드
에스앤씨엔진그룹리미티드,900080,Dec-15,2009-12-04,2021-06-14,4,    회사 본부 및 경영 컨설팅 서비스업,,,,,,,,,,,,,,,,,,,,,,,,,,,,,,,,,,,,,,,,,,,,,,,,,에스앤씨엔진그룹리미티드
에스앤씨엔진그룹리미티드,900080,Dec-16,2009-12-04,2021-06-14,4,    회사 본부 및 경영 컨설팅 서비스업,,,,,,,,,,,,,,,,,,,,,,,,,,,,,,,,,,,,,,,,,,,,,,,,,에스앤씨엔진그룹리미티드
에스앤씨엔진그룹리미티드,900080,Dec-17,2009-12-04,2021-06-14,4,    회사 본부 및 경영 컨설팅 서비스업,,,,,,,,,,,,,,,,,,,,,,,,,,,,,,,,,,,,,,,,,,,,,,,,,에스앤씨엔진그룹리미티드
에스앤씨엔진그룹리미티드,900080,Dec-18,2009-12-04,2021-06-14,4,    회사 본부 및 경영 컨설팅 서비스업,,,,,,,,,,,,,,,,,,,,,,,,,,,,,,,,,,,,,,,,,,,,,,,,,에스앤씨엔진그룹리미티드
에스앤씨엔진그룹리미티드,900080,Dec-19,2009-12-04,2021-06-14,4,    회사 본부 및 경영 컨설팅 서비스업,,,,,,,,,,,,,,,,,,,,,,,,,,,,,,,,,,,,,,,,,,,,,,,,,에스앤씨엔진그룹리미티드
에이아이비트(주),39230,Dec-11,2000-06-22,2021-10-06,4,"    측정, 시험, 항해, 제어 및 기타 정밀기기 제조업; 광학기기 제외",-4.18,0.87,9.76,-1.55,-10.31,5.55,0,-53.79,19.15,-3.32,0.68,-2.43,-5.56,-86,2303.08,0.73,1.67,1.03,10.63,4.51,7.34,49.74,34.33,80.89,0.02,0.13,0.97,1.5,2.52,3.3,63.24,53.23,4.3,-16.32,118.03,282.66,0.12,156.81,28.08,45.87,14997.55,13.36,26.91,137.08,17.88,82.53,17.47,-18.59,에이아이비트(주)
에이아이비트(주),39230,Dec-12,2000-06-22,2021-10-06,4,"    측정, 시험, 항해, 제어 및 기타 정밀기기 제조업; 광학기기 제외",-28.26,-22.16,-48.24,-19.48,-50.77,-20.28,0,-93.24,14.86,-24.03,-1.37,-10.83,-22.56,-286,1192.18,0.45,0.94,0.6,16.31,2.37,8.46,43.14,22.38,154.01,0.01,0.1,0.66,0.87,1.85,2.08,45.38,44.4,1.14,-23.19,96.2,225.33,-0.81,158.39,19.27,50.97,-3571.27,-4.44,-8.16,-265.3,-8.22,0,0,0,에이아이비트(주)
에이아이비트(주),39230,Dec-13,2000-06-22,2021-10-06,4,"    측정, 시험, 항해, 제어 및 기타 정밀기기 제조업; 광학기기 제외",4.7,-0.22,-20.39,-1.11,29.03,-0.74,0,115.63,24.36,-0.87,0.73,-0.37,-0.74,-8,949.09,0.42,0.85,0.53,64.96,2.51,5.59,65.35,5.62,145.58,0.01,0.02,0.63,0.79,1.95,2.01,50.5,48.67,1.64,-23.28,106.94,223.67,0.37,157.79,23.75,48.32,7389,8.76,16.99,537.13,21.37,75.06,24.94,-4.09,에이아이비트(주)
에이아이비트(주),39230,Dec-14,2000-06-22,2021-10-06,4,"    측정, 시험, 항해, 제어 및 기타 정밀기기 제조업; 광학기기 제외",5.09,-1.19,57.07,-1.84,27.32,-6.6,0,423.25,19.33,-4.95,-0.26,-3.11,-6.83,-74,1490.76,0.63,1.38,0.85,23.96,3.53,5.78,63.19,15.23,103.39,0.02,0.05,0.83,1.25,2.39,2.65,56.6,48.16,4.39,-22.06,132.84,208.91,-0.24,165.84,28.78,42.95,7325.9,8.27,17.02,572.73,13.49,91.37,8.63,-36.71,에이아이비트(주)
에이아이비트(주),39230,Dec-15,2000-06-22,2021-10-06,4,"    측정, 시험, 항해, 제어 및 기타 정밀기기 제조업; 광학기기 제외",7.32,-1.61,-6.92,-1.06,28.04,-2.98,0,86.72,16.01,-2.24,-1.62,-1.23,-3.02,-31,1387.61,0.55,1.35,0.81,9.27,2.78,3.49,104.67,39.39,131.47,0.02,0.12,0.65,1.18,1.74,2.14,62.12,48.6,5.64,-20.93,157.56,202.68,-1.31,169.13,34.33,38.83,7352.48,7.73,17.35,657.18,14.55,88.19,11.81,-15.42,에이아이비트(주)
에이아이비트(주),39230,Dec-16,2000-06-22,2021-10-06,4,"    측정, 시험, 항해, 제어 및 기타 정밀기기 제조업; 광학기기 제외",-58.95,-98.13,-30.22,-93.28,6.71,-60.44,0,-29.12,1.77,-63.26,-18.17,-33.27,-86.61,-612,968.25,0.53,1.37,1.06,5.81,2.16,2.74,133.45,62.82,169.11,0.01,0.19,0.5,1.63,1.05,1.27,161.66,138.29,71.16,34.04,167.25,80.19,-7.99,28.74,89.25,37.42,-18676.18,-47.85,-2499.07,-2957.59,-52.95,0,0,0,에이아이비트(주)
에이아이비트(주),39230,Dec-17,2000-06-22,2021-10-06,4,"    측정, 시험, 항해, 제어 및 기타 정밀기기 제조업; 광학기기 제외",36.58,-64.63,-37.29,94.89,29.55,19.77,0,0,34.6,-25.14,10.67,-12.04,-34.65,-144,599.26,0.48,1.38,3.57,8.78,2.9,4.22,86.56,41.55,125.93,0.01,0.13,0.32,41.21,0.55,0.59,126,126,7.37,17.47,204.76,83.79,4.46,46.77,84.65,32.81,-2408.73,-4.52,-858.63,-1421.27,-10.89,0,0,0,에이아이비트(주)
에이아이비트(주),39230,Dec-18,2000-06-22,2021-10-06,4,"    측정, 시험, 항해, 제어 및 기타 정밀기기 제조업; 광학기기 제외",34.86,-6.01,-43.31,131.94,17.27,68.98,0,0,47.44,-65.8,2.25,-13.18,-35.07,-165,258.93,0.2,0.53,0.92,0,4.12,5.54,65.89,0,88.69,0.04,0,0.14,46.09,0.26,0.26,125,125,10.06,14.72,143.23,103.48,0.1,64.19,73.61,41.11,-806.83,-1.12,-306,-441.87,-6.43,0,0,0,에이아이비트(주)
에이아이비트(주),39230,Dec-19,2000-06-22,2021-10-06,4,"    측정, 시험, 항해, 제어 및 기타 정밀기기 제조업; 광학기기 제외",-18.86,3203.84,-33.73,37.76,-39.16,65.14,0,0,51.49,-166.49,2.12,-21.25,-35.3,-171,105.06,0.13,0.21,0.37,647.75,2.74,6.87,53.15,0.56,133.3,0.01,0,0.12,1.85,0.2,0.2,342.07,341.8,29.3,39.06,19.5,93.55,0.2,53.55,55.19,83.68,-10560.63,-18.1,-4996.17,-7437.69,-127.08,0,0,0,에이아이비트(주)
에이아이비트(주),39230,Dec-20,2000-06-22,2021-10-06,4,"    측정, 시험, 항해, 제어 및 기타 정밀기기 제조업; 광학기기 제외",-6.22,1.54,-33.09,20.23,-27.69,-9.11,0,-72.59,43.53,-127.79,-6.49,-12.57,-15.25,-67,53.28,0.1,0.12,0.19,340.16,1.96,15.46,23.61,1.07,186.35,0.01,0,0.15,0.63,0.2,0.2,231.28,231.21,12.08,24.16,23.29,80.41,-4.67,70.83,42.56,81.11,-3782.93,-6.91,-1095.8,-1458.88,-68.04,0,0,0,에이아이비트(주)
