[제조]유동자산구성비율,[제조]순운전자본비율,[제조]매입채무회전기간,[제조]총자본증가율,[제조]매출채권회전률,[제조]매출액순이익률,[제조]노동소득분배율,[제조]자기자본순이익률,[제조]재고자산증가율,year,label
68.34,58.5,58.88,-2.09,2.07,1.45,71.28,0.74,56.29,2013,0
42.54,26.07,10.72,8.02,27.05,8.4,54.85,8.18,0.0,2014,0
49.57,27.52,19.48,6.03,7.68,8.32,59.97,8.88,22.86,2017,0
73.64,51.57,70.79,27.48,2.93,0.22,87.22,0.18,0.0,2015,0
75.18,28.72,56.25,0.71,1.97,1.99,59.86,4.19,50.46,2018,0
63.73,51.73,6.27,8.69,3.56,2.43,54.39,1.14,56.32,2012,0
39.37,-30.4,40.55,4.74,6.64,-0.44,58.86,-1.4,2.89,2011,0
35.78,30.73,10.77,13.71,7.28,15.44,55.34,4.88,-4.14,2017,0
80.82,35.62,51.15,7.61,3.71,4.94,54.83,10.89,14.27,2013,0
84.8,50.62,65.39,-2.61,3.38,2.13,63.09,3.95,-17.39,2015,0
61.55,44.21,0.0,15.97,11.94,15.17,64.8,17.75,55.65,2017,0
49.43,36.77,22.12,-2.47,6.31,21.93,44.26,27.59,-20.09,2014,0
41.45,32.29,11.77,2.91,5.24,5.34,71.86,3.05,30.96,2011,0
57.05,38.78,15.71,12.76,8.87,9.47,56.77,10.69,49.11,2015,0
34.04,-5.35,18.17,-8.48,8.41,8.4,34.6,17.13,-16.15,2018,0
62.84,54.85,38.31,5.66,3.26,14.28,50.72,8.61,35.6,2012,0
71.08,51.26,32.8,9.55,4.05,11.24,38.63,13.46,18.62,2011,0
69.69,57.45,44.34,-7.65,4.4,11.4,48.62,10.15,47.57,2012,0
68.4,55.02,37.52,28.92,6.11,18.86,37.85,16.95,0.0,2012,0
76.43,39.45,53.21,21.28,3.48,4.57,54.3,15.57,42.45,2014,0
68.56,44.51,59.6,19.9,1.35,8.5,55.08,10.45,13.96,2012,0
65.96,24.65,54.81,17.6,1.5,7.91,53.17,8.73,29.27,2013,0
82.85,44.24,39.17,-2.76,6.06,-1.39,90.67,1.72,-44.04,2018,0
57.98,32.43,54.71,19.6,1.57,9.12,47.9,5.31,44.29,2016,0
71.02,35.56,31.59,14.58,3.78,0.39,73.31,0.74,42.62,2014,0
60.96,18.89,45.12,9.84,3.93,2.44,55.02,7.96,44.73,2011,0
59.82,29.07,31.05,4.02,5.14,6.28,49.79,17.34,18.37,2015,0
58.18,28.72,32.22,8.98,5.55,7.79,48.91,16.75,13.25,2016,0
66.83,47.58,20.59,-2.4,18.58,3.24,48.74,7.26,35.92,2013,0
58.11,20.63,60.06,14.57,3.35,11.68,39.5,17.9,50.15,2011,0
33.03,9.55,45.83,5.53,3.41,7.73,59.34,5.93,17.49,2018,0
23.94,-20.58,43.26,0.18,4.89,-3.65,73.08,-3.32,0.97,2015,0
52.9,34.32,35.05,14.76,8.3,5.95,56.22,14.57,36.31,2011,0
92.89,81.09,27.35,53.34,12.24,1.45,90.66,1.51,52.11,2015,0
49.51,20.73,32.31,1.15,3.57,2.72,57.48,3.49,38.62,2017,0
51.19,21.53,41.91,8.14,7.55,4.16,44.28,6.18,23.89,2016,0
65.78,37.74,53.59,7.86,4.73,5.93,59.07,10.29,40.93,2014,0
74.96,40.37,33.79,60.05,7.64,14.65,31.06,24.54,45.59,2016,0
75.16,55.9,46.03,22.49,6.96,6.01,49.84,8.88,46.13,2017,0
64.78,40.77,24.84,10.94,18.5,1.11,76.22,2.19,67.43,2012,0
29.44,10.1,0.0,-5.71,10.9,2.44,39.1,1.27,0.0,2016,0
12.21,-40.09,0.0,7.21,5.83,-2.75,43.17,-1.06,0.0,2016,0
58.49,49.03,9.68,11.4,6.44,11.09,69.9,14.31,60.64,2018,0
70.29,52.44,27.3,-6.53,10.17,14.95,36.07,25.39,-44.92,2018,0
68.73,43.08,45.58,34.51,7.54,8.22,68.51,20.99,11.17,2018,0
74.53,52.0,65.56,4.8,3.08,12.78,45.4,18.67,-8.73,2011,0
79.9,51.13,56.58,27.51,3.45,7.24,58.15,8.14,-3.7,2014,0
62.93,44.7,35.09,57.19,3.3,5.33,56.38,12.21,8.73,2016,0
22.59,-22.83,38.89,10.0,13.25,6.76,51.66,33.89,-26.25,2012,0
23.97,-14.55,14.11,-11.44,15.64,2.98,52.21,9.15,4.17,2015,0
46.98,35.86,37.89,25.67,4.87,6.28,71.77,5.53,0.0,2018,0
30.75,20.85,2.28,1.81,15.02,8.07,55.77,8.86,-10.02,2013,0
44.93,31.28,2.18,11.16,16.17,8.72,54.83,8.89,-17.64,2014,0
30.42,6.11,18.58,2.47,27.64,9.56,49.95,11.14,-5.17,2016,0
28.35,3.93,17.07,10.52,25.64,9.19,51.49,10.78,-18.09,2017,0
60.86,39.92,49.39,23.68,8.21,3.57,47.13,4.31,46.77,2011,0
60.35,51.9,12.32,4.52,7.08,12.95,57.9,7.24,86.48,2018,0
62.45,44.53,27.71,19.14,6.97,12.85,57.54,17.97,77.54,2011,0
68.88,42.95,40.38,24.17,5.29,12.08,61.68,17.02,31.18,2012,0
81.58,55.38,13.1,10.36,9.4,1.62,92.9,3.62,55.5,2016,0
72.75,41.31,21.38,-0.89,6.88,1.85,92.37,4.49,-44.78,2018,0
65.87,34.55,41.35,5.44,9.24,2.24,40.43,5.4,43.17,2014,0
77.29,46.27,51.22,3.99,12.01,7.78,62.92,15.41,21.61,2011,0
29.73,12.01,20.78,1.24,6.93,-5.41,120.65,-6.29,37.62,2012,0
90.72,45.67,54.96,-7.13,2.58,3.58,56.45,25.91,29.07,2015,0
92.33,31.61,78.5,3.55,3.82,3.0,71.46,10.89,0.43,2011,0
92.89,45.0,82.45,10.75,3.76,5.81,59.24,17.85,49.33,2013,0
92.89,50.25,82.19,11.36,3.42,4.45,65.09,12.71,-24.59,2014,0
89.24,47.45,86.75,9.56,4.39,2.54,74.18,6.96,13.93,2016,0
86.41,50.89,70.02,-2.36,4.76,3.17,71.9,8.91,26.64,2017,0
61.84,47.32,20.54,32.45,3.77,5.6,52.63,4.72,86.81,2014,0
62.4,43.97,20.97,15.61,3.93,12.68,48.38,14.23,79.76,2015,0
70.23,30.41,22.56,12.03,4.54,9.11,48.08,10.78,9.98,2017,0
22.17,-32.47,52.57,-2.69,8.07,-5.91,71.97,-13.16,0.95,2017,0
78.7,46.97,54.46,2.15,15.36,4.89,57.32,10.28,0.0,2011,0
71.26,50.87,29.38,35.51,5.69,9.46,57.35,17.0,34.16,2014,0
67.37,49.44,32.34,20.04,5.08,15.16,44.57,22.78,23.83,2015,0
62.59,45.8,32.71,22.15,5.53,14.9,46.38,20.49,35.47,2016,0
47.21,5.96,45.89,13.04,14.39,2.98,55.28,5.9,28.71,2011,0
51.02,-3.18,55.48,10.0,5.17,4.61,63.84,18.66,18.79,2014,0
49.99,1.2,57.98,10.77,4.32,2.38,68.41,9.74,12.43,2016,0
43.39,32.43,7.18,4.96,4.96,17.18,47.53,9.42,-12.91,2014,0
65.84,19.56,59.75,16.86,2.92,3.01,61.04,7.94,32.71,2012,0
41.07,33.42,21.41,-0.39,21.77,3.7,57.58,3.19,-15.74,2015,0
53.72,43.31,5.49,10.34,7.5,14.95,45.47,15.81,25.81,2014,0
79.26,57.15,70.78,18.95,2.93,15.5,54.76,21.11,18.77,2012,0
82.33,61.09,88.24,9.9,2.55,9.5,67.4,10.26,36.77,2014,0
65.86,53.57,17.98,6.38,14.96,9.78,49.86,14.05,72.31,2016,0
38.2,24.52,38.96,6.04,2.85,15.28,55.64,9.8,3.76,2015,0
21.08,-15.98,37.8,-7.64,10.69,14.55,35.63,19.08,0.0,2012,0
21.22,-16.29,36.89,-7.1,7.53,-2.84,62.6,-3.97,-4.66,2013,0
41.88,15.42,66.38,1.34,3.37,-1.29,95.06,-1.51,-31.33,2013,0
20.79,-15.07,16.98,7.93,7.96,4.12,41.62,11.7,-14.5,2016,0
22.41,-3.64,20.86,2.32,4.59,5.39,36.2,5.95,-12.61,2012,0
18.69,-2.89,14.89,6.06,5.66,5.08,40.99,4.5,-12.74,2014,0
19.27,-29.14,50.88,25.0,5.63,1.74,66.78,5.7,-0.57,2011,0
21.57,-24.9,58.15,19.22,5.83,0.24,64.81,0.75,4.14,2012,0
24.89,-22.06,58.65,4.28,6.44,5.2,52.76,16.12,0.76,2013,0
20.15,-12.43,21.26,-5.41,4.34,-10.52,50.94,-13.44,12.93,2012,0
17.77,0.73,19.54,3.28,7.23,-0.75,59.95,-0.69,-10.08,2018,0
58.9,46.5,22.44,10.2,4.74,8.34,40.61,11.22,32.62,2011,0
66.4,44.79,19.63,29.31,4.46,9.01,36.12,14.12,15.96,2012,0
62.44,40.44,31.48,8.87,3.58,4.23,66.21,4.15,53.67,2015,0
54.19,37.74,32.78,0.55,4.58,9.26,49.71,8.67,51.71,2016,0
44.98,26.77,37.1,6.87,5.27,5.32,61.7,4.12,36.59,2017,0
10.92,-1.27,23.63,10.45,25.5,1.35,40.05,0.11,0.0,2011,0
10.92,-22.11,18.03,16.7,11.4,0.75,34.76,0.07,0.0,2012,0
69.33,41.82,38.53,53.01,5.02,8.47,45.06,20.78,19.65,2011,0
60.24,24.26,53.75,16.29,4.81,5.84,47.63,13.66,25.41,2014,0
81.75,40.16,10.12,4.71,2.78,13.03,34.38,8.85,18.86,2016,0
36.58,-10.33,57.39,7.12,8.17,0.57,67.21,4.81,5.26,2013,0
37.04,-21.1,54.87,11.22,8.29,0.82,65.57,6.67,-4.87,2014,0
35.52,-26.5,60.08,0.98,8.58,-1.43,67.68,-9.16,-2.33,2017,0
61.59,42.65,43.76,11.92,4.06,8.88,42.18,7.62,19.09,2011,0
55.06,41.02,29.89,4.34,4.52,17.03,26.5,17.4,-0.96,2013,0
80.07,28.39,43.1,36.62,5.76,2.9,74.42,8.15,42.89,2018,0
80.24,34.51,26.6,23.84,10.62,3.58,89.34,18.52,68.88,2017,0
77.43,42.66,33.54,-4.39,8.56,4.46,86.01,14.53,58.08,2018,0
54.55,39.4,11.31,4.86,3.72,8.32,30.57,8.08,6.74,2011,0
26.18,8.43,45.34,2.64,5.59,9.01,55.82,3.49,35.25,2017,0
17.25,-1.7,44.67,-3.93,5.92,6.69,54.75,3.21,9.64,2018,0
65.64,20.44,42.59,8.88,7.25,3.21,54.93,9.7,20.8,2014,0
56.23,42.02,16.67,9.33,5.19,3.99,76.33,4.46,79.14,2018,0
42.37,39.22,23.69,3.25,6.73,16.25,22.71,3.95,6.46,2017,0
45.36,-17.16,52.61,4.67,4.88,-7.56,96.12,-19.74,-19.27,2011,0
52.87,38.1,47.35,9.27,4.76,6.37,55.75,6.93,12.76,2014,0
44.97,24.5,32.53,5.72,6.17,5.25,56.83,5.73,30.06,2018,0
31.44,-5.48,52.56,2.17,5.54,-2.78,102.77,-3.51,-23.66,2018,0
49.08,32.42,13.77,3.66,6.22,11.29,44.08,8.47,8.5,2013,0
62.25,37.39,20.52,39.11,5.6,11.44,46.96,9.5,25.26,2014,0
52.75,29.57,17.52,5.15,5.23,7.01,50.96,7.59,11.22,2015,0
23.77,-27.84,34.05,12.4,12.55,-5.24,90.49,-14.56,4.89,2013,0
54.12,40.43,8.73,11.54,5.4,8.36,55.15,9.25,41.53,2011,0
36.18,0.45,60.35,14.87,7.15,8.6,47.34,17.68,28.68,2015,0
37.6,1.44,60.48,18.93,5.84,6.16,43.42,11.96,28.58,2016,0
70.89,53.39,39.31,24.16,2.75,2.38,80.91,2.51,82.58,2012,0
15.63,1.15,12.2,-22.47,5.31,-10.09,46.81,-6.04,0.0,2016,0
25.02,-11.92,6.85,-7.85,7.02,1.48,44.34,2.56,0.97,2016,0
62.93,54.18,28.68,6.53,1.84,17.6,43.36,22.02,77.01,2012,0
51.02,37.27,23.79,7.09,3.74,3.48,54.74,4.9,29.39,2011,0
10.92,-9.91,1.07,6.12,18.53,-12.5,66.29,-6.21,-19.55,2018,0
50.32,14.54,46.7,15.29,4.2,3.09,64.27,4.79,25.67,2015,0
73.47,51.52,0.59,42.95,7.04,7.41,66.96,12.44,86.98,2015,0
72.64,61.22,18.26,63.54,4.69,-0.63,82.24,-0.93,39.95,2017,0
77.18,69.21,29.34,1.35,5.46,3.97,70.58,2.86,58.19,2018,0
66.15,47.9,25.96,39.79,4.15,7.04,54.58,6.13,24.06,2017,0
43.09,32.98,15.45,9.96,4.15,14.18,50.95,11.79,-0.32,2015,0
42.7,28.38,13.41,7.49,5.59,14.13,52.97,11.1,-4.18,2017,0
77.5,14.72,47.18,18.52,8.47,1.84,63.92,9.73,40.91,2011,0
28.0,-29.11,33.39,-7.78,10.56,-1.48,75.68,-7.48,-11.8,2017,0
70.46,43.26,51.72,14.1,8.52,6.43,64.08,6.92,0.0,2013,0
67.95,37.0,16.02,13.94,6.66,3.36,71.92,7.75,41.88,2017,0
57.96,26.62,24.68,11.55,9.5,2.85,52.85,7.72,31.95,2013,0
55.06,20.65,27.44,9.14,7.96,-1.08,66.48,-2.14,40.0,2017,0
63.71,44.46,26.44,10.27,7.71,10.23,73.17,8.77,58.26,2016,0
71.57,17.35,52.7,32.71,11.27,4.71,43.43,28.98,43.38,2012,0
59.92,33.79,28.65,13.21,16.6,9.24,51.08,12.44,24.48,2014,0
63.59,38.65,21.92,4.09,12.99,11.93,26.91,17.93,0.0,2012,0
71.76,46.69,22.98,17.84,10.44,12.5,28.49,17.61,0.0,2013,0
49.62,37.42,27.66,13.43,11.4,7.87,65.09,11.73,32.68,2013,0
54.59,41.97,25.88,13.64,13.83,8.13,57.32,12.99,26.04,2014,0
67.43,18.54,37.84,20.07,7.61,1.08,58.06,3.54,27.67,2014,0
74.18,1.87,22.84,-1.87,10.71,-0.34,116.13,-5.07,65.94,2014,0
50.79,23.82,43.59,9.0,10.78,4.8,52.33,6.7,17.86,2016,0
25.25,-24.69,22.39,6.77,10.66,-5.27,53.77,-11.67,1.77,2014,0
67.91,59.38,32.53,22.81,9.1,-10.07,114.53,-4.27,31.95,2018,0
62.36,33.59,68.94,21.52,8.15,8.7,31.97,10.41,28.97,2013,0
63.68,20.58,58.91,13.5,3.55,3.37,59.76,6.75,22.03,2014,0
44.4,-6.07,69.84,-5.01,4.98,-7.51,85.08,-21.02,-21.16,2012,0
61.94,42.41,28.35,-0.27,10.87,13.25,40.47,27.22,-19.02,2017,0
50.28,32.36,27.6,22.92,11.52,2.96,70.51,4.4,0.0,2018,0
48.99,40.1,26.3,1.32,4.57,5.79,56.42,5.66,29.78,2012,0
43.07,34.1,25.8,11.08,4.36,4.17,62.14,3.69,-12.31,2013,0
43.84,34.17,22.56,4.73,4.53,8.24,52.96,7.1,-8.12,2014,0
69.91,34.96,33.71,8.64,3.11,10.53,30.89,19.18,34.75,2012,0
68.98,36.24,43.45,9.67,2.76,8.08,39.84,10.77,34.75,2013,0
50.9,30.58,17.2,-3.0,10.52,4.92,50.31,7.21,26.77,2018,0
21.09,-33.3,9.8,13.5,8.4,-13.0,55.59,-31.92,0.0,2014,0
16.68,-33.25,20.4,5.19,16.79,3.11,54.35,10.05,0.0,2018,0
67.7,38.4,43.31,17.63,5.84,8.59,62.13,14.92,57.52,2014,0
33.86,-17.82,9.59,0.57,6.7,0.8,37.45,0.87,1.6,2012,0
29.68,-18.98,13.01,2.3,4.14,-13.43,42.83,-10.74,-9.88,2013,0
49.36,24.7,72.4,19.82,3.72,0.52,101.5,0.57,2.94,2015,0
67.96,42.45,36.32,0.12,5.35,17.36,40.97,39.22,-0.37,2014,0
78.38,59.42,40.89,44.16,14.27,3.1,48.12,3.16,-2.86,2015,0
62.4,44.49,31.48,21.74,14.87,-6.94,81.58,-4.78,36.45,2016,0
51.12,26.72,40.41,6.76,5.83,-1.96,65.78,-1.78,87.44,2011,0
60.86,14.8,42.05,4.43,2.47,-1.21,48.1,-1.25,29.91,2013,0
58.81,19.7,42.46,15.75,6.11,5.77,57.65,15.84,53.9,2014,0
72.2,46.87,59.89,-0.62,7.23,5.82,56.71,8.57,10.72,2018,0
69.23,46.4,39.87,8.56,2.07,9.74,53.16,11.4,27.3,2015,0
85.79,51.48,61.37,23.94,3.12,11.6,58.81,18.64,0.0,2013,0
47.0,38.66,13.31,2.69,15.36,5.33,36.18,7.27,15.81,2012,0
68.87,43.58,59.87,36.74,3.9,8.77,43.37,23.5,60.76,2011,0
64.93,35.51,39.39,33.27,1.39,5.18,62.17,3.12,9.39,2016,0
83.64,58.09,48.81,11.62,5.3,6.18,54.2,11.4,70.61,2018,0
75.18,56.29,31.31,15.95,4.28,10.58,51.08,11.94,45.37,2013,0
76.75,55.37,28.08,15.9,4.9,9.77,53.65,12.17,50.65,2014,0
77.31,56.22,29.72,7.91,4.62,9.35,54.98,11.49,83.96,2015,0
78.6,52.06,31.86,14.11,4.17,7.3,57.94,10.47,68.45,2016,0
34.3,-20.23,20.6,11.93,8.01,-1.12,53.26,-56.19,24.35,2014,0
31.52,-29.27,26.64,-2.8,8.62,0.17,48.1,-11.65,-14.51,2015,0
29.74,-39.38,44.31,-1.33,4.54,0.93,58.81,2.7,23.69,2011,0
25.85,-5.04,44.9,4.14,4.63,8.57,47.96,8.29,-12.22,2017,0
32.82,-31.25,47.1,-15.48,23.0,1.59,65.25,12.56,0.0,2012,0
66.58,41.18,35.46,42.15,8.56,9.77,38.98,30.1,23.66,2017,0
35.89,24.19,31.73,31.69,5.29,4.78,78.78,6.69,56.43,2016,0
25.49,-35.56,64.9,26.26,9.29,2.46,45.27,8.75,0.0,2015,0
58.4,18.1,53.5,-6.69,4.78,-1.8,98.91,-2.12,-49.86,2018,0
56.72,47.17,19.79,8.53,5.85,26.71,30.32,16.89,13.09,2015,0
36.4,-22.63,51.5,-5.79,4.32,1.59,40.44,7.03,-10.42,2016,0
31.0,-18.19,38.92,-1.78,5.39,4.49,43.37,5.25,-13.26,2017,0
29.51,-18.13,47.21,5.26,5.82,2.01,51.99,3.67,7.06,2018,0
14.21,4.93,23.05,-0.16,5.8,8.86,40.23,6.48,-0.79,2011,0
15.96,0.59,14.79,0.75,6.01,8.95,42.19,6.56,-4.31,2012,0
26.39,-22.17,15.69,-0.34,6.27,-28.11,105.89,-16.22,13.17,2014,0
66.76,39.29,17.88,25.99,4.14,8.95,62.57,10.95,29.38,2013,0
71.34,49.3,30.46,0.53,3.46,6.27,76.53,5.79,51.28,2016,0
32.93,-33.66,39.13,-9.08,4.02,-14.86,72.3,-19.69,-8.06,2012,0
29.28,-29.93,44.66,10.62,3.38,8.78,37.6,13.05,-3.16,2013,0
28.35,-24.82,43.21,-4.34,3.69,0.56,60.3,0.58,-2.3,2014,0
55.07,24.61,42.9,24.42,9.0,4.53,72.56,5.17,81.69,2015,0
66.72,34.03,21.82,18.67,3.28,3.07,54.11,7.22,32.31,2017,0
42.81,23.44,36.35,3.77,6.88,4.78,55.03,8.98,19.65,2011,0
48.16,32.6,33.28,0.07,5.94,5.06,50.77,7.33,0.08,2013,0
43.51,32.95,25.24,3.55,5.91,6.98,56.93,7.24,20.64,2016,0
52.92,8.84,45.23,13.11,4.36,3.38,57.17,-3.05,29.15,2011,0
76.05,28.01,45.49,43.5,4.91,8.52,39.34,16.68,49.76,2012,0
65.34,32.55,51.64,13.67,3.17,-1.66,92.53,-3.59,-30.87,2015,0
54.22,40.66,23.7,10.55,3.76,13.12,56.91,10.2,32.25,2016,0
69.44,49.81,36.41,30.01,4.45,17.72,49.33,21.3,27.58,2013,0
71.91,50.32,63.47,10.96,3.13,9.24,63.43,9.01,0.9,2014,0
70.44,49.25,64.08,9.15,2.93,15.79,52.48,13.32,71.96,2015,0
48.94,38.71,26.04,14.96,4.18,16.28,58.81,12.04,33.67,2018,0
29.5,-22.7,28.32,0.54,14.91,-15.13,79.93,-24.87,23.64,2017,0
15.47,-34.63,22.91,5.5,14.25,2.18,64.41,4.19,-28.23,2018,0
59.11,42.96,16.79,24.87,5.57,11.81,37.27,20.68,-9.41,2014,0
67.51,47.27,33.48,53.12,2.91,13.34,39.51,25.07,21.72,2016,0
62.63,40.82,21.36,4.14,4.71,7.05,45.98,12.22,44.4,2016,0
81.85,55.53,37.0,21.74,7.24,10.44,67.77,14.64,47.75,2015,0
51.02,4.55,61.38,30.04,4.29,-4.54,100.1,-8.44,0.0,2015,0
75.47,64.59,29.37,40.87,3.15,7.88,80.69,9.03,56.37,2012,0
63.3,48.87,10.32,18.52,4.54,20.98,33.12,23.25,-5.26,2011,0
54.92,36.67,32.28,45.86,2.64,-8.49,95.57,-6.99,35.92,2018,0
78.2,27.7,40.97,42.95,6.05,5.32,42.55,24.99,78.63,2013,0
75.02,44.91,53.15,-6.52,5.29,6.13,49.41,17.91,24.12,2015,0
79.12,48.12,54.65,14.55,3.49,2.24,69.57,3.97,16.12,2018,0
31.4,-22.43,49.4,-8.09,3.63,12.86,27.52,21.74,3.37,2011,0
29.79,-14.63,55.12,-7.64,3.61,7.35,44.16,9.21,1.17,2012,0
34.93,3.41,52.81,-0.31,4.3,7.28,46.05,9.57,17.59,2014,0
40.56,30.88,7.01,3.18,4.25,7.02,52.02,4.51,-13.31,2015,0
58.4,40.99,24.97,7.31,4.19,10.64,35.9,12.7,-3.97,2017,0
49.63,30.75,35.82,22.16,14.15,0.84,77.7,1.74,78.96,2016,0
55.86,45.33,39.02,8.18,1.96,2.21,64.29,1.12,31.1,2016,0
82.75,15.17,65.58,6.15,3.49,1.58,63.87,10.47,17.01,2011,0
85.68,18.51,68.82,6.91,3.46,0.97,66.76,5.94,9.59,2012,0
89.67,18.1,75.56,18.47,3.02,-1.3,86.42,-7.32,11.5,2014,0
67.53,44.34,29.3,22.88,5.74,11.48,66.22,10.77,45.86,2012,0
45.58,25.21,11.25,18.13,4.55,3.81,71.6,2.4,-30.63,2013,0
52.19,34.51,29.46,0.75,1.72,8.17,50.29,6.54,6.79,2011,0
40.58,29.92,34.19,-2.84,3.36,10.52,51.98,4.49,0.0,2013,0
36.78,-32.41,77.79,0.05,4.26,5.51,39.79,16.07,-7.79,2016,0
32.94,-17.44,50.58,-4.37,4.36,-7.51,81.42,-24.08,-3.49,2016,0
35.63,23.53,1.93,2.71,17.74,10.92,46.03,15.31,-12.41,2012,0
62.1,-5.96,49.93,-16.28,4.65,-1.18,94.24,-10.89,-44.07,2011,0
61.35,60.43,6.85,107.14,5.19,22.97,42.02,3.5,33.59,2016,0
46.12,32.62,25.4,16.25,10.62,3.08,62.28,3.61,21.99,2014,0
72.72,33.13,33.9,32.86,5.57,8.55,55.43,16.33,78.31,2013,0
69.26,28.01,32.74,19.08,7.12,6.84,47.19,15.7,35.4,2018,0
42.58,14.69,49.26,2.5,3.64,7.87,49.64,6.68,11.11,2018,0
48.61,22.85,48.56,0.58,3.87,8.64,54.28,14.27,38.87,2011,0
38.16,-9.24,22.64,-1.56,6.64,0.93,32.14,-11.06,0.32,2013,0
65.13,45.27,19.86,18.92,6.67,-9.51,117.74,-10.55,74.22,2013,0
61.53,45.53,26.67,13.49,6.55,2.36,79.69,3.99,66.74,2011,0
28.33,-9.23,31.72,7.52,10.33,1.48,49.96,6.19,-1.92,2012,0
84.71,49.79,20.64,6.43,6.68,3.37,56.94,8.93,40.7,2017,0
46.21,35.75,19.16,2.48,25.38,9.4,44.06,6.09,-5.54,2015,0
28.01,-15.56,73.86,20.03,6.35,3.88,29.94,11.99,13.67,2011,0
22.61,-13.41,75.28,3.63,6.38,3.26,29.04,9.21,5.74,2012,0
58.5,40.53,3.69,-46.95,4.38,19.18,17.17,19.91,-16.88,2012,0
55.1,32.2,30.92,3.28,4.13,5.19,46.49,14.56,19.33,2014,0
64.74,23.26,47.85,13.71,4.46,4.1,50.77,9.9,27.13,2017,0
10.92,-5.91,21.43,3.19,11.04,8.07,70.98,3.56,0.0,2017,0
10.92,-8.22,0.0,4.76,12.78,-4.82,68.01,-2.45,0.0,2018,0
25.39,-4.66,23.79,16.42,10.96,-7.97,115.2,-9.85,22.83,2011,0
16.62,10.73,26.05,-0.85,22.17,7.28,55.68,5.12,-12.48,2017,0
60.16,52.77,17.87,18.21,6.9,22.14,29.24,19.55,0.0,2018,0
49.95,35.62,68.27,30.27,3.52,-2.31,80.37,-1.22,-4.72,2014,0
54.56,16.51,50.76,16.96,5.37,3.16,60.4,5.22,33.0,2011,0
58.46,29.16,37.89,21.71,6.7,4.47,53.35,8.51,23.81,2014,0
26.29,15.21,0.0,10.53,4.17,14.91,59.91,6.3,-17.73,2011,0
57.62,29.97,21.42,14.73,6.29,3.87,67.98,6.07,28.48,2018,0
87.51,34.41,0.4,10.45,5.59,11.26,23.82,11.91,0.0,2011,0
69.7,31.24,1.06,2.56,8.97,5.97,35.13,6.04,-29.81,2018,0
58.23,38.9,34.9,3.63,6.29,1.42,55.12,1.58,76.18,2017,0
59.08,35.96,34.36,5.63,7.76,0.32,57.55,0.43,36.43,2018,0
21.41,-24.79,26.14,12.12,4.88,-11.08,107.58,-8.85,0.0,2012,0
17.35,-15.99,45.92,4.48,3.64,17.35,42.07,13.69,-0.36,2016,0
66.65,31.54,38.61,8.38,4.35,5.22,53.94,12.14,10.55,2017,0
55.33,36.51,44.68,3.02,7.09,6.65,53.97,6.73,6.97,2011,0
51.38,36.27,23.51,7.7,6.98,12.74,41.57,9.2,13.13,2014,0
54.2,44.94,21.56,5.51,7.05,17.98,32.48,12.87,1.68,2015,0
47.59,-10.62,67.44,1.95,6.84,-3.14,81.75,-10.13,-6.88,2016,0
62.64,37.0,39.86,36.92,3.59,1.59,57.39,1.73,42.14,2017,0
37.69,8.1,52.15,9.37,3.97,3.19,55.89,4.62,10.05,2013,0
66.35,39.44,18.51,5.04,4.39,6.77,31.63,16.43,8.56,2012,0
71.05,41.9,24.17,16.29,4.21,9.46,31.8,14.97,26.57,2016,0
75.13,44.64,38.39,14.12,3.62,4.15,48.18,6.01,41.65,2017,0
62.41,26.29,40.25,29.67,4.71,6.11,55.38,16.08,58.14,2017,0
61.56,29.62,48.88,23.86,4.67,7.19,47.92,20.01,30.68,2018,0
42.67,21.15,46.88,1.29,7.87,4.59,47.61,7.41,29.5,2011,0
48.53,30.72,41.25,1.54,8.66,3.68,48.55,6.04,15.99,2014,0
39.08,27.33,32.06,-2.46,8.88,4.41,48.28,4.69,1.88,2017,0
64.62,41.85,52.44,26.89,4.82,3.21,27.59,3.47,20.51,2011,0
37.32,29.93,40.83,2.53,3.83,-1.96,48.74,-0.94,14.86,2017,0
65.93,46.01,31.59,9.05,13.27,12.41,45.45,14.11,55.99,2015,0
61.34,41.81,28.69,7.91,9.76,1.26,72.56,1.9,52.91,2017,0
77.47,49.0,57.98,8.98,2.92,5.06,58.21,8.84,57.77,2014,0
63.96,25.36,43.55,10.89,4.99,4.57,57.69,11.45,29.54,2018,0
72.84,40.5,44.06,25.77,15.25,0.38,32.67,0.94,23.82,2018,0
45.84,30.16,13.53,8.92,6.13,9.09,54.22,11.15,0.32,2017,0
29.85,-25.2,36.37,12.38,12.15,1.37,54.48,6.0,-1.62,2013,0
52.92,27.89,20.92,-18.89,3.22,1.58,35.43,2.6,-9.8,2014,0
45.47,26.05,20.35,7.35,3.27,0.84,44.92,1.82,3.41,2015,0
50.7,28.42,22.05,4.35,3.57,2.43,38.46,3.62,16.53,2017,0
50.9,27.27,22.67,-1.19,3.65,1.73,41.26,2.54,6.6,2018,0
62.39,38.3,46.44,12.82,3.77,4.23,81.62,6.85,55.24,2013,0
65.22,32.38,41.36,17.76,4.11,4.21,85.92,7.84,-43.44,2014,0
75.9,33.18,38.41,43.32,6.67,1.51,94.5,4.79,68.93,2016,0
36.8,-14.33,64.59,22.34,9.04,0.1,65.59,0.28,0.0,2011,0
27.3,-16.78,40.59,-13.07,13.32,-1.23,54.39,-2.84,0.0,2012,0
47.36,-11.42,49.87,0.27,5.03,3.7,47.92,20.8,14.89,2014,0
54.0,34.47,27.34,1.93,5.01,4.25,57.13,4.56,29.31,2011,0
56.75,42.81,25.44,-3.51,5.54,-6.35,99.9,-6.32,-44.69,2013,0
56.48,41.18,27.46,-1.43,6.22,4.84,58.29,4.25,35.85,2014,0
29.68,8.62,44.07,10.37,6.06,4.54,61.32,5.99,25.34,2017,0
77.69,49.38,48.32,36.94,9.28,6.37,61.42,9.88,67.3,2011,0
55.64,30.05,16.7,2.76,4.13,3.01,42.15,6.88,3.98,2012,0
65.45,37.28,19.18,13.22,3.59,6.23,33.15,14.33,28.06,2013,0
63.58,34.65,27.71,2.64,3.02,5.82,38.49,11.28,6.07,2014,0
66.65,14.21,41.31,23.72,9.0,4.24,59.5,13.63,64.86,2011,0
68.53,39.19,37.77,15.78,9.54,5.41,40.62,15.02,28.45,2013,0
84.67,33.83,62.13,23.84,3.26,4.69,31.89,13.15,33.84,2018,0
53.54,38.87,29.79,4.8,5.75,8.19,43.0,11.8,1.64,2013,0
52.46,37.0,33.25,5.04,5.26,7.29,47.42,8.19,11.48,2016,0
44.21,28.33,33.93,3.98,4.8,6.0,50.64,5.98,19.51,2017,0
63.01,45.46,5.46,11.87,23.98,4.21,80.58,1.85,73.39,2017,0
75.06,55.39,40.44,11.85,3.15,5.97,55.96,6.53,32.42,2016,0
66.59,54.18,45.94,11.54,3.21,13.77,26.14,8.81,-11.19,2014,0
33.34,22.61,11.9,-3.59,4.62,6.79,46.1,4.14,2.13,2013,0
59.31,30.62,23.46,-7.25,12.03,1.91,29.91,1.58,3.84,2012,0
82.08,42.08,33.59,47.81,3.01,1.77,75.75,2.56,36.98,2017,0
14.51,-18.88,56.21,6.74,2.77,1.04,65.91,0.47,0.0,2018,0
73.75,42.28,45.77,46.66,5.93,7.0,30.63,25.7,27.96,2013,0
70.37,33.26,51.63,29.28,5.63,6.88,37.74,20.0,43.5,2014,0
40.68,20.57,9.32,-3.08,5.8,13.7,44.33,9.35,-9.37,2013,0
40.02,32.45,10.44,9.33,6.95,12.7,47.8,9.85,-4.42,2016,0
69.14,27.3,53.58,13.41,4.52,7.16,50.77,16.35,31.29,2011,0
68.96,24.58,30.39,18.29,5.08,5.73,50.07,13.52,23.33,2013,0
67.98,55.93,54.22,16.32,6.4,23.43,39.24,11.17,0.0,2014,0
29.73,4.52,57.91,33.69,7.99,-2.46,88.31,2.0,0.0,2014,0
53.91,19.05,49.41,30.06,4.37,9.04,53.95,21.37,47.92,2011,0
76.34,33.42,38.77,16.38,4.21,2.28,61.86,6.39,59.74,2013,0
10.92,-0.83,0.0,-3.07,0.93,13.37,43.79,1.15,0.0,2014,0
43.65,32.21,13.15,-3.24,4.06,16.6,39.3,8.8,-4.84,2018,0
72.06,38.48,23.68,17.79,4.26,11.97,42.49,27.39,0.0,2017,0
61.76,38.53,21.58,23.42,3.15,13.43,48.36,15.65,23.44,2014,0
76.72,52.27,53.18,54.62,14.59,0.05,38.41,0.06,48.15,2016,0
76.5,32.53,28.12,-12.75,5.34,2.59,57.02,12.17,-30.75,2013,0
86.86,34.53,50.56,17.48,3.76,2.48,60.24,10.69,45.56,2015,0
87.97,45.39,45.26,7.93,4.3,4.01,51.33,16.5,-12.81,2016,0
89.05,41.26,34.8,11.56,4.57,1.17,69.31,5.67,38.9,2017,0
90.86,34.31,31.7,22.02,4.49,0.85,72.55,3.89,68.28,2018,0
69.79,28.76,35.32,13.48,4.75,1.48,42.78,5.38,46.11,2017,0
53.31,37.18,12.58,8.59,8.16,15.94,41.27,14.02,1.86,2011,0
52.46,36.91,13.91,1.89,8.91,6.5,44.69,5.4,26.49,2012,0
52.78,39.5,17.23,5.89,11.28,13.88,45.59,11.66,23.35,2013,0
36.68,27.89,18.62,2.52,11.1,8.74,56.0,7.15,-13.1,2015,0
58.26,20.64,0.0,8.78,20.14,4.38,61.07,23.34,-34.85,2016,0
67.76,-1.03,59.99,-15.16,3.34,-4.46,79.77,-2.45,-37.86,2012,0
84.79,22.85,12.6,10.35,13.04,7.24,35.23,15.94,17.32,2018,0
44.3,35.49,25.63,4.41,13.2,6.79,50.63,5.34,0.0,2013,0
37.75,-0.1,49.07,-8.61,4.7,-2.51,96.87,-5.48,-38.14,2012,0
60.11,39.77,57.78,22.29,1.86,5.03,63.15,4.9,31.6,2012,0
55.03,27.71,43.44,10.46,2.24,6.27,67.09,7.59,56.73,2015,0
58.35,34.95,19.93,7.53,4.85,11.1,49.25,11.61,36.98,2015,0
18.64,-14.32,9.93,-1.59,7.44,2.22,40.59,4.09,-7.94,2013,0
67.38,17.94,49.15,17.15,6.16,2.47,43.03,11.76,76.59,2011,0
70.55,25.97,53.65,13.06,6.49,1.85,50.22,7.51,21.8,2014,0
59.05,41.35,41.74,10.33,5.38,12.13,35.1,13.21,16.46,2011,0
53.63,40.54,42.03,-3.48,4.99,6.6,49.0,6.6,-7.93,2012,0
61.56,51.52,37.42,31.16,5.05,16.99,30.73,16.08,-0.16,2013,0
42.49,32.94,42.25,0.05,5.27,11.02,44.92,7.95,4.4,2017,0
31.56,-6.97,14.24,-5.22,5.56,-8.48,122.77,-14.52,45.45,2017,0
28.43,-6.88,45.07,12.07,4.68,-4.4,56.56,-4.24,17.83,2012,0
51.28,21.83,17.47,-1.44,2.97,-5.18,24.25,-7.64,8.2,2016,0
44.35,39.34,26.24,3.43,17.52,11.04,54.11,4.39,-26.98,2016,0
26.39,23.73,9.41,-0.8,8.71,17.67,51.71,4.62,-0.73,2017,0
53.71,28.57,31.77,10.28,4.7,1.13,52.19,3.4,25.12,2011,0
44.62,20.22,32.71,6.38,5.64,2.8,43.43,3.27,15.52,2013,0
71.98,49.56,23.07,18.3,3.53,13.14,47.82,18.61,39.12,2016,0
62.56,43.32,17.45,28.65,3.94,12.33,49.0,16.27,25.26,2018,0
72.22,54.27,41.65,8.81,24.39,5.13,73.26,5.05,63.27,2015,0
69.31,31.6,40.94,18.19,9.26,4.55,45.33,19.27,40.74,2013,0
64.9,37.94,40.04,10.39,10.21,3.79,55.45,10.37,16.11,2015,0
45.23,34.45,27.78,2.39,13.26,10.58,29.17,8.2,4.94,2015,0
18.31,10.52,25.96,1.22,11.88,6.24,48.58,3.62,3.08,2016,0
11.96,-12.85,41.22,2.83,6.89,0.17,60.88,0.29,6.18,2012,0
16.6,-24.82,47.25,-21.23,6.09,-3.68,70.29,-3.23,-1.29,2013,0
17.14,-17.86,36.68,-0.15,7.52,6.45,42.56,6.05,3.44,2014,0
21.18,-11.21,31.45,7.64,8.26,7.41,42.42,6.29,4.07,2015,0
22.97,-8.23,30.27,5.86,7.41,8.48,46.83,7.72,-14.9,2016,0
23.01,-7.88,29.55,0.46,7.07,6.71,42.89,7.02,6.76,2018,0
85.9,40.03,46.1,41.64,8.41,9.83,74.9,5.29,76.88,2018,0
50.27,-45.27,46.09,-24.02,3.53,9.73,34.0,11.05,14.6,2017,0
43.77,-14.65,61.43,-7.4,5.1,-6.05,94.47,-21.77,-5.03,2017,0
54.79,38.45,57.54,22.83,3.51,16.06,45.83,13.93,39.85,2012,0
52.04,33.45,45.2,11.26,3.92,9.63,57.21,8.03,15.7,2014,0
74.61,50.88,47.53,34.78,3.41,15.38,58.27,21.09,0.0,2018,0
24.47,-23.9,6.9,-0.48,15.76,4.6,42.01,8.2,4.98,2018,0
14.15,-31.06,45.18,-13.86,7.64,-6.34,110.94,-11.06,-23.06,2015,0
45.11,27.47,8.86,5.2,21.7,16.13,41.91,14.44,-15.56,2012,0
46.85,30.64,17.18,8.49,9.57,17.69,48.02,9.12,-8.56,2018,0
11.18,-11.96,6.5,1.37,32.41,1.73,56.09,1.84,0.0,2016,0
19.6,-29.49,82.97,-1.2,46.32,-0.79,64.88,-0.65,-10.32,2011,0
17.98,-14.0,79.03,5.68,46.18,-5.62,55.32,-0.86,-32.08,2017,0
61.66,9.78,40.98,-2.77,5.5,2.86,46.18,12.5,28.31,2013,0
45.75,-10.0,48.31,7.08,7.65,3.23,50.07,16.62,15.69,2014,0
69.82,53.81,47.96,-2.59,6.16,5.41,44.32,5.98,-27.55,2012,0
27.63,11.73,2.48,5.67,15.31,7.92,41.23,10.97,-18.42,2013,0
56.6,41.43,32.28,2.41,5.23,3.05,37.88,6.28,14.99,2013,0
58.2,43.63,34.13,-4.85,4.51,5.69,33.06,10.11,-7.38,2014,0
78.23,38.47,40.5,31.07,7.3,5.45,54.29,18.94,26.21,2017,0
82.83,46.14,48.75,-1.78,6.2,2.37,63.47,6.21,34.09,2018,0
70.17,51.0,52.04,50.35,6.4,14.95,44.81,17.65,45.04,2011,0
75.6,58.99,62.3,6.92,5.73,5.62,69.16,4.07,14.29,2017,0
42.69,3.47,41.22,6.46,4.35,0.07,55.35,-1.22,32.94,2014,0
46.89,11.41,60.83,12.54,3.9,4.18,40.5,6.73,26.7,2017,0
65.85,34.52,53.9,15.78,5.39,8.14,49.28,15.03,75.48,2011,0
53.44,23.56,44.71,17.54,7.02,4.12,62.66,7.56,49.09,2012,0
23.58,19.26,31.4,-0.25,7.82,16.19,47.36,5.59,-13.56,2014,0
25.82,8.21,32.07,-14.19,11.37,-2.49,38.19,-3.96,-6.45,2018,0
10.92,-46.37,76.73,-3.5,59.98,6.69,27.45,1.89,-1.54,2016,0
74.68,33.7,48.69,-8.04,59.98,-0.77,97.51,-1.32,-47.25,2014,0
89.43,45.77,29.43,-3.44,59.98,1.97,74.82,4.72,-36.74,2016,0
34.7,-22.78,54.93,4.35,6.1,3.76,51.47,9.62,-12.34,2014,0
34.04,-13.42,54.24,-11.0,6.09,-2.11,70.84,-4.51,-14.72,2015,0
67.86,53.68,26.9,4.89,6.47,12.89,45.04,12.94,38.81,2015,0
53.17,33.98,14.37,7.12,8.07,14.38,60.76,13.82,30.14,2016,0
85.03,61.84,43.48,-0.69,4.79,2.41,81.22,4.05,70.27,2014,0
85.33,49.69,34.22,28.01,5.7,4.01,72.29,8.19,58.39,2015,0
10.92,-14.77,0.0,4.46,9.47,2.22,45.17,2.15,0.0,2011,0
10.92,-8.83,0.0,2.52,9.53,-8.72,52.22,-7.81,0.0,2012,0
10.92,-2.85,0.0,-19.36,8.12,-2.55,52.8,-2.5,0.0,2015,0
10.92,-5.5,0.0,-4.67,10.1,5.56,51.93,6.02,0.0,2016,0
23.76,-16.13,22.52,10.53,7.45,-2.82,61.64,-7.17,-11.26,2018,0
70.38,28.93,66.09,17.89,4.06,3.34,63.61,9.86,21.2,2017,0
46.15,42.69,15.78,4.63,5.82,9.85,54.69,1.91,46.99,2017,0
52.25,35.75,20.68,7.63,6.39,8.16,36.32,11.37,10.41,2012,0
74.77,40.28,74.16,0.27,6.2,1.94,79.37,5.29,-36.36,2011,0
87.83,40.84,87.84,-2.15,4.22,-1.04,87.67,-3.5,-37.69,2016,0
20.57,-22.13,20.99,0.3,3.26,1.67,38.31,1.71,-13.14,2015,0
19.19,-20.35,20.76,-2.66,5.2,-2.67,50.5,-1.98,-1.39,2016,0
51.34,43.07,24.96,2.63,3.78,8.54,20.09,4.78,-9.01,2014,0
57.28,47.04,32.95,17.23,4.16,14.94,19.82,8.42,30.18,2015,0
60.39,55.68,32.56,0.25,3.48,16.67,21.27,7.24,-17.45,2016,0
57.55,53.35,21.39,9.69,3.29,13.68,23.34,4.13,-20.14,2018,0
22.63,-23.16,65.33,27.98,38.02,5.08,45.03,11.18,21.42,2014,0
79.3,40.98,30.86,15.52,6.52,4.74,69.68,13.64,32.0,2014,0
80.8,60.35,12.62,20.61,3.93,0.22,94.57,0.08,75.52,2017,0
30.1,4.78,11.9,-4.34,20.21,1.27,35.56,2.8,0.0,2011,0
36.82,-28.56,60.59,10.1,9.41,0.53,69.57,4.69,-5.56,2014,0
34.48,-30.51,58.75,-2.15,11.37,-0.87,71.55,-7.18,-6.36,2017,0
31.44,-36.84,60.14,5.78,11.68,-1.11,72.17,-10.52,1.97,2018,0
56.43,5.69,59.73,-7.45,6.27,-1.88,80.15,-6.63,-29.83,2014,0
29.0,-6.61,46.48,2.99,5.72,3.03,43.84,2.37,7.76,2014,0
76.57,37.31,11.4,30.05,6.98,12.03,26.06,9.54,9.4,2016,0
32.05,-12.18,59.5,7.49,7.69,0.44,72.75,1.73,-3.53,2012,0
26.83,19.11,52.89,13.22,4.16,10.9,53.26,5.38,37.89,2012,0
20.21,15.59,42.84,9.52,4.2,11.71,58.7,3.69,-17.43,2014,0
18.98,15.35,39.9,3.23,4.12,12.51,61.72,3.13,-13.52,2015,0
19.24,16.15,38.21,2.57,4.52,13.9,61.18,2.99,-1.14,2017,0
66.07,54.49,24.79,25.19,7.3,22.77,31.51,22.43,4.2,2011,0
74.33,25.31,6.18,-20.78,33.27,6.63,39.19,19.93,-13.75,2018,0
66.97,3.24,58.29,14.89,6.99,2.99,55.44,13.31,26.9,2011,0
13.03,5.29,49.43,20.16,4.17,1.56,63.74,0.27,-21.75,2012,0
32.87,18.25,45.21,1.15,5.06,7.94,41.95,5.86,7.56,2014,0
40.21,25.99,9.46,-0.13,37.12,-1.9,81.31,-0.67,-33.22,2014,0
35.09,25.91,9.35,5.04,28.99,3.32,47.28,3.74,-16.03,2017,0
66.61,25.93,61.68,6.91,3.17,2.94,59.25,4.72,28.86,2011,0
31.61,-4.09,21.56,8.05,8.6,-8.72,110.21,-10.81,47.14,2015,0
60.2,35.69,36.0,5.86,10.29,3.74,54.12,10.4,18.9,2016,0
66.34,17.92,80.23,6.77,2.6,-11.77,99.1,-16.72,-6.09,2011,0
29.74,-1.92,61.55,0.32,3.93,-0.7,59.15,-0.89,4.01,2014,0
26.89,-23.72,61.91,9.76,5.11,5.65,40.75,9.95,5.8,2016,0
11.3,-8.07,44.71,12.46,6.16,1.83,50.8,3.19,35.96,2018,0
71.78,45.55,36.34,13.25,2.95,12.3,27.14,13.39,24.29,2013,0
47.83,-8.25,57.65,7.65,15.23,-3.94,93.13,-11.78,0.0,2014,0
43.42,-12.06,69.71,-8.24,8.09,-3.84,77.3,-18.84,-14.38,2018,0
74.19,34.39,36.19,20.96,17.93,0.84,82.22,4.1,-28.86,2014,0
12.67,-18.95,10.77,2.93,4.58,-8.41,95.21,-5.4,-28.82,2012,0
18.15,-7.5,11.4,-0.9,5.75,1.97,53.98,1.91,-17.09,2017,0
51.95,27.51,34.87,5.46,10.5,5.26,55.49,5.76,26.99,2018,0
77.16,65.74,24.71,82.77,7.08,-0.36,80.41,-0.56,57.49,2016,0
56.58,27.51,30.79,13.33,6.36,-4.97,97.58,-10.08,57.23,2018,0
29.24,4.18,63.68,-11.74,6.59,-4.38,89.18,-18.19,-7.25,2012,0
61.89,46.71,25.96,9.27,11.34,24.7,28.78,20.95,-16.04,2016,0
62.93,48.0,29.51,33.6,6.09,8.79,50.18,11.43,43.26,2014,0
30.77,-15.05,45.62,19.55,4.17,-3.1,88.5,-4.16,0.0,2011,0
41.66,-20.84,50.39,9.61,3.15,-4.37,78.05,-6.51,-29.65,2013,0
18.37,-6.29,21.97,-2.06,9.06,1.17,33.6,0.6,-5.69,2018,0
32.95,9.79,7.34,-15.13,13.64,2.84,38.7,6.05,0.0,2012,0
64.08,28.85,40.79,-10.42,8.42,7.29,43.02,21.73,26.85,2018,0
38.67,33.04,24.82,-4.35,3.19,16.34,58.52,6.67,1.87,2017,0
35.89,-22.73,54.84,3.86,6.46,2.35,32.68,8.09,20.39,2012,0
21.57,-36.45,44.84,3.88,7.96,-8.97,64.38,-20.41,15.67,2014,0
73.02,45.82,41.81,-5.45,6.58,13.49,31.2,15.18,1.3,2015,0
41.98,-9.66,60.36,7.57,6.25,0.66,64.07,1.71,-5.84,2017,0
45.74,25.45,58.26,9.32,3.95,11.25,54.14,6.39,27.38,2018,0
35.68,-16.1,47.08,-2.07,4.02,6.17,41.24,4.98,3.09,2012,0
38.15,1.14,66.28,1.84,2.86,-3.63,83.7,-3.71,-18.84,2015,0
69.56,45.87,37.51,16.61,4.1,2.64,65.28,4.81,33.58,2012,0
27.72,16.34,15.23,5.24,4.56,6.26,23.24,5.41,-15.67,2012,0
32.09,19.89,16.29,5.2,4.54,8.28,32.88,8.25,-11.6,2013,0
65.92,51.52,19.36,20.73,6.27,13.07,26.69,11.77,-9.4,2013,0
69.33,64.3,30.88,5.87,5.73,8.76,57.18,3.44,50.95,2016,0
16.81,-7.32,23.42,2.09,11.75,-3.86,61.66,-6.93,-6.67,2012,0
24.76,-31.04,19.22,4.57,6.2,2.8,47.0,6.78,-4.61,2014,0
23.1,-29.53,18.63,2.54,5.44,1.56,50.89,2.01,-5.99,2015,0
21.45,-37.4,31.33,3.49,5.52,-9.72,82.19,-21.67,23.16,2016,0
65.21,39.21,22.62,19.76,3.29,16.9,40.47,16.54,35.5,2011,0
53.56,34.73,20.55,7.28,9.27,8.45,42.48,9.94,0.0,2016,0
78.24,48.61,59.41,6.4,4.38,5.47,59.67,5.29,5.38,2011,0
65.0,39.05,14.43,11.64,17.71,15.39,36.35,10.91,20.78,2015,0
74.91,40.04,0.16,8.94,16.23,5.63,34.39,14.21,18.09,2018,0
55.04,40.83,7.89,25.11,16.92,-0.01,64.91,-0.03,39.62,2017,0
53.23,45.85,12.83,10.84,6.42,9.49,58.32,7.5,91.72,2011,0
58.47,50.94,14.91,14.69,7.2,3.01,82.55,1.92,48.94,2013,0
64.5,51.74,18.31,5.52,9.18,10.15,54.92,7.53,53.99,2014,0
43.68,-29.81,75.2,26.1,3.83,0.44,85.11,2.86,-11.77,2011,0
20.34,-5.86,33.13,-0.08,6.43,8.25,45.96,12.08,-17.13,2014,0
31.67,4.78,57.72,-13.5,11.16,-0.79,82.51,-1.55,-34.49,2016,0
55.4,9.0,49.63,20.8,7.69,7.88,65.0,28.34,68.55,2015,0
75.59,46.5,51.31,12.02,5.39,14.37,29.66,33.4,16.79,2017,0
51.91,28.59,38.78,0.28,7.25,4.03,35.31,8.49,31.05,2018,0
45.29,33.29,7.25,-2.67,6.25,-0.48,80.35,-0.66,-27.53,2011,0
44.44,34.72,9.19,-0.07,7.1,1.85,57.69,2.47,17.54,2014,0
49.23,34.98,16.81,7.13,7.14,1.48,59.34,1.88,26.44,2015,0
54.03,36.18,22.74,6.94,8.55,2.17,52.05,3.66,18.7,2016,0
57.03,52.79,4.61,4.53,4.91,2.23,62.92,2.33,54.11,2017,0
27.21,-12.68,44.17,6.48,8.54,1.11,52.2,1.95,-8.72,2011,0
26.65,-13.03,39.33,1.18,8.02,1.41,55.05,2.35,-13.19,2012,0
28.77,-19.15,52.4,-5.53,7.73,-4.44,71.01,-6.66,-4.53,2014,0
57.76,33.88,22.79,14.11,2.65,5.14,40.93,5.8,23.09,2015,0
85.88,68.82,73.42,16.34,4.15,4.76,60.72,4.15,0.0,2015,0
69.97,15.69,60.22,6.24,0.93,-16.38,155.74,-14.7,11.9,2012,1
65.62,-1.06,14.45,-6.54,14.7,-53.08,0.0,-103.49,0.0,2012,1
62.25,54.43,16.86,4.18,4.91,9.81,64.85,5.78,0.0,2017,1
64.93,28.63,36.01,-20.5,3.33,-42.41,0.0,-51.31,-30.23,2011,1
34.76,-46.37,3.73,-32.48,9.86,-48.82,220.01,-163.9,-65.31,2011,1
69.1,16.07,27.3,18.73,10.07,-20.49,115.78,-35.94,-6.48,2018,1
46.55,-30.13,32.37,-47.32,12.58,-6.02,83.72,-95.83,-80.23,2014,1
12.66,-46.37,41.86,-47.32,39.92,-3.34,74.79,-120.72,-85.89,2012,1
24.72,23.58,11.91,-12.15,3.44,-183.56,0.0,-28.38,-85.89,2011,1
54.17,-21.49,76.01,-22.36,4.61,-38.54,0.0,-106.97,-13.58,2013,1
60.46,6.82,46.14,-22.49,7.0,-26.38,0.0,-141.25,-51.1,2016,1
59.72,-43.55,141.65,-47.32,1.24,-152.41,0.0,0.0,-85.89,2013,1
44.24,-38.04,46.79,-33.83,3.77,-24.61,0.0,-112.9,-41.23,2012,1
30.17,-27.4,17.29,-12.46,3.09,-22.19,0.0,-46.17,-44.82,2012,1
10.92,-46.37,127.87,-25.01,59.98,-74.76,0.0,0.0,0.0,2013,1
31.77,-46.37,0.0,-22.1,5.72,-44.18,0.0,-163.9,-12.27,2011,1
58.88,-27.58,84.32,-26.25,3.96,-377.34,0.0,-163.9,-85.89,2011,1
34.09,2.35,126.6,24.32,2.91,-14.14,0.0,-9.89,-81.84,2011,1
37.41,4.47,52.5,2.65,4.38,-14.33,0.0,-17.45,65.02,2011,1
47.38,33.64,18.34,5.47,2.59,-78.29,0.0,-48.71,-26.24,2016,1
45.91,-46.37,59.44,-47.32,5.47,-141.87,0.0,-163.9,-85.8,2012,1
45.45,2.81,16.67,25.46,6.44,5.79,63.37,12.83,12.19,2016,1
73.84,47.97,5.73,30.09,3.45,15.29,70.45,41.89,0.0,2015,1
17.65,-46.37,88.99,-26.26,3.01,-89.03,0.0,-109.41,-74.0,2017,1
14.06,-46.37,101.26,-38.88,8.36,-334.65,0.0,-163.9,-44.05,2014,1
75.05,37.66,59.91,7.33,10.95,7.06,45.85,28.44,-85.89,2013,1
36.16,-35.38,57.32,-33.99,3.01,-85.24,0.0,-119.31,-21.39,2016,1
28.14,-12.09,15.58,-3.56,4.24,-53.56,606.25,-39.82,-2.93,2018,1
52.04,12.9,18.94,-3.79,18.83,-31.35,0.0,-32.45,0.0,2017,1
86.8,0.53,0.0,-32.12,10.69,-15.71,108.01,-117.01,0.0,2017,1
52.61,46.55,23.31,7.11,15.07,16.37,69.31,3.88,504.57,2014,1
46.24,-27.33,20.43,-16.03,5.98,-109.33,0.0,-154.62,30.31,2015,1
12.59,-27.26,147.47,-47.32,2.35,-233.01,0.0,-87.01,-51.36,2013,1
34.43,-42.03,147.47,-36.62,0.93,-357.82,0.0,-163.9,-21.76,2011,1
40.48,29.79,69.47,-18.7,1.6,17.16,58.2,7.6,0.0,2013,1
41.94,-40.62,46.99,19.97,6.9,-24.05,65.21,-94.18,-62.29,2015,1
41.8,23.14,143.64,-46.35,1.32,-47.63,18.99,-33.16,-85.89,2015,1
10.92,-46.37,147.47,-47.32,3.93,-364.41,0.0,0.0,0.0,2011,1
19.47,-46.37,8.53,-5.98,5.39,-108.29,0.0,-163.9,-28.64,2012,1
20.57,-46.37,0.0,-47.32,59.98,-110.41,0.0,-163.9,-55.86,2012,1
87.17,80.79,7.08,13.71,9.35,23.08,27.43,19.33,29.34,2012,1
74.43,-15.31,39.18,-47.32,6.63,-101.3,0.0,-163.9,-18.87,2016,1
20.65,6.4,76.51,-45.37,4.9,-265.67,0.0,-61.07,63.37,2011,1
56.04,-39.47,117.74,-47.32,1.42,-139.99,0.0,-163.9,-65.82,2013,1
22.05,16.4,8.23,187.78,2.72,-90.64,0.0,-29.91,170.12,2017,1
63.45,6.13,96.08,-45.95,5.2,-18.75,139.45,-14.8,-33.13,2018,1
11.13,-11.44,0.0,-47.32,0.93,-377.34,0.0,0.0,-81.78,2011,1
55.79,8.55,72.53,-14.98,6.12,-13.18,532.76,-46.16,-42.09,2011,1
58.48,-46.37,68.29,-47.32,3.13,-111.6,0.0,0.0,-44.22,2011,1
23.35,-46.18,36.56,-30.81,5.74,-65.55,0.0,-112.52,-61.05,2016,1
36.98,20.18,26.32,-4.22,2.69,-7.28,46.29,-1.93,-49.19,2011,1
28.87,-25.89,61.81,-14.84,3.09,-42.21,0.0,-48.13,-26.77,2012,1
47.04,12.92,147.47,26.28,0.93,-377.34,0.0,-19.88,0.0,2011,1
92.89,58.91,16.6,2.59,5.9,-117.93,0.0,-14.93,-51.15,2015,1
72.09,-46.37,147.47,-47.32,0.93,-358.61,0.0,-163.9,0.0,2014,1
49.07,18.35,63.72,0.48,3.13,-116.19,0.0,-24.14,9.67,2012,1
82.35,-46.37,46.96,-47.32,3.35,-239.42,0.0,0.0,-85.89,2014,1
35.44,-46.37,62.59,-47.32,6.3,-124.71,0.0,0.0,-59.07,2016,1
52.37,24.04,51.89,32.07,6.05,-107.05,0.0,-75.43,164.27,2017,1
49.13,28.67,39.5,-42.39,2.22,-130.08,0.0,-78.71,67.05,2016,1
62.12,-22.29,46.82,-25.67,6.98,-53.89,0.0,-163.9,-15.33,2012,1
41.42,-31.54,107.58,-44.94,2.35,-82.97,0.0,-163.9,-85.89,2013,1
77.16,-46.37,53.03,-44.68,1.41,-85.7,0.0,0.0,0.0,2011,1
88.7,-26.1,147.47,-23.05,0.98,-377.34,0.0,-163.9,-85.89,2012,1
38.06,-12.09,54.99,-26.73,3.07,-31.46,186.38,-32.0,0.0,2012,1
44.32,13.94,6.1,21.0,50.31,12.42,59.11,27.33,17.87,2017,1
55.11,-3.82,80.08,-32.68,2.42,-95.07,0.0,-163.9,-76.26,2011,1
44.18,30.61,39.44,-19.13,2.3,-16.69,142.33,-16.66,-20.31,2015,1
37.09,-22.9,0.0,-31.78,59.98,-58.71,0.0,-70.54,-24.22,2012,1
37.7,1.76,7.62,-3.73,18.55,4.74,54.62,14.39,42.15,2015,1
80.57,51.45,24.52,-23.67,5.68,-29.87,0.0,-60.15,38.83,2011,1
41.66,8.65,11.16,24.06,7.37,5.0,31.36,7.45,39.11,2018,1
50.38,37.33,0.0,-40.08,59.98,-31.63,85.63,-14.25,81.31,2018,1
55.25,24.45,10.81,-18.27,19.36,-193.17,0.0,-30.81,-45.86,2017,1
37.11,11.13,26.28,-17.61,3.8,-18.55,810.1,-21.25,0.0,2012,1
52.73,30.99,117.52,-5.6,1.5,-16.32,0.0,-16.46,-42.76,2012,1
35.07,-45.13,29.63,-43.53,5.18,-59.67,141.56,-144.58,-36.29,2014,1
47.07,0.04,64.18,4.89,59.98,-71.11,810.1,-58.68,24.81,2015,1
23.24,9.25,17.71,-47.32,17.22,-374.39,0.0,-114.31,0.0,2011,1
59.2,24.4,31.23,-8.66,8.08,0.31,76.3,1.13,5.16,2018,1
47.49,32.2,22.26,22.99,5.45,-36.08,310.95,-48.82,28.15,2011,1
56.12,0.59,48.82,-36.22,3.89,-72.35,0.0,-163.9,0.0,2011,1
27.47,-19.31,29.9,-30.85,9.61,-59.55,0.0,-82.88,-42.52,2014,1
30.62,-16.01,23.85,-31.93,6.71,-102.35,0.0,-109.69,-19.92,2013,1
11.74,-15.59,4.36,-26.14,9.33,-62.61,0.0,-23.23,-69.68,2012,1
13.76,-21.31,0.0,105.6,20.28,-45.57,810.1,-64.8,-35.79,2011,1
29.6,-23.43,52.38,-44.56,0.93,-377.34,0.0,-133.08,-67.35,2017,1
11.34,-1.92,4.98,-10.45,12.05,13.37,0.0,23.08,0.0,2011,1
43.81,29.72,6.14,23.8,12.93,19.58,2.98,26.44,0.0,2011,1
61.89,-4.94,66.15,2.71,1.86,-11.2,181.36,-47.95,-8.32,2014,1
35.2,-46.37,28.26,-23.04,3.23,-246.87,0.0,-82.45,-85.89,2018,1
28.74,-46.37,18.5,-29.04,3.92,-41.64,0.0,0.0,-62.41,2011,1
41.19,12.47,19.58,15.73,6.32,17.87,41.49,25.04,16.71,2018,1
31.99,-15.16,22.21,-47.32,14.18,-167.94,0.0,-163.9,0.0,2011,1
75.91,55.77,12.07,42.38,5.25,30.3,26.56,42.78,-27.91,2013,1
27.47,-13.39,32.8,-17.38,4.81,-29.09,0.0,-122.85,54.46,2014,1
43.88,-0.6,75.14,6.22,1.27,-12.14,72.59,-8.07,40.89,2015,1
47.76,-46.37,54.78,-14.35,23.79,-26.04,308.96,-163.9,-4.44,2015,1
18.08,-46.37,58.82,-37.67,9.74,-377.34,0.0,-163.9,-82.12,2015,1
10.92,-23.0,23.74,47.63,27.09,-31.39,76.22,-15.92,-61.5,2014,1
68.46,-46.37,124.51,-33.71,6.13,-43.93,0.0,0.0,0.0,2012,1
68.72,7.81,91.3,-11.4,3.95,-2.57,0.0,-5.36,-17.79,2012,1
52.87,7.83,22.57,-0.92,4.98,1.51,69.07,4.09,2.15,2014,1
51.99,-6.7,67.98,8.2,3.35,-6.67,308.85,-16.87,12.28,2011,1
61.39,-6.33,68.76,70.04,6.4,0.98,63.05,7.39,38.9,2011,1
64.47,22.08,71.64,25.06,3.03,13.13,65.11,20.59,134.33,2015,1
50.45,-32.43,42.53,104.69,4.94,-89.44,0.0,-163.9,30.87,2011,1
74.4,39.77,33.84,3.45,7.08,-114.87,244.36,-57.69,-50.32,2013,1
34.87,-36.19,44.16,21.1,6.44,-48.9,810.1,-62.7,-25.98,2018,1
42.34,-24.04,32.91,-21.47,5.1,-34.49,0.0,-88.07,-42.61,2017,1
75.66,-46.37,63.25,43.87,6.72,-377.34,0.0,0.0,-45.85,2011,1
47.13,-19.14,72.86,-20.14,5.09,-34.38,0.0,-76.76,-2.17,2011,1
32.6,5.72,18.36,-11.14,2.63,-6.1,391.99,-6.05,-76.22,2015,1
66.78,-17.95,147.47,20.08,1.9,-76.73,0.0,-163.9,0.0,2011,1
65.65,-46.37,63.26,-31.22,9.55,-36.76,0.0,0.0,-67.02,2013,1
79.9,21.29,83.94,111.27,4.86,10.9,66.21,6.13,0.0,2015,1
54.59,-46.37,147.47,-47.32,11.74,-155.15,0.0,0.0,-85.89,2011,1
19.04,-4.47,94.89,-46.13,7.74,-377.34,0.0,-163.9,-13.4,2016,1
49.16,-6.03,36.02,-47.32,8.32,-152.23,0.0,-142.65,-38.33,2011,1
49.73,6.99,22.01,-47.32,6.19,-372.86,0.0,-163.9,-28.43,2011,1
67.07,21.97,72.97,-47.32,3.1,-96.31,0.0,-159.53,-7.1,2011,1
28.31,-46.37,96.7,-42.36,3.89,-69.45,0.0,-163.9,-85.89,2013,1
74.07,17.31,93.18,10.21,1.46,9.57,38.9,7.19,132.73,2011,1
66.78,16.59,84.82,53.65,3.22,5.75,46.68,26.29,0.0,2016,1
14.94,-13.44,0.0,2.19,6.56,0.16,22.18,0.38,-54.86,2014,1
62.73,40.89,0.0,-13.44,5.62,-18.5,88.65,-11.78,157.95,2015,1
18.14,-9.34,66.37,-7.9,4.41,-221.1,0.0,-92.22,0.0,2014,1
10.92,-46.37,8.57,-5.21,25.1,-30.16,64.29,-74.69,-40.44,2013,1
62.51,-9.96,17.22,6.18,3.73,-10.01,111.3,-54.5,-31.66,2012,1
57.88,13.17,37.85,18.15,11.85,5.07,44.17,10.52,-10.35,2013,1
37.45,-46.37,147.47,-47.32,59.98,-63.17,0.0,0.0,-52.24,2014,1
60.12,-28.45,147.47,-7.24,3.59,-0.97,63.47,-11.29,-14.6,2016,1
14.32,-46.37,35.88,-47.32,2.96,-377.34,0.0,-163.9,0.0,2012,1
48.21,-45.7,117.47,-46.18,1.66,-62.75,0.0,-137.09,-52.79,2014,1
71.22,31.93,41.59,15.93,3.86,-40.47,804.84,-38.75,58.91,2015,1
92.89,81.09,27.83,2.1,2.14,6.97,18.52,6.73,11.81,2018,1
63.04,30.28,24.11,-39.94,5.34,-27.57,0.0,-48.77,-17.81,2017,1
53.8,-12.6,121.1,-11.5,1.5,-35.92,0.0,-72.17,39.28,2017,1
