[제조]유동자산구성비율,[제조]순운전자본비율,[제조]총자본증가율,[제조]매출채권회전률,[제조]자본분배율,[제조]매입채무회전기간,[제조]비유동자산증가율,[제조]매출액순이익률,[제조]자기자본순이익률,year,label
61.43,34.75,12.78,4.27,-20.2,18.51,30.73,-8.99,-12.61,2011,0
51.54,31.87,13.54,7.13,42.38,15.99,9.09,11.92,12.58,2018,0
54.98,45.96,18.86,8.87,53.1,0.0,112.9,8.81,4.62,2011,0
39.37,-30.4,4.74,6.64,41.14,40.55,1.48,-0.44,-1.4,2011,0
41.17,-30.55,7.82,7.06,44.75,39.27,4.62,1.05,4.49,2012,0
35.98,-23.73,-7.4,8.4,41.12,34.59,0.76,1.26,5.74,2013,0
32.47,-7.81,3.36,7.26,35.23,39.88,9.87,1.71,4.64,2016,0
41.38,33.11,-0.86,11.34,41.04,8.25,10.28,4.12,2.99,2011,0
58.74,29.02,2.38,10.47,35.16,27.08,19.02,10.81,20.94,2012,0
60.2,31.68,28.29,7.52,19.5,31.37,3.73,5.11,7.24,2016,0
42.09,-14.68,5.01,4.84,33.93,48.55,3.77,1.97,3.68,2014,0
62.69,47.51,35.5,5.98,32.55,2.85,68.35,13.72,19.37,2013,0
61.55,44.21,15.97,11.94,35.2,0.0,74.25,15.17,17.75,2017,0
44.81,34.07,11.53,3.19,49.65,25.1,4.89,13.62,7.0,2011,0
69.7,43.44,75.19,2.99,33.41,45.01,132.59,20.2,32.23,2012,0
67.12,56.38,13.3,3.9,54.0,34.27,97.03,13.93,11.06,2011,0
49.59,35.87,4.26,4.04,45.84,42.82,17.06,11.4,7.26,2015,0
63.26,42.4,40.52,6.23,2.05,38.06,54.0,-4.54,-2.85,2017,0
33.29,9.99,-19.54,4.34,21.92,58.11,37.25,-6.08,-8.09,2014,0
50.89,29.49,-4.1,3.94,15.22,41.38,92.79,-1.3,-5.83,2011,0
59.76,18.59,-8.15,6.07,58.98,45.22,-4.26,6.17,21.34,2018,0
60.02,4.83,15.06,3.81,32.42,53.13,8.14,-0.43,-0.88,2011,0
47.95,2.83,11.04,8.38,41.06,49.03,6.73,2.82,9.39,2017,0
67.0,51.5,16.78,11.59,59.85,13.76,38.39,13.51,19.68,2018,0
51.21,22.33,-11.89,2.77,2.26,67.17,62.13,-2.38,-1.89,2011,0
72.37,29.68,2.48,4.01,70.29,33.6,-15.29,2.01,5.24,2011,0
68.76,51.72,26.56,4.33,68.58,28.95,-0.68,6.8,9.97,2017,0
59.82,29.07,4.02,5.14,50.21,31.05,10.68,6.28,17.34,2015,0
57.35,29.69,3.99,5.66,43.6,36.95,6.03,4.88,9.95,2017,0
61.42,33.29,6.61,3.06,54.99,48.31,-2.1,8.89,11.54,2013,0
57.23,26.74,12.66,3.47,48.78,37.91,0.49,9.05,11.81,2015,0
33.03,9.55,5.53,3.41,40.66,45.83,11.98,7.73,5.93,2018,0
23.94,-20.58,0.18,4.89,26.92,43.26,6.74,-3.65,-3.32,2015,0
52.9,34.32,14.76,8.3,43.78,35.05,1.88,5.95,14.57,2011,0
52.43,40.25,7.67,3.18,57.32,21.02,21.62,7.68,12.96,2014,0
75.23,66.67,-10.12,7.69,22.04,12.69,75.66,12.31,7.06,2015,0
35.99,-24.62,9.05,5.17,42.23,17.71,13.3,-1.47,-5.57,2011,0
54.18,25.56,14.19,9.63,44.54,36.79,-1.45,6.38,18.98,2016,0
56.89,25.44,35.68,5.14,44.39,37.32,128.7,5.61,11.75,2015,0
63.55,53.32,46.56,1.91,40.52,15.61,35.83,2.69,1.85,2012,0
49.46,-7.48,5.55,0.93,46.61,51.79,-2.21,6.45,14.6,2015,0
50.4,-0.78,6.3,0.93,50.73,55.88,5.65,5.08,10.61,2018,0
57.35,36.1,2.48,1.59,62.41,35.23,-5.67,12.6,15.75,2015,0
48.57,31.0,14.25,4.44,40.53,28.58,4.21,10.15,8.81,2011,0
48.08,32.89,17.39,11.25,51.22,25.54,3.83,6.81,8.78,2018,0
56.79,40.53,51.66,1.91,56.16,3.74,101.57,6.62,3.88,2013,0
49.23,42.7,29.17,1.73,0.0,0.47,46.81,-23.2,-8.89,2015,0
60.1,54.73,49.93,14.94,42.52,2.76,61.03,9.74,3.86,2018,0
72.75,41.31,-0.89,6.88,7.63,21.38,46.43,1.85,4.49,2018,0
63.71,28.76,9.91,10.36,70.93,31.97,-2.47,5.28,18.25,2013,0
65.87,34.55,5.44,9.24,59.57,41.35,-0.84,2.24,5.4,2014,0
59.99,39.27,48.05,7.01,44.72,16.22,4.52,6.27,5.26,2016,0
54.65,26.61,5.4,8.96,48.69,11.33,13.25,4.26,5.39,2016,0
66.3,55.66,1.56,37.53,49.94,17.05,61.54,10.98,12.21,2017,0
61.45,45.51,42.19,5.2,47.66,17.45,30.12,7.76,7.37,2012,0
70.23,30.41,12.03,4.54,51.92,22.56,-15.49,9.11,10.78,2017,0
68.31,53.04,30.71,10.16,32.02,14.62,100.66,5.8,6.29,2013,0
29.98,-15.67,12.91,5.06,46.14,33.82,2.16,3.45,5.21,2013,0
47.21,5.96,13.04,14.39,44.72,45.89,0.4,2.98,5.9,2011,0
65.64,49.19,10.09,5.59,56.0,14.23,91.64,5.05,6.69,2018,0
60.64,29.74,8.79,2.85,49.11,23.4,-3.08,13.29,19.64,2012,0
61.55,21.51,15.41,11.24,49.5,26.24,2.22,1.91,7.54,2015,0
26.46,2.59,4.49,7.89,45.02,29.98,14.12,8.23,9.33,2013,0
46.62,24.05,8.75,4.54,56.12,48.0,1.88,12.44,13.13,2018,0
63.63,25.33,14.72,6.16,50.43,22.3,1.3,3.1,9.12,2017,0
68.5,56.36,-4.48,7.71,62.01,25.68,63.28,11.43,9.77,2018,0
31.76,-4.48,2.32,8.84,44.68,33.86,10.3,2.07,5.16,2011,0
62.29,46.79,35.01,11.84,60.35,16.65,91.54,14.51,23.09,2014,0
56.71,21.63,3.7,3.46,48.36,34.71,6.19,6.84,7.79,2014,0
21.22,-16.29,-7.1,7.53,37.4,36.89,-7.27,-2.84,-3.97,2013,0
41.93,17.32,9.83,8.88,30.02,45.8,18.03,5.22,5.71,2014,0
24.89,-22.06,4.28,6.44,47.24,58.65,-0.13,5.2,16.12,2013,0
21.05,-5.46,-2.84,5.59,40.93,36.24,-2.25,2.18,3.29,2017,0
20.08,-3.82,6.85,6.23,43.81,31.68,8.16,2.64,4.18,2018,0
89.35,75.0,0.01,0.93,7.24,66.66,-4.0,2.45,1.32,2016,0
45.12,-9.9,16.63,10.04,50.89,35.32,6.04,2.92,12.86,2014,0
66.4,44.79,29.31,4.46,63.88,19.63,5.71,9.01,14.12,2012,0
49.06,38.45,12.62,6.15,49.79,8.79,18.88,11.38,12.68,2013,0
61.74,48.59,24.75,6.04,56.55,8.61,22.13,15.8,15.71,2015,0
52.45,14.2,14.82,4.71,28.98,50.84,16.03,-0.47,-0.99,2016,0
79.96,56.64,48.58,13.79,63.26,23.0,86.82,3.04,12.28,2012,0
65.55,29.73,17.31,5.48,54.13,6.04,121.43,5.64,4.39,2017,0
64.51,35.1,13.88,9.59,63.36,28.37,-0.8,7.83,23.7,2014,0
61.6,36.44,2.27,12.33,50.52,34.04,2.31,5.39,11.86,2016,0
37.04,-21.1,11.22,8.29,34.43,54.87,10.41,0.82,6.67,2014,0
61.59,42.65,11.92,4.06,57.82,43.76,0.0,8.88,7.62,2011,0
63.71,44.66,13.86,4.36,72.08,36.48,7.59,14.77,16.2,2012,0
54.99,46.04,3.85,3.67,62.04,33.02,4.03,15.1,10.01,2014,0
41.41,-5.32,-1.74,5.5,53.41,45.82,1.08,0.87,3.39,2017,0
76.56,31.29,30.51,9.21,7.4,31.66,3.44,2.17,8.85,2014,0
77.11,34.6,28.86,9.78,23.21,29.03,15.63,3.63,12.85,2016,0
54.55,39.4,4.86,3.72,69.43,11.31,0.88,8.32,8.08,2011,0
31.7,16.46,-2.92,6.53,40.51,67.78,26.78,4.95,2.07,2016,0
26.18,8.43,2.64,5.59,44.18,45.34,10.93,9.01,3.49,2017,0
17.25,-1.7,-3.93,5.92,45.25,44.67,7.7,6.69,3.21,2018,0
65.64,20.44,8.88,7.25,45.07,42.59,-10.23,3.21,9.7,2014,0
41.28,-3.31,15.79,7.09,27.82,49.32,19.24,-0.71,-1.77,2017,0
72.1,24.83,1.55,3.95,11.3,69.15,55.22,-0.43,-1.64,2018,0
78.53,33.72,41.15,15.87,85.04,45.9,-13.3,-0.85,-0.41,2012,0
64.46,62.11,51.95,4.24,60.14,3.62,149.14,31.79,9.25,2016,0
43.28,39.91,44.65,6.68,64.59,11.4,128.3,12.01,3.84,2016,0
49.86,32.95,40.38,2.7,32.33,16.18,131.54,12.97,6.53,2016,0
81.13,71.74,-6.31,12.5,-19.14,43.44,17.11,0.74,0.75,2011,0
75.39,65.26,-7.79,7.17,0.0,54.63,20.27,-16.35,-9.14,2012,0
35.86,-10.72,-0.71,5.54,47.2,35.7,-0.75,7.33,10.01,2016,0
69.27,62.54,-4.49,24.06,-26.82,0.11,63.94,-5.3,-5.29,2017,0
54.63,0.47,4.83,3.09,55.7,51.38,-5.68,7.52,16.62,2015,0
53.9,39.12,3.29,4.57,43.67,46.57,5.56,5.92,7.05,2013,0
52.87,38.1,9.27,4.76,44.25,47.35,11.7,6.37,6.93,2014,0
49.99,27.89,9.93,9.45,36.97,48.47,8.65,9.08,8.53,2014,0
35.79,12.72,3.31,5.4,26.89,42.8,24.59,-6.71,-5.97,2012,0
65.24,59.25,9.43,2.64,69.04,13.62,69.96,21.53,14.15,2018,0
57.91,15.64,20.8,21.21,-11.05,30.68,33.39,-1.62,-2.92,2015,0
49.08,35.28,9.59,6.36,68.55,4.17,94.61,19.49,14.73,2012,0
49.08,32.42,3.66,6.22,55.92,13.77,3.66,11.29,8.47,2013,0
62.25,37.39,39.11,5.6,53.04,20.52,3.12,11.44,9.5,2014,0
51.97,24.97,4.19,4.52,53.64,6.83,1.73,8.2,7.74,2017,0
31.87,-20.8,9.64,9.73,41.68,33.44,1.11,3.7,16.3,2016,0
31.03,-32.98,11.7,17.71,29.6,28.32,8.31,0.23,2.36,2018,0
25.95,-15.62,8.64,14.56,35.22,31.55,5.54,0.26,0.88,2014,0
30.47,-19.6,7.25,12.47,35.25,35.13,-1.5,2.64,6.02,2016,0
30.36,-32.28,11.44,17.38,30.16,28.08,7.73,0.15,0.53,2018,0
54.12,40.43,11.54,5.4,44.85,8.73,40.69,8.36,9.25,2011,0
36.18,0.45,14.87,7.15,52.66,60.35,5.81,8.6,17.68,2015,0
38.85,0.93,1.66,5.62,48.51,58.8,-0.38,5.34,9.5,2017,0
42.54,-12.64,-4.12,6.3,39.34,49.12,9.23,5.04,9.48,2018,0
72.56,55.28,37.03,3.56,33.05,31.37,57.02,5.45,8.19,2011,0
62.93,54.18,6.53,1.84,56.64,28.68,98.7,17.6,22.02,2012,0
53.44,41.16,12.73,3.64,-22.49,27.94,8.57,-4.51,-4.54,2014,0
76.68,34.24,20.25,4.47,20.91,42.06,14.34,0.26,0.82,2014,0
48.94,38.16,42.44,4.3,0.0,36.85,50.55,-25.69,-7.05,2015,0
43.03,36.97,-2.82,17.79,34.96,8.83,43.49,10.39,5.63,2018,0
40.92,29.9,7.58,4.51,39.29,14.55,12.72,9.65,10.07,2017,0
43.94,32.75,7.68,4.05,42.95,14.56,2.16,12.96,13.16,2018,0
59.72,35.31,-19.6,4.73,65.39,24.52,-6.06,12.75,22.33,2018,0
64.96,60.91,3.37,6.88,68.93,18.7,89.48,23.4,9.42,2011,0
42.7,28.38,7.49,5.59,47.03,13.41,-5.08,14.13,11.1,2017,0
28.0,-29.11,-7.78,10.56,24.32,33.39,15.75,-1.48,-7.48,2017,0
69.32,49.49,11.67,9.15,0.0,38.96,55.16,8.65,10.89,2011,0
34.58,15.22,-7.66,8.53,31.24,44.34,26.2,-0.31,-0.21,2017,0
57.96,26.62,11.55,9.5,47.15,24.68,-4.73,2.85,7.72,2013,0
71.57,69.82,91.63,3.83,15.4,6.16,121.55,7.59,1.47,2016,0
62.56,51.82,70.2,2.92,27.68,23.41,124.13,13.79,1.78,2017,0
81.62,78.15,65.95,8.75,0.0,38.84,78.71,-51.59,-12.91,2018,0
59.92,33.79,13.21,16.6,48.92,28.65,3.34,9.24,12.44,2014,0
49.07,24.76,14.65,1.92,-5.89,35.1,22.2,-6.62,-5.08,2018,0
53.34,45.53,10.6,3.6,55.91,10.87,40.68,12.15,14.73,2012,0
61.03,45.98,86.72,10.34,69.65,15.77,134.44,10.56,17.89,2017,0
87.62,55.87,25.52,3.96,40.72,35.38,85.44,6.2,12.22,2014,0
63.59,38.65,4.09,12.99,73.09,21.92,18.9,11.93,17.93,2012,0
71.76,46.69,17.84,10.44,71.51,22.98,-8.6,12.5,17.61,2013,0
76.86,48.33,8.64,7.55,56.41,39.79,-10.97,4.42,5.72,2014,0
73.53,30.06,9.7,4.16,59.49,40.1,-8.71,4.48,14.62,2012,0
66.72,30.32,17.29,3.03,53.88,48.02,2.09,1.78,-1.8,2012,0
79.09,5.13,-7.82,9.75,73.71,18.82,-4.91,1.01,21.45,2012,0
68.87,37.44,1.16,11.77,78.3,16.64,9.85,2.43,16.27,2017,0
42.62,28.54,28.3,3.34,41.1,23.97,6.97,11.2,4.71,2014,0
50.79,23.82,9.0,10.78,47.67,43.59,2.85,4.8,6.7,2016,0
40.21,10.92,-0.65,8.51,51.41,33.5,13.36,5.08,8.53,2018,0
77.57,46.99,11.27,3.98,65.17,24.7,26.31,7.83,9.25,2012,0
60.32,42.04,41.61,1.99,48.23,30.1,109.64,3.91,2.7,2016,0
57.73,33.35,-8.3,9.38,63.75,25.44,3.58,10.88,20.22,2018,0
55.87,30.23,14.22,8.46,55.92,31.97,-0.61,1.21,1.19,2016,0
74.03,47.87,6.5,3.01,14.37,53.24,21.37,1.03,2.0,2018,0
55.86,24.08,9.76,3.26,72.47,47.95,-7.39,19.31,11.86,2014,0
62.82,17.12,-2.83,23.43,49.03,52.04,-10.84,4.4,15.35,2015,0
63.71,51.29,4.5,9.97,54.52,8.65,86.68,13.56,12.95,2011,0
61.94,42.41,-0.27,10.87,59.53,28.35,-2.73,13.25,27.22,2017,0
49.45,40.32,1.23,4.14,54.88,28.97,2.33,9.13,8.74,2011,0
43.07,34.1,11.08,4.36,37.86,25.8,23.96,4.17,3.69,2013,0
43.84,34.17,4.73,4.53,47.04,22.56,3.32,8.24,7.1,2014,0
40.77,24.83,3.85,4.75,44.64,22.26,9.53,6.99,5.94,2015,0
67.52,29.21,15.22,3.8,52.17,30.56,-0.78,7.54,16.65,2011,0
69.91,34.96,8.64,3.11,69.11,33.71,0.65,10.53,19.18,2012,0
52.44,21.65,13.53,11.15,45.51,37.08,-1.2,3.9,11.09,2014,0
50.9,30.58,-3.0,10.52,49.69,17.2,15.57,4.92,7.21,2018,0
49.36,24.7,19.82,3.72,-1.5,72.4,44.84,0.52,0.57,2015,0
78.38,59.42,44.16,14.27,51.88,40.89,114.38,3.1,3.16,2015,0
67.26,57.02,33.36,2.03,45.28,4.29,51.63,5.82,4.4,2014,0
60.84,42.04,47.72,3.36,29.01,24.4,19.73,9.32,8.82,2016,0
55.26,40.87,12.02,3.6,11.04,33.58,27.98,-0.09,-1.26,2017,0
47.0,38.66,2.69,15.36,63.82,13.31,29.01,5.33,7.27,2012,0
19.9,-46.37,-15.52,59.98,44.54,42.0,23.4,0.01,0.42,2018,0
64.93,35.51,33.27,1.39,37.83,39.39,9.69,5.18,3.12,2016,0
83.64,58.09,11.62,5.3,45.8,48.81,113.55,6.18,11.4,2018,0
54.57,37.72,-2.11,7.85,36.67,37.58,22.07,5.84,7.97,2011,0
48.8,30.52,19.83,13.19,32.33,25.65,6.47,3.83,5.47,2013,0
50.69,30.44,10.16,9.64,41.75,38.04,6.1,6.26,7.9,2014,0
29.74,-39.38,-1.33,4.54,41.19,44.31,4.58,0.93,2.7,2011,0
27.28,-6.76,8.98,4.64,55.04,47.16,8.35,10.71,10.84,2016,0
25.85,-5.04,4.14,4.63,52.04,44.9,6.18,8.57,8.29,2017,0
29.04,-3.63,8.66,4.75,51.71,44.97,4.0,8.27,8.11,2018,0
74.57,37.06,70.0,5.9,33.31,25.98,72.88,2.02,4.36,2018,0
32.82,-31.25,-15.48,23.0,34.75,47.1,-1.23,1.59,12.56,2012,0
22.03,-34.38,-7.44,21.88,26.95,42.54,7.43,1.68,14.58,2013,0
31.8,-9.27,19.65,18.47,19.08,41.06,4.64,0.3,1.32,2014,0
41.83,38.05,2.64,3.57,39.67,18.52,34.16,7.65,2.98,2018,0
39.83,-37.32,1.29,6.9,44.14,59.51,45.6,-1.39,-6.77,2013,0
58.85,27.23,20.38,4.57,36.04,15.05,11.55,7.69,11.69,2016,0
74.18,23.59,11.28,9.56,43.07,31.53,4.59,2.04,11.25,2018,0
36.49,-15.56,2.98,4.81,57.17,37.46,-2.13,-0.42,2.33,2015,0
36.4,-22.63,-5.79,4.32,59.56,51.5,-5.64,1.59,7.03,2016,0
31.0,-18.19,-1.78,5.39,56.63,38.92,6.55,4.49,5.25,2017,0
29.51,-18.13,5.26,5.82,48.01,47.21,7.53,2.01,3.67,2018,0
85.74,62.45,8.8,7.04,31.61,20.51,61.04,5.83,14.91,2014,0
65.5,54.26,10.25,12.3,57.64,9.27,46.48,12.42,14.65,2015,0
52.64,40.09,19.88,10.71,46.27,11.46,31.33,3.4,5.71,2017,0
52.51,7.92,1.38,4.96,50.08,49.04,-0.7,4.0,8.05,2012,0
36.03,-23.82,19.58,4.41,45.53,47.92,11.1,2.62,3.81,2011,0
29.28,-29.93,10.62,3.38,62.4,44.66,16.64,8.78,13.05,2013,0
28.35,-24.82,-4.34,3.69,39.7,43.21,-3.08,0.56,0.58,2014,0
55.07,24.61,24.42,9.0,27.44,42.9,-2.66,4.53,5.17,2015,0
72.87,26.12,-0.93,3.07,58.56,18.14,1.66,2.86,9.03,2012,0
61.93,27.76,3.07,3.37,46.68,19.49,17.89,2.62,6.34,2018,0
46.69,33.21,1.45,5.6,41.31,28.87,4.33,4.71,6.48,2014,0
43.51,32.95,3.55,5.91,43.07,25.24,23.88,6.98,7.24,2016,0
37.75,15.93,-2.19,5.12,-6.49,62.94,55.93,-1.67,-1.72,2014,0
23.95,-14.28,-0.88,3.96,24.05,47.6,9.34,1.85,1.01,2017,0
52.62,10.73,10.57,4.49,13.96,56.41,23.19,-1.04,-1.36,2016,0
39.01,32.83,2.45,8.4,23.01,0.0,21.71,5.39,0.0,2013,0
60.63,53.67,8.6,13.75,42.96,0.0,103.03,22.61,6.29,2011,0
46.65,41.65,0.6,10.12,-13.55,0.0,36.32,-17.35,-4.18,2012,0
72.62,67.05,2.7,12.91,58.43,0.0,112.4,19.47,11.12,2017,0
53.7,30.12,10.99,3.86,39.09,20.61,20.45,12.17,10.04,2015,0
55.16,42.53,5.91,4.96,33.76,34.19,115.46,10.72,8.87,2017,0
47.1,0.44,6.82,5.51,36.61,52.76,8.16,4.27,17.38,2012,0
43.4,9.24,3.25,6.34,58.18,52.45,-5.64,8.69,21.03,2012,0
67.71,49.34,88.09,6.64,33.22,14.96,127.62,6.06,7.78,2018,0
71.39,62.01,-2.95,2.58,17.04,33.84,68.79,7.49,6.91,2011,0
73.03,28.86,18.88,8.09,58.47,31.32,-23.08,3.21,15.98,2012,0
79.21,62.06,21.35,5.04,46.95,39.8,101.39,6.45,6.77,2013,0
76.22,64.47,-18.25,10.76,0.0,28.79,31.01,-18.77,-17.52,2017,0
31.4,-22.43,-8.09,3.63,72.48,49.4,-8.88,12.86,21.74,2011,0
29.79,-14.63,-7.64,3.61,55.84,55.12,-5.46,7.35,9.21,2012,0
33.21,0.81,2.16,4.86,52.35,56.79,-2.83,6.25,9.09,2013,0
34.93,3.41,-0.31,4.3,53.95,52.81,-2.86,7.28,9.57,2014,0
37.58,27.62,7.63,4.5,39.88,7.56,20.53,6.27,3.54,2013,0
39.62,29.2,16.04,8.16,6.47,0.0,-0.55,-4.61,-9.36,2016,0
48.73,22.36,44.84,7.41,44.84,12.92,130.8,14.31,29.93,2014,0
46.75,31.99,4.72,8.43,30.1,33.52,25.17,3.05,3.98,2017,0
58.4,40.99,7.31,4.19,64.1,24.97,15.68,10.64,12.7,2017,0
66.01,59.86,0.11,2.02,15.02,39.2,54.22,0.56,0.25,2012,0
59.09,55.51,11.44,10.06,46.68,0.59,52.1,16.84,12.68,2013,0
42.16,37.3,17.55,8.21,46.07,0.95,106.44,19.62,17.04,2018,0
51.31,39.18,29.71,4.48,65.12,6.84,89.27,27.92,19.24,2011,0
66.78,27.84,18.81,10.6,8.53,11.1,29.81,-1.3,-3.29,2015,0
52.19,34.51,0.75,1.72,49.71,29.46,4.04,8.17,6.54,2011,0
41.03,30.95,1.6,4.94,58.03,61.28,-0.47,12.67,7.52,2012,0
45.66,33.26,5.19,4.11,60.33,40.57,-3.79,15.21,8.04,2014,0
48.6,34.69,4.78,2.99,53.92,52.25,-0.89,18.9,10.54,2015,0
57.77,48.22,27.35,2.37,62.01,39.84,4.62,20.13,9.4,2016,0
58.45,48.97,2.7,4.14,69.18,32.94,1.29,17.64,8.91,2018,0
31.77,-4.56,8.56,18.05,42.83,39.33,10.14,1.81,9.84,2013,0
31.06,3.31,8.25,25.0,37.84,32.67,14.77,2.81,8.24,2016,0
41.73,0.89,15.19,5.1,46.57,47.85,-0.11,2.23,4.92,2012,0
38.43,36.41,80.17,4.33,63.78,9.21,119.43,18.24,6.14,2015,0
49.19,36.3,8.13,12.24,46.6,16.56,19.53,5.55,6.51,2013,0
72.72,33.13,32.86,5.57,44.57,33.9,4.52,8.55,16.33,2013,0
61.6,31.34,6.43,6.49,51.34,39.39,7.56,6.92,14.26,2015,0
66.18,33.55,15.32,5.43,45.29,44.65,1.54,6.71,12.17,2016,0
48.61,22.85,0.58,3.87,45.72,48.56,-0.78,8.64,14.27,2011,0
28.33,-9.23,7.52,10.33,50.04,31.72,8.45,1.48,6.19,2012,0
27.87,-6.2,4.1,7.47,52.53,33.03,4.73,3.24,7.33,2015,0
30.91,-6.21,2.75,7.58,50.0,34.74,-1.58,1.54,3.39,2016,0
36.59,-6.19,6.23,7.76,51.94,35.22,-2.5,2.33,5.19,2017,0
37.81,-7.81,1.45,7.71,52.57,40.4,-0.5,3.3,7.34,2018,0
84.71,49.79,6.43,6.68,43.06,20.64,69.42,3.37,8.93,2017,0
28.72,18.34,64.46,13.19,72.26,13.94,105.17,26.37,25.55,2013,0
62.89,50.29,3.45,9.18,13.85,3.7,89.07,1.98,2.09,2018,0
22.61,-13.41,3.63,6.38,70.96,75.28,11.41,3.26,9.21,2012,0
65.26,31.09,10.36,3.59,71.61,26.22,-5.78,5.94,11.8,2016,0
64.96,30.62,15.86,9.63,54.12,30.02,-1.5,3.34,4.81,2012,0
91.73,81.09,45.36,5.88,57.9,0.27,136.71,10.62,11.51,2011,0
58.5,40.53,-46.95,4.38,82.83,3.69,-9.0,19.18,19.91,2012,0
55.1,32.2,3.28,4.13,53.51,30.92,5.19,5.19,14.56,2014,0
55.44,24.1,0.92,4.05,58.55,29.13,0.14,7.23,16.2,2015,0
58.86,25.05,-0.26,4.11,50.52,32.18,-7.9,5.58,10.66,2016,0
46.02,37.92,33.45,10.41,50.64,0.0,117.43,26.6,25.39,2012,0
10.92,-5.91,3.19,11.04,29.02,21.43,12.5,8.07,3.56,2017,0
50.96,29.27,3.88,5.58,55.16,17.03,2.14,8.2,8.29,2017,0
53.69,42.71,4.84,6.06,67.52,14.7,-1.0,14.65,16.99,2018,0
52.19,27.58,7.87,10.55,59.48,37.16,-5.82,7.63,11.44,2012,0
65.34,56.04,15.96,5.95,70.45,20.81,7.62,11.5,10.19,2011,0
60.94,45.74,2.09,3.57,43.59,49.93,9.6,4.21,2.3,2013,0
54.38,11.59,10.4,5.18,24.44,54.78,10.84,-0.9,-1.67,2012,0
43.43,6.71,-20.98,7.42,41.66,60.89,20.17,2.7,7.59,2015,0
59.75,42.77,49.35,4.97,74.42,8.83,89.38,17.58,15.85,2012,0
58.46,29.16,21.71,6.7,46.65,37.89,-4.92,4.47,8.51,2014,0
21.11,10.75,-0.95,10.21,36.16,35.65,8.6,7.37,9.61,2014,0
60.41,26.96,7.62,5.87,41.78,26.04,11.24,4.23,8.31,2011,0
55.51,32.48,3.77,6.02,38.52,20.73,24.38,3.71,6.14,2017,0
69.7,31.24,2.56,8.97,64.87,1.06,5.15,5.97,6.04,2018,0
72.96,21.7,8.7,12.39,44.15,5.07,21.78,0.48,-0.54,2015,0
51.68,-20.81,-29.62,6.55,49.13,58.84,-11.41,4.15,26.08,2015,0
24.61,-19.57,5.06,5.5,41.83,33.55,0.1,1.78,1.62,2013,0
28.29,-12.06,7.54,3.59,54.42,57.9,2.3,12.62,11.52,2014,0
20.44,-26.05,-1.82,3.51,64.09,47.21,8.92,21.26,19.94,2015,0
17.35,-15.99,4.48,3.64,57.93,45.92,8.54,17.35,13.69,2016,0
21.45,-12.72,14.69,3.68,67.3,62.93,9.0,16.03,12.92,2017,0
22.72,-19.17,-3.94,3.13,60.71,63.4,-5.5,8.99,6.92,2018,0
45.88,36.8,-10.6,7.14,-12.84,20.6,72.06,-5.51,-9.28,2017,0
63.35,52.81,55.03,2.69,42.19,27.59,25.69,11.85,10.37,2013,0
57.7,37.71,17.08,2.13,31.35,24.07,35.14,-5.52,-3.16,2014,0
57.52,50.3,1.89,2.86,0.0,23.65,75.17,12.66,6.66,2012,0
61.78,23.25,7.99,3.55,51.82,29.38,-2.62,7.63,20.36,2013,0
64.81,28.24,8.58,4.48,51.25,39.52,0.22,6.81,16.81,2016,0
66.65,31.54,8.38,4.35,46.06,38.61,2.71,5.22,12.14,2017,0
51.38,36.27,7.7,6.98,58.43,23.51,14.35,12.74,9.2,2014,0
54.2,44.94,5.51,7.05,67.52,21.56,-0.6,17.98,12.87,2015,0
62.71,48.31,17.35,7.15,66.99,19.24,-4.46,18.5,11.96,2016,0
50.26,30.9,92.21,9.28,51.57,11.21,115.58,18.18,36.03,2018,0
34.93,10.29,12.34,3.04,39.11,41.2,8.58,0.6,0.34,2016,0
49.26,-13.98,-1.91,11.35,41.11,52.5,11.63,1.72,12.32,2014,0
56.59,30.83,2.65,5.21,0.0,8.69,30.75,-13.95,-21.76,2011,0
66.35,39.44,5.04,4.39,68.37,18.51,11.75,6.77,16.43,2012,0
67.14,48.33,27.86,4.69,69.01,23.82,10.89,9.06,15.89,2015,0
71.05,41.9,16.29,4.21,68.2,24.17,2.45,9.46,14.97,2016,0
12.11,3.45,49.57,15.86,70.71,36.76,121.7,41.16,42.78,2015,0
61.26,27.17,-0.99,9.36,56.35,37.66,2.32,6.87,13.31,2011,0
54.56,29.86,62.05,14.27,68.37,27.79,138.64,7.49,18.45,2014,0
58.18,36.03,14.01,14.32,54.77,25.56,4.91,5.68,8.02,2015,0
92.89,65.71,27.19,3.47,0.0,43.67,40.43,4.22,8.83,2014,0
55.34,41.73,-8.03,6.53,47.26,54.31,-12.33,7.43,7.76,2013,0
63.7,41.43,20.77,13.16,61.6,31.88,-1.84,13.36,19.89,2014,0
44.13,8.02,-1.89,2.8,44.13,60.49,12.6,9.58,12.77,2018,0
63.96,25.36,10.89,4.99,42.31,43.55,7.1,4.57,11.45,2018,0
62.59,36.12,-0.52,6.29,47.08,47.35,-5.85,5.49,9.73,2015,0
61.3,20.25,-7.64,9.77,49.33,62.67,-9.01,0.94,1.96,2014,0
37.93,-18.39,7.2,10.76,48.78,39.58,-5.16,1.38,5.42,2014,0
36.72,-14.19,8.11,14.03,55.43,33.91,6.68,3.58,11.04,2018,0
46.3,24.56,5.83,6.1,43.7,34.89,10.3,6.43,7.61,2014,0
47.07,30.96,4.25,5.65,46.42,33.85,2.77,7.81,8.88,2015,0
52.72,19.81,28.78,2.28,6.23,10.33,12.45,-22.38,-10.38,2016,0
75.9,33.18,43.32,6.67,5.5,38.41,7.7,1.51,4.79,2016,0
75.16,40.29,1.81,7.04,1.19,28.8,40.56,0.13,0.4,2018,0
59.43,55.8,5.41,4.31,61.93,12.6,45.09,22.98,7.39,2017,0
40.97,34.97,36.58,4.17,58.27,17.57,98.73,17.53,7.65,2018,0
23.98,-19.06,10.98,16.49,24.69,25.09,11.27,0.68,1.38,2017,0
79.38,55.88,55.3,7.9,32.32,41.46,30.46,3.88,11.45,2018,0
27.3,-16.78,-13.07,13.32,45.61,40.59,-0.01,-1.23,-2.84,2012,0
53.48,-12.17,2.08,5.46,52.15,58.78,-1.58,3.69,11.98,2012,0
47.36,-11.42,0.27,5.03,52.08,49.87,0.1,3.7,20.8,2014,0
75.42,66.74,116.54,13.19,22.39,0.0,123.7,3.74,2.96,2014,0
65.89,33.89,26.47,14.92,-25.5,0.0,43.23,-11.02,-4.68,2018,0
29.96,2.71,0.28,4.5,47.91,26.5,20.29,5.36,7.35,2017,0
29.68,8.62,10.37,6.06,38.68,44.07,6.91,4.54,5.99,2017,0
24.16,6.81,-0.26,5.93,34.56,41.2,7.57,3.77,4.91,2018,0
75.62,24.31,17.07,7.17,25.34,16.92,21.48,1.62,6.82,2011,0
55.47,45.26,-20.77,3.2,-14.54,0.6,28.91,-17.13,-6.99,2014,0
65.45,37.28,13.22,3.59,66.85,19.18,-11.82,6.23,14.33,2013,0
63.58,34.65,2.64,3.02,61.51,27.71,8.21,5.82,11.28,2014,0
52.61,43.27,16.35,5.66,58.44,14.02,8.0,16.1,16.34,2014,0
57.19,41.44,12.94,3.43,61.7,19.5,-0.66,16.51,16.67,2018,0
63.47,29.0,-19.55,8.48,59.9,30.32,11.54,2.34,7.47,2012,0
68.53,39.19,15.78,9.54,59.38,37.77,-0.28,5.41,15.02,2013,0
76.8,26.22,8.71,4.8,56.61,46.85,-6.57,0.8,2.03,2017,0
78.6,52.08,20.9,9.47,57.7,25.47,32.56,5.81,11.96,2014,0
71.71,41.58,15.59,6.3,16.85,30.87,52.83,-0.25,-0.43,2015,0
60.64,27.7,-0.25,10.96,65.26,8.44,0.15,3.96,13.77,2017,0
59.22,30.62,-8.48,10.1,59.31,1.04,-5.19,2.15,7.93,2018,0
50.66,32.7,3.81,5.32,58.5,36.58,2.99,8.58,13.53,2012,0
53.54,38.87,4.8,5.75,57.0,29.79,-1.32,8.19,11.8,2013,0
50.01,35.8,10.41,6.35,49.41,26.02,16.75,6.03,7.07,2015,0
52.46,37.0,5.04,5.26,52.58,33.25,-0.1,7.29,8.19,2016,0
74.35,71.15,-8.94,59.98,-27.84,27.14,29.1,-4.04,-2.23,2017,0
69.15,55.8,12.58,3.42,58.15,27.32,70.69,10.67,13.25,2015,0
40.4,33.07,13.14,5.7,52.33,0.51,118.9,26.46,13.86,2014,0
65.73,43.3,13.99,13.05,73.71,24.77,5.1,7.22,5.72,2015,0
66.69,36.43,-1.94,14.05,74.43,23.02,-4.7,8.27,6.54,2016,0
55.02,43.01,15.57,4.03,55.22,16.92,21.35,22.78,12.51,2015,0
82.08,42.08,47.81,3.01,24.25,33.59,16.0,1.77,2.56,2017,0
10.92,-29.61,-5.02,4.87,35.65,37.57,-3.08,-0.76,-0.22,2016,0
11.22,-21.86,7.06,3.78,43.74,43.16,3.67,8.37,2.66,2017,0
39.43,32.52,0.44,5.95,53.96,8.98,2.57,13.72,9.52,2014,0
70.0,36.12,5.3,5.11,74.69,27.34,-5.97,5.1,13.09,2011,0
58.56,40.51,7.53,4.11,67.74,31.12,-17.72,7.96,9.13,2015,0
65.9,44.37,18.52,3.59,77.16,26.72,-2.49,9.93,11.32,2016,0
29.94,1.33,10.13,10.27,53.52,34.79,13.54,2.11,6.96,2013,0
44.3,15.97,12.19,6.09,46.25,42.58,4.99,1.86,4.72,2016,0
24.13,0.92,15.17,12.42,41.62,37.0,9.29,9.22,7.15,2011,0
27.23,2.19,1.26,17.21,40.37,36.95,-2.88,6.87,6.42,2012,0
80.62,34.2,-0.25,3.96,67.25,51.25,-22.2,3.5,9.11,2011,0
77.87,30.09,13.03,4.71,39.98,42.62,5.71,1.42,4.88,2014,0
76.97,16.2,18.43,5.2,7.85,53.66,19.37,-1.97,-7.02,2017,0
62.85,56.31,13.17,2.82,69.21,20.64,45.33,22.21,9.42,2016,0
50.8,41.87,-1.93,3.19,68.62,16.54,29.9,24.44,10.69,2017,0
72.06,38.48,17.79,4.26,57.51,23.68,0.67,11.97,27.39,2017,0
79.68,22.83,36.7,4.89,39.92,34.04,-8.18,2.29,8.35,2012,0
67.75,21.22,-3.5,7.62,71.16,34.96,0.59,2.02,11.11,2012,0
67.93,34.17,-2.55,7.2,67.47,34.67,-3.11,1.96,9.61,2013,0
64.59,33.49,-4.29,5.03,61.75,39.96,12.19,1.96,6.49,2018,0
53.31,37.18,8.59,8.16,58.73,12.58,-1.7,15.94,14.02,2011,0
36.68,27.89,2.52,11.1,44.0,18.62,18.3,8.74,7.15,2015,0
43.8,31.91,5.43,10.17,49.73,18.29,12.14,11.38,9.5,2017,0
32.57,-19.8,5.89,7.72,45.01,28.62,5.53,1.52,6.36,2016,0
26.97,-21.02,8.64,7.08,28.0,31.23,17.66,-4.42,-17.14,2017,0
45.93,28.73,12.79,3.73,44.45,6.64,-1.56,3.89,3.75,2014,0
84.79,22.85,10.35,13.04,64.77,12.6,-15.58,7.24,15.94,2018,0
53.67,25.23,15.03,10.24,31.66,0.0,7.8,8.19,19.6,2016,0
52.4,25.86,7.32,10.07,33.91,0.0,10.25,8.51,18.77,2017,0
53.87,28.25,14.22,14.38,36.18,0.0,10.7,9.98,20.71,2018,0
44.3,35.49,4.41,13.2,49.37,25.63,4.01,6.79,5.34,2013,0
34.46,30.07,0.96,11.81,30.55,24.85,15.36,4.44,1.79,2015,0
73.56,55.88,6.59,4.4,-19.1,45.22,13.84,-3.31,-3.16,2016,0
43.18,3.93,15.62,5.61,26.58,49.98,8.74,0.88,2.24,2011,0
42.39,-5.39,20.47,4.4,24.47,45.02,11.49,0.06,0.15,2013,0
52.63,26.75,-6.63,1.9,20.43,66.26,34.3,4.26,5.54,2011,0
60.63,34.65,12.21,2.99,44.89,43.09,-1.75,10.95,14.02,2016,0
55.24,31.1,9.06,8.2,51.31,20.21,8.88,10.33,12.93,2013,0
57.79,31.86,14.58,5.99,52.21,22.09,8.07,10.14,10.78,2014,0
52.68,35.37,6.74,9.21,50.0,20.7,18.83,6.46,10.25,2017,0
53.63,40.54,-3.48,4.99,51.0,42.03,9.29,6.6,6.6,2012,0
61.56,51.52,31.16,5.05,69.27,37.42,8.75,16.99,16.08,2013,0
42.64,34.38,1.58,4.83,60.25,37.36,7.87,13.22,10.13,2015,0
44.54,36.67,14.61,5.88,59.86,39.05,10.54,13.6,9.44,2018,0
53.71,28.57,10.28,4.7,47.81,31.77,7.99,1.13,3.4,2011,0
64.9,37.94,10.39,10.21,44.55,40.04,9.84,3.79,10.37,2015,0
16.76,-12.33,13.76,6.19,44.54,38.54,16.38,-0.34,-0.41,2011,0
11.96,-12.85,2.83,6.89,39.12,41.22,8.76,0.17,0.29,2012,0
17.14,-17.86,-0.15,7.52,57.44,36.68,-0.79,6.45,6.05,2014,0
21.18,-11.21,7.64,8.26,57.58,31.45,2.39,7.41,6.29,2015,0
22.97,-8.23,5.86,7.41,53.17,30.27,3.46,8.48,7.72,2016,0
50.27,-45.27,-24.02,3.53,66.0,46.09,-11.47,9.73,11.05,2017,0
52.04,33.45,11.26,3.92,42.79,45.2,1.45,9.63,8.03,2014,0
49.54,31.22,9.78,3.37,38.12,43.59,13.95,8.42,6.92,2018,0
19.26,-13.65,-10.77,9.48,27.16,30.99,-7.25,-0.44,-0.75,2011,0
24.32,-25.79,3.17,7.74,32.38,40.95,-1.04,-3.11,-7.0,2014,0
55.49,30.2,22.2,5.35,42.04,26.59,5.67,6.07,9.25,2013,0
55.21,41.42,11.04,6.63,-2.17,27.0,40.77,-1.84,-2.06,2018,0
29.97,23.58,6.06,10.71,-4.59,43.77,33.67,2.72,0.86,2013,0
32.45,20.33,26.38,7.07,-33.65,10.42,22.24,-4.52,-1.78,2018,0
45.49,-25.0,-1.98,5.92,50.17,45.61,-2.08,3.23,10.8,2016,0
42.24,-20.13,-5.17,6.99,45.55,44.74,0.49,2.5,7.7,2017,0
50.77,39.05,46.77,2.67,60.59,53.33,110.15,22.46,13.76,2014,0
20.85,-46.37,7.09,6.03,55.47,49.22,-2.56,4.08,15.43,2015,0
15.13,-46.37,-9.71,5.18,51.47,49.91,-3.19,1.83,4.88,2016,0
45.75,-10.0,7.08,7.65,49.93,48.31,7.73,3.23,16.62,2014,0
40.69,-23.7,7.22,8.89,41.29,50.18,10.06,2.5,10.2,2016,0
43.13,-19.05,5.06,9.12,39.56,46.69,0.73,0.71,3.39,2017,0
38.34,32.78,1.56,3.06,36.67,11.39,19.09,13.15,5.78,2013,0
59.6,24.91,6.08,2.58,45.97,50.72,2.64,1.9,2.81,2013,0
56.6,41.43,2.41,5.23,62.12,32.28,-7.98,3.05,6.28,2013,0
58.2,43.63,-4.85,4.51,66.94,34.13,-8.35,5.69,10.11,2014,0
53.9,33.82,5.45,4.68,45.9,20.28,24.97,2.26,2.79,2011,0
60.92,30.63,3.46,11.08,49.89,30.77,-5.11,6.48,15.11,2014,0
10.92,-46.37,-3.5,59.98,72.55,76.73,-2.9,6.69,1.89,2016,0
10.92,-42.97,-1.23,0.93,74.33,74.12,-0.28,10.23,2.94,2017,0
35.82,-11.38,1.19,5.86,32.52,47.73,4.87,0.72,1.92,2014,0
39.55,-9.04,13.22,6.44,38.63,44.09,6.65,1.16,5.69,2015,0
44.58,-4.41,-1.28,5.7,56.42,51.6,-2.11,2.66,11.32,2017,0
40.53,-5.35,-1.21,5.49,35.5,51.05,6.01,0.92,3.43,2018,0
34.7,-22.78,4.35,6.1,48.53,54.93,12.43,3.76,9.62,2014,0
48.47,31.3,4.55,5.22,48.85,6.1,-2.77,8.79,8.56,2013,0
52.92,30.96,6.96,5.39,49.16,7.41,-2.04,12.83,11.64,2016,0
37.62,13.34,-8.45,4.14,48.29,63.22,16.56,2.76,1.94,2016,0
23.76,-16.13,10.53,7.45,38.36,22.52,6.26,-2.82,-7.17,2018,0
52.25,35.75,7.63,6.39,63.68,20.68,9.99,8.16,11.37,2012,0
55.56,40.11,14.06,7.99,65.41,18.23,6.15,10.05,14.89,2013,0
51.23,37.48,8.54,7.97,57.67,17.47,19.1,7.34,10.16,2014,0
46.09,-10.69,9.31,7.99,39.29,50.21,9.6,0.24,0.75,2014,0
41.21,34.69,8.95,8.51,0.0,15.19,22.85,20.22,19.23,2011,0
51.34,43.07,2.63,3.78,79.91,24.96,16.68,8.54,4.78,2014,0
60.39,55.68,0.25,3.48,78.73,32.56,-7.03,16.67,7.24,2016,0
57.55,53.35,9.69,3.29,76.66,21.39,-2.92,13.68,4.13,2018,0
51.54,25.55,5.8,2.43,51.94,6.79,-1.09,7.97,10.49,2013,0
58.22,40.17,38.81,3.32,49.24,13.55,23.37,25.86,9.13,2013,0
16.33,-16.77,13.67,47.13,54.19,49.0,22.93,3.79,12.57,2015,0
20.56,-15.62,9.83,39.56,60.95,42.18,4.28,5.09,16.58,2016,0
31.98,-10.71,8.45,32.13,70.1,45.69,-7.14,4.45,11.73,2017,0
32.92,-12.45,7.4,29.99,67.1,56.38,5.9,4.78,13.14,2018,0
44.7,-3.87,0.1,8.22,49.89,52.71,1.75,5.78,16.3,2011,0
76.59,70.65,104.22,3.88,63.03,4.54,139.71,23.92,10.07,2016,0
61.87,24.48,-11.56,7.77,71.98,42.52,-23.99,23.4,18.2,2015,0
41.33,21.52,18.34,9.11,38.0,33.31,10.68,6.92,7.96,2018,0
41.93,26.6,11.47,8.88,45.8,44.95,-12.48,12.85,9.84,2015,0
72.55,30.72,7.92,34.07,67.39,5.04,-2.15,4.76,11.08,2015,0
63.13,53.33,10.11,17.19,70.98,17.56,28.49,11.53,12.0,2014,0
32.31,-9.16,25.28,9.06,26.05,59.29,24.0,0.64,2.34,2011,0
30.42,-15.75,3.0,7.93,33.21,43.35,5.47,2.15,7.54,2013,0
31.27,-14.51,5.64,7.77,29.08,40.72,4.35,1.87,6.37,2014,0
28.83,-16.5,11.78,7.5,22.13,36.49,14.05,0.93,3.11,2016,0
33.86,-16.13,4.19,7.17,36.55,46.75,-2.83,2.19,8.92,2018,0
20.21,15.59,9.52,4.2,41.3,42.84,14.35,11.71,3.69,2014,0
17.05,13.25,0.64,4.01,29.35,47.38,3.05,11.61,2.35,2016,0
30.2,4.31,13.89,4.15,44.38,63.98,11.54,7.33,7.68,2013,0
40.83,18.06,-1.51,7.88,34.16,56.28,6.85,2.79,4.31,2018,0
74.33,25.31,-20.78,33.27,60.81,6.18,9.62,6.63,19.93,2018,0
63.71,59.98,0.61,3.43,49.33,15.22,57.9,18.02,6.29,2012,0
54.51,12.77,1.59,4.75,59.61,61.26,0.43,5.03,6.59,2016,0
43.57,-12.6,3.86,10.07,55.69,65.66,6.66,2.17,12.1,2016,0
49.59,-4.58,5.52,7.76,64.78,56.94,1.43,1.71,4.11,2011,0
48.59,13.08,0.97,8.49,39.85,51.67,5.2,-1.38,-2.24,2016,0
60.2,35.69,5.86,10.29,45.88,36.0,-3.14,3.74,10.4,2016,0
32.21,-17.82,11.44,5.18,48.95,57.71,7.52,1.45,2.14,2015,0
26.89,-23.72,9.76,5.11,59.25,61.91,18.38,5.65,9.95,2016,0
11.3,-8.07,12.46,6.16,49.2,44.71,10.17,1.83,3.19,2018,0
75.67,58.86,23.66,3.68,71.83,31.3,97.48,11.0,15.44,2012,0
40.85,34.99,50.74,20.45,84.88,5.26,83.32,10.6,16.75,2016,0
49.61,33.37,1.81,10.03,48.88,23.02,-1.11,8.78,9.18,2014,0
55.74,34.43,8.35,9.48,58.81,21.75,-4.83,14.53,12.93,2015,0
54.58,38.5,8.58,5.55,53.75,28.13,-1.54,7.9,11.71,2013,0
38.59,-19.99,-2.72,11.22,19.63,50.79,17.05,-1.48,-5.36,2011,0
64.08,28.85,-10.42,8.42,56.98,40.79,-7.2,7.29,21.73,2018,0
44.5,30.64,-5.13,2.69,42.03,31.16,12.79,14.35,7.75,2016,0
38.67,33.04,-4.35,3.19,41.48,24.82,5.7,16.34,6.67,2017,0
35.89,-22.73,3.86,6.46,67.32,54.84,-6.67,2.35,8.09,2012,0
21.57,-36.45,3.88,7.96,35.62,44.84,8.88,-8.97,-20.41,2014,0
70.44,59.84,41.75,3.3,39.19,40.06,141.61,16.91,13.63,2017,0
47.04,34.13,13.33,1.69,-2.44,29.19,45.22,-2.5,-1.66,2015,0
63.12,51.96,24.33,3.29,85.04,29.14,156.29,40.9,16.5,2015,0
62.72,43.54,37.17,5.44,59.31,63.28,118.48,17.81,21.01,2013,0
58.04,50.82,8.27,3.82,66.71,8.12,54.16,13.71,9.83,2018,0
69.45,56.25,5.81,17.07,59.09,12.1,51.93,7.97,7.74,2018,0
73.98,38.55,43.9,2.83,32.61,34.17,130.01,6.52,3.17,2018,0
56.56,36.99,14.76,5.49,71.17,17.49,-16.68,10.4,7.6,2016,0
54.38,16.39,66.16,5.51,75.1,29.3,107.87,21.15,39.63,2011,0
40.23,19.4,28.57,7.13,60.74,23.63,119.65,13.38,21.0,2012,0
46.17,28.35,18.9,4.66,56.56,41.2,-0.49,10.25,10.02,2013,0
46.18,33.19,5.53,3.44,64.1,48.38,5.52,12.8,10.91,2014,0
60.45,18.65,-1.07,6.06,52.16,61.75,-4.36,0.09,0.27,2016,0
90.71,81.09,47.66,3.4,18.02,6.81,147.17,23.63,20.73,2011,0
72.29,70.35,54.41,1.7,38.0,0.75,147.87,22.77,8.18,2014,0
55.66,53.52,5.6,2.08,31.13,2.83,68.98,19.67,6.0,2015,0
37.67,-15.56,8.77,3.99,60.1,47.63,1.53,2.34,2.26,2011,0
35.68,-16.1,-2.07,4.02,58.76,47.08,1.06,6.17,4.98,2012,0
48.09,34.59,7.29,3.14,58.72,38.22,-0.2,11.56,11.08,2018,0
65.92,51.52,20.73,6.27,73.31,19.36,-2.48,13.07,11.77,2013,0
69.33,64.3,5.87,5.73,42.82,30.88,61.08,8.76,3.44,2016,0
66.93,62.76,2.1,4.97,-22.94,22.25,-1.84,-0.51,-0.22,2018,0
54.46,13.56,-1.96,4.77,64.15,53.39,-4.66,7.07,15.06,2017,0
57.82,20.82,1.29,5.28,58.25,48.65,-6.18,4.2,8.54,2018,0
16.81,-7.32,2.09,11.75,38.34,23.42,8.27,-3.86,-6.93,2012,0
23.94,-22.47,18.59,9.25,36.63,16.65,8.43,-6.93,-15.8,2013,0
71.6,46.47,42.8,1.61,45.61,21.56,27.09,10.66,10.08,2018,0
79.81,44.65,15.62,7.35,0.0,13.31,101.77,20.62,19.93,2011,0
69.81,44.31,28.07,15.93,57.89,14.9,10.33,12.67,10.06,2014,0
74.91,40.04,8.94,16.23,65.61,0.16,-14.14,5.63,14.21,2018,0
20.34,-5.86,-0.08,6.43,54.04,33.13,10.4,8.25,12.08,2014,0
19.41,-17.4,27.03,5.4,51.34,52.28,24.61,3.46,3.43,2016,0
27.6,-11.79,15.93,7.22,52.83,44.64,4.15,3.16,3.87,2017,0
26.09,-11.6,2.88,10.15,38.21,28.04,5.03,0.16,0.22,2018,0
39.47,8.3,-7.63,12.44,42.97,53.54,6.82,3.45,10.05,2015,0
31.49,1.91,11.66,11.92,33.62,48.32,3.04,1.0,2.34,2018,0
63.56,28.77,3.2,4.52,55.05,56.54,-5.49,-0.04,-0.11,2014,0
39.39,-0.38,15.75,4.23,46.58,34.5,10.78,1.14,2.11,2011,0
38.27,-9.07,11.55,13.54,52.73,42.36,10.95,1.05,4.36,2015,0
27.21,-12.68,6.48,8.54,47.8,44.17,7.14,1.11,1.95,2011,0
26.65,-13.03,1.18,8.02,44.95,39.33,1.95,1.41,2.35,2012,0
28.45,-10.69,7.54,8.06,34.33,39.78,4.9,-2.62,-4.18,2013,0
40.0,2.74,14.11,10.61,41.96,57.46,5.9,3.37,6.68,2017,0
67.17,45.64,14.6,2.58,62.05,23.33,21.24,5.51,6.67,2012,0
75.83,60.78,18.48,4.61,-12.01,32.22,-3.18,-8.83,-5.25,2018,0
46.02,38.37,140.18,3.27,77.24,16.96,180.18,41.16,27.09,2015,0
69.97,15.69,6.24,0.93,-55.74,60.22,24.23,-16.38,-14.7,2012,1
65.62,-1.06,-6.54,14.7,0.0,14.45,-35.37,-53.08,-103.49,2012,1
62.25,54.43,4.18,4.91,35.15,16.86,2.34,9.81,5.78,2017,1
64.93,28.63,-20.5,3.33,0.0,36.01,154.12,-42.41,-51.31,2011,1
34.76,-46.37,-32.48,9.86,-120.01,3.73,23.97,-48.82,-163.9,2011,1
69.1,16.07,18.73,10.07,-15.78,27.3,-18.19,-20.49,-35.94,2018,1
46.55,-30.13,-47.32,12.58,16.28,32.37,27.26,-6.02,-95.83,2014,1
12.66,-46.37,-47.32,39.92,25.21,41.86,-34.52,-3.34,-120.72,2012,1
24.72,23.58,-12.15,3.44,0.0,11.91,-19.47,-183.56,-28.38,2011,1
54.17,-21.49,-22.36,4.61,0.0,76.01,18.47,-38.54,-106.97,2013,1
60.46,6.82,-22.49,7.0,0.0,46.14,-35.21,-26.38,-141.25,2016,1
59.72,-43.55,-47.32,1.24,0.0,141.65,-36.11,-152.41,0.0,2013,1
44.24,-38.04,-33.83,3.77,0.0,46.79,-11.89,-24.61,-112.9,2012,1
30.17,-27.4,-12.46,3.09,0.0,17.29,-4.62,-22.19,-46.17,2012,1
10.92,-46.37,-25.01,59.98,0.0,127.87,-13.98,-74.76,0.0,2013,1
31.77,-46.37,-22.1,5.72,0.0,0.0,-12.04,-44.18,-163.9,2011,1
58.88,-27.58,-26.25,3.96,0.0,84.32,-39.32,-377.34,-163.9,2011,1
34.09,2.35,24.32,2.91,0.0,126.6,64.78,-14.14,-9.89,2011,1
37.41,4.47,2.65,4.38,0.0,52.5,-11.53,-14.33,-17.45,2011,1
47.38,33.64,5.47,2.59,0.0,18.34,15.02,-78.29,-48.71,2016,1
45.91,-46.37,-47.32,5.47,0.0,59.44,-21.2,-141.87,-163.9,2012,1
45.45,2.81,25.46,6.44,36.63,16.67,29.01,5.79,12.83,2016,1
73.84,47.97,30.09,3.45,29.55,5.73,-4.56,15.29,41.89,2015,1
17.65,-46.37,-26.26,3.01,0.0,88.99,-9.36,-89.03,-109.41,2017,1
14.06,-46.37,-38.88,8.36,0.0,101.26,-21.62,-334.65,-163.9,2014,1
75.05,37.66,7.33,10.95,54.15,59.91,20.74,7.06,28.44,2013,1
36.16,-35.38,-33.99,3.01,0.0,57.32,-24.49,-85.24,-119.31,2016,1
28.14,-12.09,-3.56,4.24,-506.25,15.58,79.28,-53.56,-39.82,2018,1
52.04,12.9,-3.79,18.83,0.0,18.94,-36.75,-31.35,-32.45,2017,1
86.8,0.53,-32.12,10.69,-8.01,0.0,-58.53,-15.71,-117.01,2017,1
52.61,46.55,7.11,15.07,30.69,23.31,-15.0,16.37,3.88,2014,1
46.24,-27.33,-16.03,5.98,0.0,20.43,-26.53,-109.33,-154.62,2015,1
12.59,-27.26,-47.32,2.35,0.0,147.47,-39.08,-233.01,-87.01,2013,1
34.43,-42.03,-36.62,0.93,0.0,147.47,-33.99,-357.82,-163.9,2011,1
40.48,29.79,-18.7,1.6,41.8,69.47,262.97,17.16,7.6,2013,1
41.94,-40.62,19.97,6.9,34.79,46.99,-11.77,-24.05,-94.18,2015,1
41.8,23.14,-46.35,1.32,81.01,143.64,-58.53,-47.63,-33.16,2015,1
10.92,-46.37,-47.32,3.93,0.0,147.47,-43.81,-364.41,0.0,2011,1
19.47,-46.37,-5.98,5.39,0.0,8.53,-1.33,-108.29,-163.9,2012,1
20.57,-46.37,-47.32,59.98,0.0,0.0,-47.89,-110.41,-163.9,2012,1
87.17,80.79,13.71,9.35,72.57,7.08,10.29,23.08,19.33,2012,1
74.43,-15.31,-47.32,6.63,0.0,39.18,-46.4,-101.3,-163.9,2016,1
20.65,6.4,-45.37,4.9,0.0,76.51,-26.96,-265.67,-61.07,2011,1
56.04,-39.47,-47.32,1.42,0.0,117.74,-19.25,-139.99,-163.9,2013,1
22.05,16.4,187.78,2.72,0.0,8.23,333.07,-90.64,-29.91,2017,1
63.45,6.13,-45.95,5.2,-39.45,96.08,-58.53,-18.75,-14.8,2018,1
11.13,-11.44,-47.32,0.93,0.0,0.0,-50.42,-377.34,0.0,2011,1
55.79,8.55,-14.98,6.12,-432.76,72.53,7.4,-13.18,-46.16,2011,1
58.48,-46.37,-47.32,3.13,0.0,68.29,-58.53,-111.6,0.0,2011,1
23.35,-46.18,-30.81,5.74,0.0,36.56,-12.11,-65.55,-112.52,2016,1
36.98,20.18,-4.22,2.69,53.71,26.32,-7.83,-7.28,-1.93,2011,1
28.87,-25.89,-14.84,3.09,0.0,61.81,-5.54,-42.21,-48.13,2012,1
47.04,12.92,26.28,0.93,0.0,147.47,29.19,-377.34,-19.88,2011,1
92.89,58.91,2.59,5.9,0.0,16.6,-58.53,-117.93,-14.93,2015,1
72.09,-46.37,-47.32,0.93,0.0,147.47,-58.53,-358.61,-163.9,2014,1
49.07,18.35,0.48,3.13,0.0,63.72,-7.21,-116.19,-24.14,2012,1
82.35,-46.37,-47.32,3.35,0.0,46.96,-58.53,-239.42,0.0,2014,1
35.44,-46.37,-47.32,6.3,0.0,62.59,-58.31,-124.71,0.0,2016,1
52.37,24.04,32.07,6.05,0.0,51.89,14.72,-107.05,-75.43,2017,1
49.13,28.67,-42.39,2.22,0.0,39.5,-42.28,-130.08,-78.71,2016,1
62.12,-22.29,-25.67,6.98,0.0,46.82,-42.36,-53.89,-163.9,2012,1
41.42,-31.54,-44.94,2.35,0.0,107.58,-34.41,-82.97,-163.9,2013,1
77.16,-46.37,-44.68,1.41,0.0,53.03,-32.44,-85.7,0.0,2011,1
88.7,-26.1,-23.05,0.98,0.0,147.47,-58.53,-377.34,-163.9,2012,1
38.06,-12.09,-26.73,3.07,-86.38,54.99,-13.29,-31.46,-32.0,2012,1
44.32,13.94,21.0,50.31,40.89,6.1,18.54,12.42,27.33,2017,1
55.11,-3.82,-32.68,2.42,0.0,80.08,-35.97,-95.07,-163.9,2011,1
44.18,30.61,-19.13,2.3,-42.33,39.44,-24.17,-16.69,-16.66,2015,1
37.09,-22.9,-31.78,59.98,0.0,0.0,-30.48,-58.71,-70.54,2012,1
37.7,1.76,-3.73,18.55,45.38,7.62,-11.68,4.74,14.39,2015,1
80.57,51.45,-23.67,5.68,0.0,24.52,-39.28,-29.87,-60.15,2011,1
41.66,8.65,24.06,7.37,68.64,11.16,5.63,5.0,7.45,2018,1
50.38,37.33,-40.08,59.98,14.37,0.0,-30.58,-31.63,-14.25,2018,1
55.25,24.45,-18.27,19.36,0.0,10.81,-42.07,-193.17,-30.81,2017,1
37.11,11.13,-17.61,3.8,-710.1,26.28,-14.03,-18.55,-21.25,2012,1
52.73,30.99,-5.6,1.5,0.0,117.52,14.35,-16.32,-16.46,2012,1
35.07,-45.13,-43.53,5.18,-41.56,29.63,-50.31,-59.67,-144.58,2014,1
47.07,0.04,4.89,59.98,-710.1,64.18,-15.96,-71.11,-58.68,2015,1
23.24,9.25,-47.32,17.22,0.0,17.71,-58.53,-374.39,-114.31,2011,1
59.2,24.4,-8.66,8.08,23.7,31.23,-2.47,0.31,1.13,2018,1
47.49,32.2,22.99,5.45,-210.95,22.26,-18.58,-36.08,-48.82,2011,1
56.12,0.59,-36.22,3.89,0.0,48.82,-27.65,-72.35,-163.9,2011,1
27.47,-19.31,-30.85,9.61,0.0,29.9,-29.72,-59.55,-82.88,2014,1
30.62,-16.01,-31.93,6.71,0.0,23.85,-38.17,-102.35,-109.69,2013,1
11.74,-15.59,-26.14,9.33,0.0,4.36,-4.78,-62.61,-23.23,2012,1
13.76,-21.31,105.6,20.28,-710.1,0.0,160.14,-45.57,-64.8,2011,1
29.6,-23.43,-44.56,0.93,0.0,52.38,-29.08,-377.34,-133.08,2017,1
11.34,-1.92,-10.45,12.05,0.0,4.98,-1.05,13.37,23.08,2011,1
43.81,29.72,23.8,12.93,85.04,6.14,6.06,19.58,26.44,2011,1
61.89,-4.94,2.71,1.86,-81.36,66.15,7.94,-11.2,-47.95,2014,1
35.2,-46.37,-23.04,3.23,0.0,28.26,16.59,-246.87,-82.45,2018,1
28.74,-46.37,-29.04,3.92,0.0,18.5,-12.18,-41.64,0.0,2011,1
41.19,12.47,15.73,6.32,58.51,19.58,11.33,17.87,25.04,2018,1
31.99,-15.16,-47.32,14.18,0.0,22.21,-47.9,-167.94,-163.9,2011,1
75.91,55.77,42.38,5.25,73.44,12.07,16.95,30.3,42.78,2013,1
27.47,-13.39,-17.38,4.81,0.0,32.8,2.8,-29.09,-122.85,2014,1
43.88,-0.6,6.22,1.27,27.41,75.14,-11.49,-12.14,-8.07,2015,1
47.76,-46.37,-14.35,23.79,-208.96,54.78,-8.82,-26.04,-163.9,2015,1
18.08,-46.37,-37.67,9.74,0.0,58.82,-45.74,-377.34,-163.9,2015,1
10.92,-23.0,47.63,27.09,23.78,23.74,75.27,-31.39,-15.92,2014,1
68.46,-46.37,-33.71,6.13,0.0,124.51,-43.12,-43.93,0.0,2012,1
68.72,7.81,-11.4,3.95,0.0,91.3,-3.05,-2.57,-5.36,2012,1
52.87,7.83,-0.92,4.98,30.93,22.57,-1.05,1.51,4.09,2014,1
51.99,-6.7,8.2,3.35,-208.85,67.98,17.02,-6.67,-16.87,2011,1
61.39,-6.33,70.04,6.4,36.95,68.76,24.35,0.98,7.39,2011,1
64.47,22.08,25.06,3.03,34.89,71.64,-1.03,13.13,20.59,2015,1
50.45,-32.43,104.69,4.94,0.0,42.53,161.57,-89.44,-163.9,2011,1
74.4,39.77,3.45,7.08,-144.36,33.84,-47.37,-114.87,-57.69,2013,1
34.87,-36.19,21.1,6.44,-710.1,44.16,-9.89,-48.9,-62.7,2018,1
42.34,-24.04,-21.47,5.1,0.0,32.91,-13.2,-34.49,-88.07,2017,1
75.66,-46.37,43.87,6.72,0.0,63.25,-52.65,-377.34,0.0,2011,1
47.13,-19.14,-20.14,5.09,0.0,72.86,-32.61,-34.38,-76.76,2011,1
32.6,5.72,-11.14,2.63,-291.99,18.36,11.16,-6.1,-6.05,2015,1
66.78,-17.95,20.08,1.9,0.0,147.47,3.71,-76.73,-163.9,2011,1
65.65,-46.37,-31.22,9.55,0.0,63.26,-31.27,-36.76,0.0,2013,1
79.9,21.29,111.27,4.86,33.79,83.94,24.57,10.9,6.13,2015,1
54.59,-46.37,-47.32,11.74,0.0,147.47,-58.53,-155.15,0.0,2011,1
19.04,-4.47,-46.13,7.74,0.0,94.89,-51.73,-377.34,-163.9,2016,1
49.16,-6.03,-47.32,8.32,0.0,36.02,-57.1,-152.23,-142.65,2011,1
49.73,6.99,-47.32,6.19,0.0,22.01,-58.53,-372.86,-163.9,2011,1
67.07,21.97,-47.32,3.1,0.0,72.97,-39.88,-96.31,-159.53,2011,1
28.31,-46.37,-42.36,3.89,0.0,96.7,-38.67,-69.45,-163.9,2013,1
74.07,17.31,10.21,1.46,61.1,93.18,0.97,9.57,7.19,2011,1
66.78,16.59,53.65,3.22,53.32,84.82,-15.17,5.75,26.29,2016,1
14.94,-13.44,2.19,6.56,77.82,0.0,5.76,0.16,0.38,2014,1
62.73,40.89,-13.44,5.62,11.35,0.0,-34.7,-18.5,-11.78,2015,1
18.14,-9.34,-7.9,4.41,0.0,66.37,88.52,-221.1,-92.22,2014,1
10.92,-46.37,-5.21,25.1,35.71,8.57,-3.5,-30.16,-74.69,2013,1
62.51,-9.96,6.18,3.73,-11.3,17.22,-4.95,-10.01,-54.5,2012,1
57.88,13.17,18.15,11.85,55.83,37.85,28.27,5.07,10.52,2013,1
37.45,-46.37,-47.32,59.98,0.0,147.47,-38.77,-63.17,0.0,2014,1
60.12,-28.45,-7.24,3.59,36.53,147.47,-2.93,-0.97,-11.29,2016,1
14.32,-46.37,-47.32,2.96,0.0,35.88,97.13,-377.34,-163.9,2012,1
48.21,-45.7,-46.18,1.66,0.0,117.47,45.58,-62.75,-137.09,2014,1
71.22,31.93,15.93,3.86,-704.84,41.59,-9.92,-40.47,-38.75,2015,1
92.89,81.09,2.1,2.14,81.48,27.83,-26.6,6.97,6.73,2018,1
63.04,30.28,-39.94,5.34,0.0,24.11,-34.42,-27.57,-48.77,2017,1
53.8,-12.6,-11.5,1.5,0.0,121.1,-12.16,-35.92,-72.17,2017,1
